[0.000000] (-) TimerEvent: {}
[0.000812] (ad_msgs) JobQueued: {'identifier': 'ad_msgs', 'dependencies': OrderedDict()}
[0.000931] (autonomous_driving) JobQueued: {'identifier': 'autonomous_driving', 'dependencies': OrderedDict([('ad_msgs', '/home/subin/subin_ws/ADS_Mission_Normal/install/ad_msgs')])}
[0.000971] (evaluation) JobQueued: {'identifier': 'evaluation', 'dependencies': OrderedDict([('ad_msgs', '/home/subin/subin_ws/ADS_Mission_Normal/install/ad_msgs')])}
[0.001043] (mission_manager) JobQueued: {'identifier': 'mission_manager', 'dependencies': OrderedDict([('ad_msgs', '/home/subin/subin_ws/ADS_Mission_Normal/install/ad_msgs')])}
[0.001122] (simulator) JobQueued: {'identifier': 'simulator', 'dependencies': OrderedDict([('ad_msgs', '/home/subin/subin_ws/ADS_Mission_Normal/install/ad_msgs')])}
[0.001195] (ad_msgs) JobStarted: {'identifier': 'ad_msgs'}
[0.012069] (ad_msgs) JobProgress: {'identifier': 'ad_msgs', 'progress': 'cmake'}
[0.014740] (ad_msgs) Command: {'cmd': ['/usr/bin/cmake', '/home/subin/subin_ws/ADS_Mission_Normal/src/rte/msg/ad_msgs', '-DCMAKE_INSTALL_PREFIX=/home/subin/subin_ws/ADS_Mission_Normal/install/ad_msgs'], 'cwd': '/home/subin/subin_ws/ADS_Mission_Normal/build/ad_msgs', 'env': OrderedDict([('LESSOPEN', '| /usr/bin/lesspipe %s'), ('USER', 'subin'), ('GIT_ASKPASS', '/home/subin/.vscode-server/bin/618725e67565b290ba4da6fe2d29f8fa1d4e3622/extensions/git/dist/askpass.sh'), ('SHLVL', '1'), ('LIBGL_ALWAYS_SOFTWARE', '1'), ('LD_LIBRARY_PATH', '/home/subin/subin_ws/Autonomous_Driving_Software_Final/install/ad_msgs/lib:/home/subin/subin_ws/ADS_Final_MissionHard/install/ad_msgs/lib:/opt/ros/humble/opt/rviz_ogre_vendor/lib:/opt/ros/humble/lib/x86_64-linux-gnu:/opt/ros/humble/lib'), ('MOTD_SHOWN', 'update-motd'), ('HOME', '/home/subin'), ('OLDPWD', '/home/subin/subin_ws'), ('TERM_PROGRAM_VERSION', '1.107.0'), ('VSCODE_IPC_HOOK_CLI', '/run/user/1000/vscode-ipc-f97671c4-95e5-4510-9f32-bda01c3d6561.sock'), ('ROS_PYTHON_VERSION', '3'), ('VSCODE_GIT_ASKPASS_MAIN', '/home/subin/.vscode-server/bin/618725e67565b290ba4da6fe2d29f8fa1d4e3622/extensions/git/dist/askpass-main.js'), ('VSCODE_GIT_ASKPASS_NODE', '/home/subin/.vscode-server/bin/618725e67565b290ba4da6fe2d29f8fa1d4e3622/node'), ('VSCODE_PYTHON_AUTOACTIVATE_GUARD', '1'), ('DBUS_SESSION_BUS_ADDRESS', 'unix:path=/run/user/1000/bus'), ('COLORTERM', 'truecolor'), ('WSL_DISTRO_NAME', 'Ubuntu-22.04'), ('WAYLAND_DISPLAY', 'wayland-0'), ('COLCON_PREFIX_PATH', '/home/subin/subin_ws/Autonomous_Driving_Software_Final/install:/home/subin/subin_ws/ADS_Final_MissionHard/install'), ('ROS_DISTRO', 'humble'), ('LOGNAME', 'subin'), ('NAME', 'GalaxyBook4Pro-427M5'), ('WSL_INTEROP', '/run/WSL/71539_interop'), ('PULSE_SERVER', 'unix:/mnt/wslg/PulseServer'), ('_', '/usr/bin/colcon'), ('ROS_VERSION', '2'), ('TERM', 'xterm-256color'), ('ROS_LOCALHOST_ONLY', '0'), ('PATH', '/home/subin/.vscode-server/data/User/globalStorage/github.copilot-chat/debugCommand:/home/subin/.vscode-server/data/User/globalStorage/github.copilot-chat/copilotCli:/home/subin/.vscode-server/bin/618725e67565b290ba4da6fe2d29f8fa1d4e3622/bin/remote-cli:/opt/ros/humble/bin:/usr/local/sbin:/usr/local/bin:/usr/sbin:/usr/bin:/sbin:/bin:/usr/games:/usr/local/games:/usr/lib/wsl/lib:/mnt/c/Program Files/Microsoft/jdk-17.0.16.8-hotspot/bin:/mnt/c/Program Files/Eclipse Adoptium/jdk-17.0.16.8-hotspot/bin:/mnt/c/Python313/Scripts/:/mnt/c/Python313/:/mnt/c/WINDOWS/system32:/mnt/c/WINDOWS:/mnt/c/WINDOWS/System32/Wbem:/mnt/c/WINDOWS/System32/WindowsPowerShell/v1.0/:/mnt/c/WINDOWS/System32/OpenSSH/:/mnt/c/ProgramData/chocolatey/bin:/mnt/c/Program Files/Docker/Docker/resources/bin:/mnt/c/Program Files (x86)/Windows Kits/10/Windows Performance Toolkit/:/mnt/c/Program Files/Microsoft/jdk-17.0.16.8-hotspot/bin:/mnt/c/Users/soo16/OneDrive/바탕 화면/Graphviz/bin:/mnt/c/:/mnt/c/Users/soo16/AppData/Local/nvm:/mnt/c/nvm4w/nodejs:/mnt/c/Program Files/Git/cmd:/mnt/c/Program Files/MySQL/MySQL Shell 8.0/bin/:/mnt/c/Users/soo16/AppData/Local/Programs/Python/Python312/Scripts/:/mnt/c/Users/soo16/AppData/Local/Programs/Python/Python312/:/mnt/c/Users/soo16/AppData/Local/Microsoft/WindowsApps:/mnt/c/Users/soo16/AppData/Local/afreeca:/mnt/c/Users/soo16/AppData/Local/Programs/Microsoft VS Code/bin:/mnt/c/Users/soo16/AppData/Local/SOOP:/mnt/c/Users/soo16/AppData/Local/GitHubDesktop/bin:/mnt/c/Program Files/Eclipse Adoptium/jdk-17.0.16.8-hotspot/bin:/mnt/c/Users/soo16/AppData/Local/Android/Sdk/platform-tools:/mnt/c/Users/soo16/AppData/Local/nvm:/mnt/c/nvm4w/nodejs:/snap/bin'), ('XDG_RUNTIME_DIR', '/run/user/1000/'), ('DISPLAY', ':0'), ('LANG', 'C.UTF-8'), ('LS_COLORS', 'rs=0:di=01;34:ln=01;36:mh=00:pi=40;33:so=01;35:do=01;35:bd=40;33;01:cd=40;33;01:or=40;31;01:mi=00:su=37;41:sg=30;43:ca=30;41:tw=30;42:ow=34;42:st=37;44:ex=01;32:*.tar=01;31:*.tgz=01;31:*.arc=01;31:*.arj=01;31:*.taz=01;31:*.lha=01;31:*.lz4=01;31:*.lzh=01;31:*.lzma=01;31:*.tlz=01;31:*.txz=01;31:*.tzo=01;31:*.t7z=01;31:*.zip=01;31:*.z=01;31:*.dz=01;31:*.gz=01;31:*.lrz=01;31:*.lz=01;31:*.lzo=01;31:*.xz=01;31:*.zst=01;31:*.tzst=01;31:*.bz2=01;31:*.bz=01;31:*.tbz=01;31:*.tbz2=01;31:*.tz=01;31:*.deb=01;31:*.rpm=01;31:*.jar=01;31:*.war=01;31:*.ear=01;31:*.sar=01;31:*.rar=01;31:*.alz=01;31:*.ace=01;31:*.zoo=01;31:*.cpio=01;31:*.7z=01;31:*.rz=01;31:*.cab=01;31:*.wim=01;31:*.swm=01;31:*.dwm=01;31:*.esd=01;31:*.jpg=01;35:*.jpeg=01;35:*.mjpg=01;35:*.mjpeg=01;35:*.gif=01;35:*.bmp=01;35:*.pbm=01;35:*.pgm=01;35:*.ppm=01;35:*.tga=01;35:*.xbm=01;35:*.xpm=01;35:*.tif=01;35:*.tiff=01;35:*.png=01;35:*.svg=01;35:*.svgz=01;35:*.mng=01;35:*.pcx=01;35:*.mov=01;35:*.mpg=01;35:*.mpeg=01;35:*.m2v=01;35:*.mkv=01;35:*.webm=01;35:*.webp=01;35:*.ogm=01;35:*.mp4=01;35:*.m4v=01;35:*.mp4v=01;35:*.vob=01;35:*.qt=01;35:*.nuv=01;35:*.wmv=01;35:*.asf=01;35:*.rm=01;35:*.rmvb=01;35:*.flc=01;35:*.avi=01;35:*.fli=01;35:*.flv=01;35:*.gl=01;35:*.dl=01;35:*.xcf=01;35:*.xwd=01;35:*.yuv=01;35:*.cgm=01;35:*.emf=01;35:*.ogv=01;35:*.ogx=01;35:*.aac=00;36:*.au=00;36:*.flac=00;36:*.m4a=00;36:*.mid=00;36:*.midi=00;36:*.mka=00;36:*.mp3=00;36:*.mpc=00;36:*.ogg=00;36:*.ra=00;36:*.wav=00;36:*.oga=00;36:*.opus=00;36:*.spx=00;36:*.xspf=00;36:'), ('VSCODE_GIT_IPC_HANDLE', '/run/user/1000/vscode-git-c2f421b98a.sock'), ('TERM_PROGRAM', 'vscode'), ('AMENT_PREFIX_PATH', '/home/subin/subin_ws/Autonomous_Driving_Software_Final/install/simulator:/home/subin/subin_ws/Autonomous_Driving_Software_Final/install/mission_manager:/home/subin/subin_ws/Autonomous_Driving_Software_Final/install/evaluation:/home/subin/subin_ws/Autonomous_Driving_Software_Final/install/autonomous_driving:/home/subin/subin_ws/Autonomous_Driving_Software_Final/install/ad_msgs:/home/subin/subin_ws/ADS_Final_MissionHard/install/simulator:/home/subin/subin_ws/ADS_Final_MissionHard/install/mission_manager:/home/subin/subin_ws/ADS_Final_MissionHard/install/evaluation:/home/subin/subin_ws/ADS_Final_MissionHard/install/autonomous_driving:/home/subin/subin_ws/ADS_Final_MissionHard/install/ad_msgs:/opt/ros/humble'), ('SHELL', '/bin/bash'), ('LESSCLOSE', '/usr/bin/lesspipe %s %s'), ('VSCODE_GIT_ASKPASS_EXTRA_ARGS', ''), ('PWD', '/home/subin/subin_ws/ADS_Mission_Normal/build/ad_msgs'), ('XDG_DATA_DIRS', '/usr/local/share:/usr/share:/var/lib/snapd/desktop'), ('PYTHONPATH', '/home/subin/subin_ws/Autonomous_Driving_Software_Final/install/ad_msgs/local/lib/python3.10/dist-packages:/home/subin/subin_ws/ADS_Final_MissionHard/install/ad_msgs/local/lib/python3.10/dist-packages:/opt/ros/humble/lib/python3.10/site-packages:/opt/ros/humble/local/lib/python3.10/dist-packages'), ('COLCON', '1'), ('WSL2_GUI_APPS_ENABLED', '1'), ('HOSTTYPE', 'x86_64'), ('CMAKE_PREFIX_PATH', '/home/subin/subin_ws/Autonomous_Driving_Software_Final/install/simulator:/home/subin/subin_ws/Autonomous_Driving_Software_Final/install/mission_manager:/home/subin/subin_ws/Autonomous_Driving_Software_Final/install/evaluation:/home/subin/subin_ws/Autonomous_Driving_Software_Final/install/autonomous_driving:/home/subin/subin_ws/Autonomous_Driving_Software_Final/install/ad_msgs:/home/subin/subin_ws/ADS_Final_MissionHard/install/simulator:/home/subin/subin_ws/ADS_Final_MissionHard/install/mission_manager:/home/subin/subin_ws/ADS_Final_MissionHard/install/evaluation:/home/subin/subin_ws/ADS_Final_MissionHard/install/autonomous_driving:/home/subin/subin_ws/ADS_Final_MissionHard/install/ad_msgs:/opt/ros/humble'), ('WSLENV', 'VSCODE_WSL_EXT_LOCATION/up')]), 'shell': False}
[0.098519] (-) TimerEvent: {}
[0.199082] (-) TimerEvent: {}
[0.227924] (ad_msgs) StdoutLine: {'line': b'-- The C compiler identification is GNU 11.4.0\n'}
[0.299266] (-) TimerEvent: {}
[0.399835] (-) TimerEvent: {}
[0.500390] (-) TimerEvent: {}
[0.600820] (-) TimerEvent: {}
[0.701262] (-) TimerEvent: {}
[0.801854] (-) TimerEvent: {}
[0.902331] (-) TimerEvent: {}
[0.957652] (ad_msgs) StdoutLine: {'line': b'-- The CXX compiler identification is GNU 11.4.0\n'}
[1.002539] (-) TimerEvent: {}
[1.103314] (-) TimerEvent: {}
[1.203844] (-) TimerEvent: {}
[1.304429] (-) TimerEvent: {}
[1.404887] (-) TimerEvent: {}
[1.501237] (ad_msgs) StdoutLine: {'line': b'-- Detecting C compiler ABI info\n'}
[1.505051] (-) TimerEvent: {}
[1.605486] (-) TimerEvent: {}
[1.706145] (-) TimerEvent: {}
[1.737181] (ad_msgs) StdoutLine: {'line': b'-- Detecting C compiler ABI info - done\n'}
[1.746490] (ad_msgs) StdoutLine: {'line': b'-- Check for working C compiler: /usr/bin/cc - skipped\n'}
[1.746887] (ad_msgs) StdoutLine: {'line': b'-- Detecting C compile features\n'}
[1.747180] (ad_msgs) StdoutLine: {'line': b'-- Detecting C compile features - done\n'}
[1.749388] (ad_msgs) StdoutLine: {'line': b'-- Detecting CXX compiler ABI info\n'}
[1.806339] (-) TimerEvent: {}
[1.906950] (-) TimerEvent: {}
[1.983528] (ad_msgs) StdoutLine: {'line': b'-- Detecting CXX compiler ABI info - done\n'}
[1.989608] (ad_msgs) StdoutLine: {'line': b'-- Check for working CXX compiler: /usr/bin/c++ - skipped\n'}
[1.989939] (ad_msgs) StdoutLine: {'line': b'-- Detecting CXX compile features\n'}
[1.990968] (ad_msgs) StdoutLine: {'line': b'-- Detecting CXX compile features - done\n'}
[1.993034] (ad_msgs) StdoutLine: {'line': b'-- Found ament_cmake: 1.3.12 (/opt/ros/humble/share/ament_cmake/cmake)\n'}
[2.007136] (-) TimerEvent: {}
[2.107641] (-) TimerEvent: {}
[2.195740] (ad_msgs) StdoutLine: {'line': b'-- Found Python3: /usr/bin/python3 (found version "3.10.12") found components: Interpreter \n'}
[2.207824] (-) TimerEvent: {}
[2.308332] (-) TimerEvent: {}
[2.357065] (ad_msgs) StdoutLine: {'line': b'-- Found rosidl_default_generators: 1.2.0 (/opt/ros/humble/share/rosidl_default_generators/cmake)\n'}
[2.360529] (ad_msgs) StdoutLine: {'line': b'-- Using all available rosidl_typesupport_c: rosidl_typesupport_fastrtps_c;rosidl_typesupport_introspection_c\n'}
[2.366962] (ad_msgs) StdoutLine: {'line': b'-- Found rosidl_adapter: 3.1.7 (/opt/ros/humble/share/rosidl_adapter/cmake)\n'}
[2.408534] (-) TimerEvent: {}
[2.509128] (-) TimerEvent: {}
[2.609673] (-) TimerEvent: {}
[2.618346] (ad_msgs) StdoutLine: {'line': b'-- Using all available rosidl_typesupport_cpp: rosidl_typesupport_fastrtps_cpp;rosidl_typesupport_introspection_cpp\n'}
[2.655969] (ad_msgs) StdoutLine: {'line': b'-- Found std_msgs: 4.9.0 (/opt/ros/humble/share/std_msgs/cmake)\n'}
[2.682517] (ad_msgs) StdoutLine: {'line': b'-- Found geometry_msgs: 4.9.0 (/opt/ros/humble/share/geometry_msgs/cmake)\n'}
[2.697095] (ad_msgs) StdoutLine: {'line': b'-- Found visualization_msgs: 4.9.0 (/opt/ros/humble/share/visualization_msgs/cmake)\n'}
[2.709832] (-) TimerEvent: {}
[2.752528] (ad_msgs) StdoutLine: {'line': b'-- Found nav_msgs: 4.9.0 (/opt/ros/humble/share/nav_msgs/cmake)\n'}
[2.810042] (-) TimerEvent: {}
[2.910653] (-) TimerEvent: {}
[3.011165] (-) TimerEvent: {}
[3.111781] (-) TimerEvent: {}
[3.187704] (ad_msgs) StdoutLine: {'line': b'-- Found ament_cmake_ros: 0.10.0 (/opt/ros/humble/share/ament_cmake_ros/cmake)\n'}
[3.212016] (-) TimerEvent: {}
[3.312746] (-) TimerEvent: {}
[3.413211] (-) TimerEvent: {}
[3.500140] (ad_msgs) StdoutLine: {'line': b'-- Using all available rosidl_typesupport_c: rosidl_typesupport_fastrtps_c;rosidl_typesupport_introspection_c\n'}
[3.513502] (-) TimerEvent: {}
[3.614002] (-) TimerEvent: {}
[3.714468] (-) TimerEvent: {}
[3.815033] (-) TimerEvent: {}
[3.913312] (ad_msgs) StdoutLine: {'line': b'-- Using all available rosidl_typesupport_cpp: rosidl_typesupport_fastrtps_cpp;rosidl_typesupport_introspection_cpp\n'}
[3.915149] (-) TimerEvent: {}
[4.015587] (-) TimerEvent: {}
[4.095028] (ad_msgs) StdoutLine: {'line': b'-- Found PythonInterp: /usr/bin/python3 (found suitable version "3.10.12", minimum required is "3.6") \n'}
[4.095894] (ad_msgs) StdoutLine: {'line': b'-- Found python_cmake_module: 0.10.0 (/opt/ros/humble/share/python_cmake_module/cmake)\n'}
[4.115827] (-) TimerEvent: {}
[4.216192] (-) TimerEvent: {}
[4.316608] (-) TimerEvent: {}
[4.417255] (-) TimerEvent: {}
[4.517744] (-) TimerEvent: {}
[4.618433] (-) TimerEvent: {}
[4.718952] (-) TimerEvent: {}
[4.735413] (ad_msgs) StdoutLine: {'line': b'-- Found PythonLibs: /usr/lib/x86_64-linux-gnu/libpython3.10.so (found suitable version "3.10.12", minimum required is "3.5") \n'}
[4.735736] (ad_msgs) StdoutLine: {'line': b'-- Using PYTHON_EXECUTABLE: /usr/bin/python3\n'}
[4.735813] (ad_msgs) StdoutLine: {'line': b'-- Using PYTHON_INCLUDE_DIRS: /usr/include/python3.10\n'}
[4.735872] (ad_msgs) StdoutLine: {'line': b'-- Using PYTHON_LIBRARIES: /usr/lib/x86_64-linux-gnu/libpython3.10.so\n'}
[4.756384] (ad_msgs) StdoutLine: {'line': b'-- Found PythonExtra: .so  \n'}
[4.819191] (-) TimerEvent: {}
[4.916461] (ad_msgs) StdoutLine: {'line': b'-- Configuring done\n'}
[4.919332] (-) TimerEvent: {}
[4.978609] (ad_msgs) StdoutLine: {'line': b'-- Generating done\n'}
[4.996391] (ad_msgs) StdoutLine: {'line': b'-- Build files have been written to: /home/subin/subin_ws/ADS_Mission_Normal/build/ad_msgs\n'}
[5.007836] (ad_msgs) CommandEnded: {'returncode': 0}
[5.008626] (ad_msgs) JobProgress: {'identifier': 'ad_msgs', 'progress': 'build'}
[5.009970] (ad_msgs) Command: {'cmd': ['/usr/bin/cmake', '--build', '/home/subin/subin_ws/ADS_Mission_Normal/build/ad_msgs', '--', '-j22', '-l22'], 'cwd': '/home/subin/subin_ws/ADS_Mission_Normal/build/ad_msgs', 'env': OrderedDict([('LESSOPEN', '| /usr/bin/lesspipe %s'), ('USER', 'subin'), ('GIT_ASKPASS', '/home/subin/.vscode-server/bin/618725e67565b290ba4da6fe2d29f8fa1d4e3622/extensions/git/dist/askpass.sh'), ('SHLVL', '1'), ('LIBGL_ALWAYS_SOFTWARE', '1'), ('LD_LIBRARY_PATH', '/home/subin/subin_ws/Autonomous_Driving_Software_Final/install/ad_msgs/lib:/home/subin/subin_ws/ADS_Final_MissionHard/install/ad_msgs/lib:/opt/ros/humble/opt/rviz_ogre_vendor/lib:/opt/ros/humble/lib/x86_64-linux-gnu:/opt/ros/humble/lib'), ('MOTD_SHOWN', 'update-motd'), ('HOME', '/home/subin'), ('OLDPWD', '/home/subin/subin_ws'), ('TERM_PROGRAM_VERSION', '1.107.0'), ('VSCODE_IPC_HOOK_CLI', '/run/user/1000/vscode-ipc-f97671c4-95e5-4510-9f32-bda01c3d6561.sock'), ('ROS_PYTHON_VERSION', '3'), ('VSCODE_GIT_ASKPASS_MAIN', '/home/subin/.vscode-server/bin/618725e67565b290ba4da6fe2d29f8fa1d4e3622/extensions/git/dist/askpass-main.js'), ('VSCODE_GIT_ASKPASS_NODE', '/home/subin/.vscode-server/bin/618725e67565b290ba4da6fe2d29f8fa1d4e3622/node'), ('VSCODE_PYTHON_AUTOACTIVATE_GUARD', '1'), ('DBUS_SESSION_BUS_ADDRESS', 'unix:path=/run/user/1000/bus'), ('COLORTERM', 'truecolor'), ('WSL_DISTRO_NAME', 'Ubuntu-22.04'), ('WAYLAND_DISPLAY', 'wayland-0'), ('COLCON_PREFIX_PATH', '/home/subin/subin_ws/Autonomous_Driving_Software_Final/install:/home/subin/subin_ws/ADS_Final_MissionHard/install'), ('ROS_DISTRO', 'humble'), ('LOGNAME', 'subin'), ('NAME', 'GalaxyBook4Pro-427M5'), ('WSL_INTEROP', '/run/WSL/71539_interop'), ('PULSE_SERVER', 'unix:/mnt/wslg/PulseServer'), ('_', '/usr/bin/colcon'), ('ROS_VERSION', '2'), ('TERM', 'xterm-256color'), ('ROS_LOCALHOST_ONLY', '0'), ('PATH', '/home/subin/.vscode-server/data/User/globalStorage/github.copilot-chat/debugCommand:/home/subin/.vscode-server/data/User/globalStorage/github.copilot-chat/copilotCli:/home/subin/.vscode-server/bin/618725e67565b290ba4da6fe2d29f8fa1d4e3622/bin/remote-cli:/opt/ros/humble/bin:/usr/local/sbin:/usr/local/bin:/usr/sbin:/usr/bin:/sbin:/bin:/usr/games:/usr/local/games:/usr/lib/wsl/lib:/mnt/c/Program Files/Microsoft/jdk-17.0.16.8-hotspot/bin:/mnt/c/Program Files/Eclipse Adoptium/jdk-17.0.16.8-hotspot/bin:/mnt/c/Python313/Scripts/:/mnt/c/Python313/:/mnt/c/WINDOWS/system32:/mnt/c/WINDOWS:/mnt/c/WINDOWS/System32/Wbem:/mnt/c/WINDOWS/System32/WindowsPowerShell/v1.0/:/mnt/c/WINDOWS/System32/OpenSSH/:/mnt/c/ProgramData/chocolatey/bin:/mnt/c/Program Files/Docker/Docker/resources/bin:/mnt/c/Program Files (x86)/Windows Kits/10/Windows Performance Toolkit/:/mnt/c/Program Files/Microsoft/jdk-17.0.16.8-hotspot/bin:/mnt/c/Users/soo16/OneDrive/바탕 화면/Graphviz/bin:/mnt/c/:/mnt/c/Users/soo16/AppData/Local/nvm:/mnt/c/nvm4w/nodejs:/mnt/c/Program Files/Git/cmd:/mnt/c/Program Files/MySQL/MySQL Shell 8.0/bin/:/mnt/c/Users/soo16/AppData/Local/Programs/Python/Python312/Scripts/:/mnt/c/Users/soo16/AppData/Local/Programs/Python/Python312/:/mnt/c/Users/soo16/AppData/Local/Microsoft/WindowsApps:/mnt/c/Users/soo16/AppData/Local/afreeca:/mnt/c/Users/soo16/AppData/Local/Programs/Microsoft VS Code/bin:/mnt/c/Users/soo16/AppData/Local/SOOP:/mnt/c/Users/soo16/AppData/Local/GitHubDesktop/bin:/mnt/c/Program Files/Eclipse Adoptium/jdk-17.0.16.8-hotspot/bin:/mnt/c/Users/soo16/AppData/Local/Android/Sdk/platform-tools:/mnt/c/Users/soo16/AppData/Local/nvm:/mnt/c/nvm4w/nodejs:/snap/bin'), ('XDG_RUNTIME_DIR', '/run/user/1000/'), ('DISPLAY', ':0'), ('LANG', 'C.UTF-8'), ('LS_COLORS', 'rs=0:di=01;34:ln=01;36:mh=00:pi=40;33:so=01;35:do=01;35:bd=40;33;01:cd=40;33;01:or=40;31;01:mi=00:su=37;41:sg=30;43:ca=30;41:tw=30;42:ow=34;42:st=37;44:ex=01;32:*.tar=01;31:*.tgz=01;31:*.arc=01;31:*.arj=01;31:*.taz=01;31:*.lha=01;31:*.lz4=01;31:*.lzh=01;31:*.lzma=01;31:*.tlz=01;31:*.txz=01;31:*.tzo=01;31:*.t7z=01;31:*.zip=01;31:*.z=01;31:*.dz=01;31:*.gz=01;31:*.lrz=01;31:*.lz=01;31:*.lzo=01;31:*.xz=01;31:*.zst=01;31:*.tzst=01;31:*.bz2=01;31:*.bz=01;31:*.tbz=01;31:*.tbz2=01;31:*.tz=01;31:*.deb=01;31:*.rpm=01;31:*.jar=01;31:*.war=01;31:*.ear=01;31:*.sar=01;31:*.rar=01;31:*.alz=01;31:*.ace=01;31:*.zoo=01;31:*.cpio=01;31:*.7z=01;31:*.rz=01;31:*.cab=01;31:*.wim=01;31:*.swm=01;31:*.dwm=01;31:*.esd=01;31:*.jpg=01;35:*.jpeg=01;35:*.mjpg=01;35:*.mjpeg=01;35:*.gif=01;35:*.bmp=01;35:*.pbm=01;35:*.pgm=01;35:*.ppm=01;35:*.tga=01;35:*.xbm=01;35:*.xpm=01;35:*.tif=01;35:*.tiff=01;35:*.png=01;35:*.svg=01;35:*.svgz=01;35:*.mng=01;35:*.pcx=01;35:*.mov=01;35:*.mpg=01;35:*.mpeg=01;35:*.m2v=01;35:*.mkv=01;35:*.webm=01;35:*.webp=01;35:*.ogm=01;35:*.mp4=01;35:*.m4v=01;35:*.mp4v=01;35:*.vob=01;35:*.qt=01;35:*.nuv=01;35:*.wmv=01;35:*.asf=01;35:*.rm=01;35:*.rmvb=01;35:*.flc=01;35:*.avi=01;35:*.fli=01;35:*.flv=01;35:*.gl=01;35:*.dl=01;35:*.xcf=01;35:*.xwd=01;35:*.yuv=01;35:*.cgm=01;35:*.emf=01;35:*.ogv=01;35:*.ogx=01;35:*.aac=00;36:*.au=00;36:*.flac=00;36:*.m4a=00;36:*.mid=00;36:*.midi=00;36:*.mka=00;36:*.mp3=00;36:*.mpc=00;36:*.ogg=00;36:*.ra=00;36:*.wav=00;36:*.oga=00;36:*.opus=00;36:*.spx=00;36:*.xspf=00;36:'), ('VSCODE_GIT_IPC_HANDLE', '/run/user/1000/vscode-git-c2f421b98a.sock'), ('TERM_PROGRAM', 'vscode'), ('AMENT_PREFIX_PATH', '/home/subin/subin_ws/Autonomous_Driving_Software_Final/install/simulator:/home/subin/subin_ws/Autonomous_Driving_Software_Final/install/mission_manager:/home/subin/subin_ws/Autonomous_Driving_Software_Final/install/evaluation:/home/subin/subin_ws/Autonomous_Driving_Software_Final/install/autonomous_driving:/home/subin/subin_ws/Autonomous_Driving_Software_Final/install/ad_msgs:/home/subin/subin_ws/ADS_Final_MissionHard/install/simulator:/home/subin/subin_ws/ADS_Final_MissionHard/install/mission_manager:/home/subin/subin_ws/ADS_Final_MissionHard/install/evaluation:/home/subin/subin_ws/ADS_Final_MissionHard/install/autonomous_driving:/home/subin/subin_ws/ADS_Final_MissionHard/install/ad_msgs:/opt/ros/humble'), ('SHELL', '/bin/bash'), ('LESSCLOSE', '/usr/bin/lesspipe %s %s'), ('VSCODE_GIT_ASKPASS_EXTRA_ARGS', ''), ('PWD', '/home/subin/subin_ws/ADS_Mission_Normal/build/ad_msgs'), ('XDG_DATA_DIRS', '/usr/local/share:/usr/share:/var/lib/snapd/desktop'), ('PYTHONPATH', '/home/subin/subin_ws/Autonomous_Driving_Software_Final/install/ad_msgs/local/lib/python3.10/dist-packages:/home/subin/subin_ws/ADS_Final_MissionHard/install/ad_msgs/local/lib/python3.10/dist-packages:/opt/ros/humble/lib/python3.10/site-packages:/opt/ros/humble/local/lib/python3.10/dist-packages'), ('COLCON', '1'), ('WSL2_GUI_APPS_ENABLED', '1'), ('HOSTTYPE', 'x86_64'), ('CMAKE_PREFIX_PATH', '/home/subin/subin_ws/Autonomous_Driving_Software_Final/install/simulator:/home/subin/subin_ws/Autonomous_Driving_Software_Final/install/mission_manager:/home/subin/subin_ws/Autonomous_Driving_Software_Final/install/evaluation:/home/subin/subin_ws/Autonomous_Driving_Software_Final/install/autonomous_driving:/home/subin/subin_ws/Autonomous_Driving_Software_Final/install/ad_msgs:/home/subin/subin_ws/ADS_Final_MissionHard/install/simulator:/home/subin/subin_ws/ADS_Final_MissionHard/install/mission_manager:/home/subin/subin_ws/ADS_Final_MissionHard/install/evaluation:/home/subin/subin_ws/ADS_Final_MissionHard/install/autonomous_driving:/home/subin/subin_ws/ADS_Final_MissionHard/install/ad_msgs:/opt/ros/humble'), ('WSLENV', 'VSCODE_WSL_EXT_LOCATION/up')]), 'shell': False}
[5.019510] (-) TimerEvent: {}
[5.048956] (ad_msgs) StdoutLine: {'line': b'[  1%] \x1b[34m\x1b[1mGenerating C code for ROS interfaces\x1b[0m\n'}
[5.059648] (ad_msgs) StdoutLine: {'line': b'[  1%] \x1b[34m\x1b[1mGenerating C++ code for ROS interfaces\x1b[0m\n'}
[5.065725] (ad_msgs) StdoutLine: {'line': b'[  1%] Built target ament_cmake_python_copy_ad_msgs\n'}
[5.119755] (-) TimerEvent: {}
[5.220110] (-) TimerEvent: {}
[5.310980] (ad_msgs) StdoutLine: {'line': b'running egg_info\n'}
[5.312034] (ad_msgs) StdoutLine: {'line': b'creating ad_msgs.egg-info\n'}
[5.312789] (ad_msgs) StdoutLine: {'line': b'writing ad_msgs.egg-info/PKG-INFO\n'}
[5.312866] (ad_msgs) StdoutLine: {'line': b'writing dependency_links to ad_msgs.egg-info/dependency_links.txt\n'}
[5.313306] (ad_msgs) StdoutLine: {'line': b'writing top-level names to ad_msgs.egg-info/top_level.txt\n'}
[5.313488] (ad_msgs) StdoutLine: {'line': b"writing manifest file 'ad_msgs.egg-info/SOURCES.txt'\n"}
[5.316471] (ad_msgs) StdoutLine: {'line': b"reading manifest file 'ad_msgs.egg-info/SOURCES.txt'\n"}
[5.317120] (ad_msgs) StdoutLine: {'line': b"writing manifest file 'ad_msgs.egg-info/SOURCES.txt'\n"}
[5.320329] (-) TimerEvent: {}
[5.351728] (ad_msgs) StdoutLine: {'line': b'[  1%] Built target ament_cmake_python_build_ad_msgs_egg\n'}
[5.420486] (-) TimerEvent: {}
[5.520904] (-) TimerEvent: {}
[5.621325] (-) TimerEvent: {}
[5.721857] (-) TimerEvent: {}
[5.741586] (ad_msgs) StdoutLine: {'line': b'[  1%] Built target ad_msgs__cpp\n'}
[5.756586] (ad_msgs) StdoutLine: {'line': b'[  2%] \x1b[34m\x1b[1mGenerating C++ type support for eProsima Fast-RTPS\x1b[0m\n'}
[5.757063] (ad_msgs) StdoutLine: {'line': b'[  3%] \x1b[34m\x1b[1mGenerating C++ type support dispatch for ROS interfaces\x1b[0m\n'}
[5.763681] (ad_msgs) StdoutLine: {'line': b'[  4%] \x1b[34m\x1b[1mGenerating C++ introspection for ROS interfaces\x1b[0m\n'}
[5.790677] (ad_msgs) StdoutLine: {'line': b'[  5%] \x1b[32mBuilding C object CMakeFiles/ad_msgs__rosidl_generator_c.dir/rosidl_generator_c/ad_msgs/msg/detail/vehicle_command__functions.c.o\x1b[0m\n'}
[5.791208] (ad_msgs) StdoutLine: {'line': b'[  6%] \x1b[32mBuilding C object CMakeFiles/ad_msgs__rosidl_generator_c.dir/rosidl_generator_c/ad_msgs/msg/detail/polyfit_lane_data__functions.c.o\x1b[0m\n'}
[5.792284] (ad_msgs) StdoutLine: {'line': b'[  8%] \x1b[32mBuilding C object CMakeFiles/ad_msgs__rosidl_generator_c.dir/rosidl_generator_c/ad_msgs/msg/detail/mission__functions.c.o\x1b[0m\n'}
[5.792656] (ad_msgs) StdoutLine: {'line': b'[  9%] \x1b[32mBuilding C object CMakeFiles/ad_msgs__rosidl_generator_c.dir/rosidl_generator_c/ad_msgs/msg/detail/mission_region__functions.c.o\x1b[0m\n'}
[5.792756] (ad_msgs) StdoutLine: {'line': b'[  8%] \x1b[32mBuilding C object CMakeFiles/ad_msgs__rosidl_generator_c.dir/rosidl_generator_c/ad_msgs/msg/detail/vehicle_state__functions.c.o\x1b[0m\n'}
[5.792986] (ad_msgs) StdoutLine: {'line': b'[ 11%] \x1b[32mBuilding C object CMakeFiles/ad_msgs__rosidl_generator_c.dir/rosidl_generator_c/ad_msgs/msg/detail/mission_object__functions.c.o\x1b[0m\n'}
[5.793106] (ad_msgs) StdoutLine: {'line': b'[ 11%] \x1b[32mBuilding C object CMakeFiles/ad_msgs__rosidl_generator_c.dir/rosidl_generator_c/ad_msgs/msg/detail/mission_display__functions.c.o\x1b[0m\n'}
[5.793873] (ad_msgs) StdoutLine: {'line': b'[ 12%] \x1b[32mBuilding C object CMakeFiles/ad_msgs__rosidl_generator_c.dir/rosidl_generator_c/ad_msgs/msg/detail/lane_point_data__functions.c.o\x1b[0m\n'}
[5.794621] (ad_msgs) StdoutLine: {'line': b'[ 13%] \x1b[32mBuilding C object CMakeFiles/ad_msgs__rosidl_generator_c.dir/rosidl_generator_c/ad_msgs/msg/detail/lane_point_data_array__functions.c.o\x1b[0m\n'}
[5.800434] (ad_msgs) StdoutLine: {'line': b'[ 14%] \x1b[32mBuilding C object CMakeFiles/ad_msgs__rosidl_generator_c.dir/rosidl_generator_c/ad_msgs/msg/detail/polyfit_lane_data_array__functions.c.o\x1b[0m\n'}
[5.822087] (-) TimerEvent: {}
[5.871272] (ad_msgs) StdoutLine: {'line': b'[ 15%] \x1b[32m\x1b[1mLinking C shared library libad_msgs__rosidl_generator_c.so\x1b[0m\n'}
[5.922281] (-) TimerEvent: {}
[6.022655] (-) TimerEvent: {}
[6.072535] (ad_msgs) StdoutLine: {'line': b'[ 15%] Built target ad_msgs__rosidl_generator_c\n'}
[6.083913] (ad_msgs) StdoutLine: {'line': b'[ 16%] \x1b[34m\x1b[1mGenerating C introspection for ROS interfaces\x1b[0m\n'}
[6.084219] (ad_msgs) StdoutLine: {'line': b'[ 17%] \x1b[34m\x1b[1mGenerating C type support for eProsima Fast-RTPS\x1b[0m\n'}
[6.085628] (ad_msgs) StdoutLine: {'line': b'[ 18%] \x1b[34m\x1b[1mGenerating C type support dispatch for ROS interfaces\x1b[0m\n'}
[6.122926] (-) TimerEvent: {}
[6.221242] (ad_msgs) StdoutLine: {'line': b'[ 19%] \x1b[32mBuilding CXX object CMakeFiles/ad_msgs__rosidl_typesupport_cpp.dir/rosidl_typesupport_cpp/ad_msgs/msg/mission__type_support.cpp.o\x1b[0m\n'}
[6.221658] (ad_msgs) StdoutLine: {'line': b'[ 20%] \x1b[32mBuilding CXX object CMakeFiles/ad_msgs__rosidl_typesupport_cpp.dir/rosidl_typesupport_cpp/ad_msgs/msg/mission_region__type_support.cpp.o\x1b[0m\n'}
[6.221801] (ad_msgs) StdoutLine: {'line': b'[ 22%] \x1b[32mBuilding CXX object CMakeFiles/ad_msgs__rosidl_typesupport_cpp.dir/rosidl_typesupport_cpp/ad_msgs/msg/polyfit_lane_data__type_support.cpp.o\x1b[0m\n'}
[6.222142] (ad_msgs) StdoutLine: {'line': b'[ 22%] \x1b[32mBuilding CXX object CMakeFiles/ad_msgs__rosidl_typesupport_cpp.dir/rosidl_typesupport_cpp/ad_msgs/msg/vehicle_command__type_support.cpp.o\x1b[0m\n'}
[6.222989] (ad_msgs) StdoutLine: {'line': b'[ 23%] \x1b[32mBuilding CXX object CMakeFiles/ad_msgs__rosidl_typesupport_cpp.dir/rosidl_typesupport_cpp/ad_msgs/msg/polyfit_lane_data_array__type_support.cpp.o\x1b[0m\n'}
[6.223204] (-) TimerEvent: {}
[6.223426] (ad_msgs) StdoutLine: {'line': b'[ 24%] \x1b[32mBuilding CXX object CMakeFiles/ad_msgs__rosidl_typesupport_cpp.dir/rosidl_typesupport_cpp/ad_msgs/msg/mission_display__type_support.cpp.o\x1b[0m\n'}
[6.223829] (ad_msgs) StdoutLine: {'line': b'[ 25%] \x1b[32mBuilding CXX object CMakeFiles/ad_msgs__rosidl_typesupport_cpp.dir/rosidl_typesupport_cpp/ad_msgs/msg/lane_point_data_array__type_support.cpp.o\x1b[0m\n'}
[6.224575] (ad_msgs) StdoutLine: {'line': b'[ 26%] \x1b[32mBuilding CXX object CMakeFiles/ad_msgs__rosidl_typesupport_cpp.dir/rosidl_typesupport_cpp/ad_msgs/msg/vehicle_state__type_support.cpp.o\x1b[0m\n'}
[6.226287] (ad_msgs) StdoutLine: {'line': b'[ 27%] \x1b[32mBuilding CXX object CMakeFiles/ad_msgs__rosidl_typesupport_cpp.dir/rosidl_typesupport_cpp/ad_msgs/msg/mission_object__type_support.cpp.o\x1b[0m\n'}
[6.226517] (ad_msgs) StdoutLine: {'line': b'[ 28%] \x1b[32mBuilding CXX object CMakeFiles/ad_msgs__rosidl_typesupport_cpp.dir/rosidl_typesupport_cpp/ad_msgs/msg/lane_point_data__type_support.cpp.o\x1b[0m\n'}
[6.323347] (-) TimerEvent: {}
[6.425148] (-) TimerEvent: {}
[6.530311] (-) TimerEvent: {}
[6.630753] (-) TimerEvent: {}
[6.632818] (ad_msgs) StdoutLine: {'line': b'[ 29%] \x1b[32mBuilding CXX object CMakeFiles/ad_msgs__rosidl_typesupport_introspection_cpp.dir/rosidl_typesupport_introspection_cpp/ad_msgs/msg/detail/vehicle_state__type_support.cpp.o\x1b[0m\n'}
[6.633072] (ad_msgs) StdoutLine: {'line': b'[ 30%] \x1b[32mBuilding CXX object CMakeFiles/ad_msgs__rosidl_typesupport_introspection_cpp.dir/rosidl_typesupport_introspection_cpp/ad_msgs/msg/detail/mission__type_support.cpp.o\x1b[0m\n'}
[6.633322] (ad_msgs) StdoutLine: {'line': b'[ 31%] \x1b[32mBuilding CXX object CMakeFiles/ad_msgs__rosidl_typesupport_introspection_cpp.dir/rosidl_typesupport_introspection_cpp/ad_msgs/msg/detail/mission_object__type_support.cpp.o\x1b[0m\n'}
[6.634075] (ad_msgs) StdoutLine: {'line': b'[ 32%] \x1b[32mBuilding CXX object CMakeFiles/ad_msgs__rosidl_typesupport_introspection_cpp.dir/rosidl_typesupport_introspection_cpp/ad_msgs/msg/detail/vehicle_command__type_support.cpp.o\x1b[0m\n'}
[6.642430] (ad_msgs) StdoutLine: {'line': b'[ 33%] \x1b[32mBuilding CXX object CMakeFiles/ad_msgs__rosidl_typesupport_fastrtps_cpp.dir/rosidl_typesupport_fastrtps_cpp/ad_msgs/msg/detail/dds_fastrtps/vehicle_command__type_support.cpp.o\x1b[0m\n'}
[6.642672] (ad_msgs) StdoutLine: {'line': b'[ 34%] \x1b[32mBuilding CXX object CMakeFiles/ad_msgs__rosidl_typesupport_introspection_cpp.dir/rosidl_typesupport_introspection_cpp/ad_msgs/msg/detail/mission_display__type_support.cpp.o\x1b[0m\n'}
[6.644802] (ad_msgs) StdoutLine: {'line': b'[ 35%] \x1b[32mBuilding CXX object CMakeFiles/ad_msgs__rosidl_typesupport_introspection_cpp.dir/rosidl_typesupport_introspection_cpp/ad_msgs/msg/detail/lane_point_data_array__type_support.cpp.o\x1b[0m\n'}
[6.645311] (ad_msgs) StdoutLine: {'line': b'[ 36%] \x1b[32mBuilding CXX object CMakeFiles/ad_msgs__rosidl_typesupport_introspection_cpp.dir/rosidl_typesupport_introspection_cpp/ad_msgs/msg/detail/mission_region__type_support.cpp.o\x1b[0m\n'}
[6.652882] (ad_msgs) StdoutLine: {'line': b'[ 38%] \x1b[32mBuilding CXX object CMakeFiles/ad_msgs__rosidl_typesupport_introspection_cpp.dir/rosidl_typesupport_introspection_cpp/ad_msgs/msg/detail/lane_point_data__type_support.cpp.o\x1b[0m\n'}
[6.653102] (ad_msgs) StdoutLine: {'line': b'[ 38%] \x1b[32mBuilding CXX object CMakeFiles/ad_msgs__rosidl_typesupport_introspection_cpp.dir/rosidl_typesupport_introspection_cpp/ad_msgs/msg/detail/polyfit_lane_data__type_support.cpp.o\x1b[0m\n'}
[6.654076] (ad_msgs) StdoutLine: {'line': b'[ 39%] \x1b[32mBuilding CXX object CMakeFiles/ad_msgs__rosidl_typesupport_fastrtps_cpp.dir/rosidl_typesupport_fastrtps_cpp/ad_msgs/msg/detail/dds_fastrtps/mission_object__type_support.cpp.o\x1b[0m\n'}
[6.655052] (ad_msgs) StdoutLine: {'line': b'[ 40%] \x1b[32mBuilding CXX object CMakeFiles/ad_msgs__rosidl_typesupport_fastrtps_cpp.dir/rosidl_typesupport_fastrtps_cpp/ad_msgs/msg/detail/dds_fastrtps/vehicle_state__type_support.cpp.o\x1b[0m\n'}
[6.655605] (ad_msgs) StdoutLine: {'line': b'[ 41%] \x1b[32mBuilding CXX object CMakeFiles/ad_msgs__rosidl_typesupport_introspection_cpp.dir/rosidl_typesupport_introspection_cpp/ad_msgs/msg/detail/polyfit_lane_data_array__type_support.cpp.o\x1b[0m\n'}
[6.659517] (ad_msgs) StdoutLine: {'line': b'[ 41%] \x1b[32mBuilding CXX object CMakeFiles/ad_msgs__rosidl_typesupport_fastrtps_cpp.dir/rosidl_typesupport_fastrtps_cpp/ad_msgs/msg/detail/dds_fastrtps/mission__type_support.cpp.o\x1b[0m\n'}
[6.694293] (ad_msgs) StdoutLine: {'line': b'[ 42%] \x1b[32mBuilding CXX object CMakeFiles/ad_msgs__rosidl_typesupport_fastrtps_cpp.dir/rosidl_typesupport_fastrtps_cpp/ad_msgs/msg/detail/dds_fastrtps/mission_region__type_support.cpp.o\x1b[0m\n'}
[6.730897] (-) TimerEvent: {}
[6.754275] (ad_msgs) StdoutLine: {'line': b'[ 43%] \x1b[32mBuilding CXX object CMakeFiles/ad_msgs__rosidl_typesupport_fastrtps_cpp.dir/rosidl_typesupport_fastrtps_cpp/ad_msgs/msg/detail/dds_fastrtps/mission_display__type_support.cpp.o\x1b[0m\n'}
[6.809933] (ad_msgs) StdoutLine: {'line': b'[ 44%] \x1b[32mBuilding CXX object CMakeFiles/ad_msgs__rosidl_typesupport_fastrtps_cpp.dir/rosidl_typesupport_fastrtps_cpp/ad_msgs/msg/detail/dds_fastrtps/polyfit_lane_data__type_support.cpp.o\x1b[0m\n'}
[6.836368] (-) TimerEvent: {}
[6.882371] (ad_msgs) StdoutLine: {'line': b'[ 45%] \x1b[32mBuilding CXX object CMakeFiles/ad_msgs__rosidl_typesupport_fastrtps_cpp.dir/rosidl_typesupport_fastrtps_cpp/ad_msgs/msg/detail/dds_fastrtps/lane_point_data__type_support.cpp.o\x1b[0m\n'}
[6.936559] (-) TimerEvent: {}
[7.010510] (ad_msgs) StdoutLine: {'line': b'[ 46%] \x1b[32m\x1b[1mLinking CXX shared library libad_msgs__rosidl_typesupport_cpp.so\x1b[0m\n'}
[7.036731] (-) TimerEvent: {}
[7.131220] (ad_msgs) StdoutLine: {'line': b'[ 47%] \x1b[32mBuilding CXX object CMakeFiles/ad_msgs__rosidl_typesupport_c.dir/rosidl_typesupport_c/ad_msgs/msg/vehicle_state__type_support.cpp.o\x1b[0m\n'}
[7.142526] (-) TimerEvent: {}
[7.224778] (ad_msgs) StdoutLine: {'line': b'[ 48%] \x1b[32mBuilding CXX object CMakeFiles/ad_msgs__rosidl_typesupport_c.dir/rosidl_typesupport_c/ad_msgs/msg/vehicle_command__type_support.cpp.o\x1b[0m\n'}
[7.242699] (-) TimerEvent: {}
[7.333636] (ad_msgs) StdoutLine: {'line': b'[ 49%] \x1b[32mBuilding CXX object CMakeFiles/ad_msgs__rosidl_typesupport_c.dir/rosidl_typesupport_c/ad_msgs/msg/mission__type_support.cpp.o\x1b[0m\n'}
[7.342862] (-) TimerEvent: {}
[7.397277] (ad_msgs) StdoutLine: {'line': b'[ 50%] \x1b[32mBuilding CXX object CMakeFiles/ad_msgs__rosidl_typesupport_c.dir/rosidl_typesupport_c/ad_msgs/msg/mission_object__type_support.cpp.o\x1b[0m\n'}
[7.408786] (ad_msgs) StdoutLine: {'line': b'[ 50%] Built target ad_msgs__rosidl_typesupport_cpp\n'}
[7.417466] (ad_msgs) StdoutLine: {'line': b'[ 51%] \x1b[32mBuilding CXX object CMakeFiles/ad_msgs__rosidl_typesupport_c.dir/rosidl_typesupport_c/ad_msgs/msg/mission_display__type_support.cpp.o\x1b[0m\n'}
[7.424070] (ad_msgs) StdoutLine: {'line': b'[ 52%] \x1b[32mBuilding CXX object CMakeFiles/ad_msgs__rosidl_typesupport_c.dir/rosidl_typesupport_c/ad_msgs/msg/mission_region__type_support.cpp.o\x1b[0m\n'}
[7.442373] (ad_msgs) StdoutLine: {'line': b'[ 54%] \x1b[32mBuilding CXX object CMakeFiles/ad_msgs__rosidl_typesupport_fastrtps_cpp.dir/rosidl_typesupport_fastrtps_cpp/ad_msgs/msg/detail/dds_fastrtps/polyfit_lane_data_array__type_support.cpp.o\x1b[0m\n'}
[7.442849] (ad_msgs) StdoutLine: {'line': b'[ 54%] \x1b[32mBuilding CXX object CMakeFiles/ad_msgs__rosidl_typesupport_fastrtps_cpp.dir/rosidl_typesupport_fastrtps_cpp/ad_msgs/msg/detail/dds_fastrtps/lane_point_data_array__type_support.cpp.o\x1b[0m\n'}
[7.442981] (-) TimerEvent: {}
[7.443421] (ad_msgs) StdoutLine: {'line': b'[ 55%] \x1b[32mBuilding CXX object CMakeFiles/ad_msgs__rosidl_typesupport_c.dir/rosidl_typesupport_c/ad_msgs/msg/polyfit_lane_data__type_support.cpp.o\x1b[0m\n'}
[7.457465] (ad_msgs) StdoutLine: {'line': b'[ 56%] \x1b[32mBuilding CXX object CMakeFiles/ad_msgs__rosidl_typesupport_fastrtps_c.dir/rosidl_typesupport_fastrtps_c/ad_msgs/msg/detail/vehicle_state__type_support_c.cpp.o\x1b[0m\n'}
[7.458569] (ad_msgs) StdoutLine: {'line': b'[ 56%] \x1b[32mBuilding CXX object CMakeFiles/ad_msgs__rosidl_typesupport_c.dir/rosidl_typesupport_c/ad_msgs/msg/lane_point_data_array__type_support.cpp.o\x1b[0m\n'}
[7.469067] (ad_msgs) StdoutLine: {'line': b'[ 57%] \x1b[32mBuilding CXX object CMakeFiles/ad_msgs__rosidl_typesupport_c.dir/rosidl_typesupport_c/ad_msgs/msg/lane_point_data__type_support.cpp.o\x1b[0m\n'}
[7.487852] (ad_msgs) StdoutLine: {'line': b'[ 58%] \x1b[32mBuilding C object CMakeFiles/ad_msgs__rosidl_typesupport_introspection_c.dir/rosidl_typesupport_introspection_c/ad_msgs/msg/detail/vehicle_state__type_support.c.o\x1b[0m\n'}
[7.516372] (ad_msgs) StdoutLine: {'line': b'[ 59%] \x1b[32mBuilding CXX object CMakeFiles/ad_msgs__rosidl_typesupport_fastrtps_c.dir/rosidl_typesupport_fastrtps_c/ad_msgs/msg/detail/vehicle_command__type_support_c.cpp.o\x1b[0m\n'}
[7.523028] (ad_msgs) StdoutLine: {'line': b'[ 60%] \x1b[32mBuilding CXX object CMakeFiles/ad_msgs__rosidl_typesupport_fastrtps_c.dir/rosidl_typesupport_fastrtps_c/ad_msgs/msg/detail/mission__type_support_c.cpp.o\x1b[0m\n'}
[7.523390] (ad_msgs) StdoutLine: {'line': b'[ 61%] \x1b[32mBuilding CXX object CMakeFiles/ad_msgs__rosidl_typesupport_c.dir/rosidl_typesupport_c/ad_msgs/msg/polyfit_lane_data_array__type_support.cpp.o\x1b[0m\n'}
[7.540240] (ad_msgs) StdoutLine: {'line': b'[ 62%] \x1b[32mBuilding C object CMakeFiles/ad_msgs__rosidl_typesupport_introspection_c.dir/rosidl_typesupport_introspection_c/ad_msgs/msg/detail/vehicle_command__type_support.c.o\x1b[0m\n'}
[7.543198] (-) TimerEvent: {}
[7.547647] (ad_msgs) StdoutLine: {'line': b'[ 63%] \x1b[32mBuilding C object CMakeFiles/ad_msgs__rosidl_typesupport_introspection_c.dir/rosidl_typesupport_introspection_c/ad_msgs/msg/detail/mission__type_support.c.o\x1b[0m\n'}
[7.553874] (ad_msgs) StdoutLine: {'line': b'[ 64%] \x1b[32mBuilding CXX object CMakeFiles/ad_msgs__rosidl_typesupport_fastrtps_c.dir/rosidl_typesupport_fastrtps_c/ad_msgs/msg/detail/mission_object__type_support_c.cpp.o\x1b[0m\n'}
[7.573817] (ad_msgs) StdoutLine: {'line': b'[ 65%] \x1b[32mBuilding CXX object CMakeFiles/ad_msgs__rosidl_typesupport_fastrtps_c.dir/rosidl_typesupport_fastrtps_c/ad_msgs/msg/detail/mission_display__type_support_c.cpp.o\x1b[0m\n'}
[7.580330] (ad_msgs) StdoutLine: {'line': b'[ 66%] \x1b[32mBuilding CXX object CMakeFiles/ad_msgs__rosidl_typesupport_fastrtps_c.dir/rosidl_typesupport_fastrtps_c/ad_msgs/msg/detail/mission_region__type_support_c.cpp.o\x1b[0m\n'}
[7.587970] (ad_msgs) StdoutLine: {'line': b'[ 67%] \x1b[32mBuilding C object CMakeFiles/ad_msgs__rosidl_typesupport_introspection_c.dir/rosidl_typesupport_introspection_c/ad_msgs/msg/detail/mission_object__type_support.c.o\x1b[0m\n'}
[7.599348] (ad_msgs) StdoutLine: {'line': b'[ 68%] \x1b[32mBuilding C object CMakeFiles/ad_msgs__rosidl_typesupport_introspection_c.dir/rosidl_typesupport_introspection_c/ad_msgs/msg/detail/mission_region__type_support.c.o\x1b[0m\n'}
[7.607221] (ad_msgs) StdoutLine: {'line': b'[ 69%] \x1b[32m\x1b[1mLinking CXX shared library libad_msgs__rosidl_typesupport_c.so\x1b[0m\n'}
[7.624142] (ad_msgs) StdoutLine: {'line': b'[ 70%] \x1b[32mBuilding C object CMakeFiles/ad_msgs__rosidl_typesupport_introspection_c.dir/rosidl_typesupport_introspection_c/ad_msgs/msg/detail/mission_display__type_support.c.o\x1b[0m\n'}
[7.628569] (ad_msgs) StdoutLine: {'line': b'[ 71%] \x1b[32mBuilding CXX object CMakeFiles/ad_msgs__rosidl_typesupport_fastrtps_c.dir/rosidl_typesupport_fastrtps_c/ad_msgs/msg/detail/polyfit_lane_data__type_support_c.cpp.o\x1b[0m\n'}
[7.647289] (-) TimerEvent: {}
[7.647951] (ad_msgs) StdoutLine: {'line': b'[ 72%] \x1b[32mBuilding CXX object CMakeFiles/ad_msgs__rosidl_typesupport_fastrtps_c.dir/rosidl_typesupport_fastrtps_c/ad_msgs/msg/detail/lane_point_data__type_support_c.cpp.o\x1b[0m\n'}
[7.655158] (ad_msgs) StdoutLine: {'line': b'[ 73%] \x1b[32mBuilding C object CMakeFiles/ad_msgs__rosidl_typesupport_introspection_c.dir/rosidl_typesupport_introspection_c/ad_msgs/msg/detail/polyfit_lane_data__type_support.c.o\x1b[0m\n'}
[7.668674] (ad_msgs) StdoutLine: {'line': b'[ 74%] \x1b[32mBuilding C object CMakeFiles/ad_msgs__rosidl_typesupport_introspection_c.dir/rosidl_typesupport_introspection_c/ad_msgs/msg/detail/lane_point_data__type_support.c.o\x1b[0m\n'}
[7.681225] (ad_msgs) StdoutLine: {'line': b'[ 75%] \x1b[32mBuilding C object CMakeFiles/ad_msgs__rosidl_typesupport_introspection_c.dir/rosidl_typesupport_introspection_c/ad_msgs/msg/detail/lane_point_data_array__type_support.c.o\x1b[0m\n'}
[7.685294] (ad_msgs) StdoutLine: {'line': b'[ 76%] \x1b[32mBuilding CXX object CMakeFiles/ad_msgs__rosidl_typesupport_fastrtps_c.dir/rosidl_typesupport_fastrtps_c/ad_msgs/msg/detail/lane_point_data_array__type_support_c.cpp.o\x1b[0m\n'}
[7.695650] (ad_msgs) StdoutLine: {'line': b'[ 77%] \x1b[32mBuilding CXX object CMakeFiles/ad_msgs__rosidl_typesupport_fastrtps_c.dir/rosidl_typesupport_fastrtps_c/ad_msgs/msg/detail/polyfit_lane_data_array__type_support_c.cpp.o\x1b[0m\n'}
[7.735441] (ad_msgs) StdoutLine: {'line': b'[ 78%] \x1b[32mBuilding C object CMakeFiles/ad_msgs__rosidl_typesupport_introspection_c.dir/rosidl_typesupport_introspection_c/ad_msgs/msg/detail/polyfit_lane_data_array__type_support.c.o\x1b[0m\n'}
[7.750340] (-) TimerEvent: {}
[7.810895] (ad_msgs) StdoutLine: {'line': b'[ 79%] \x1b[32m\x1b[1mLinking C shared library libad_msgs__rosidl_typesupport_introspection_c.so\x1b[0m\n'}
[7.850505] (-) TimerEvent: {}
[7.954373] (-) TimerEvent: {}
[7.985396] (ad_msgs) StdoutLine: {'line': b'[ 79%] Built target ad_msgs__rosidl_typesupport_c\n'}
[8.036494] (ad_msgs) StdoutLine: {'line': b'[ 80%] \x1b[32m\x1b[1mLinking CXX shared library libad_msgs__rosidl_typesupport_introspection_cpp.so\x1b[0m\n'}
[8.054569] (-) TimerEvent: {}
[8.126184] (ad_msgs) StdoutLine: {'line': b'[ 80%] Built target ad_msgs__rosidl_typesupport_introspection_c\n'}
[8.154732] (-) TimerEvent: {}
[8.236471] (ad_msgs) StdoutLine: {'line': b'[ 81%] \x1b[32m\x1b[1mLinking CXX shared library libad_msgs__rosidl_typesupport_fastrtps_cpp.so\x1b[0m\n'}
[8.254876] (-) TimerEvent: {}
[8.311362] (ad_msgs) StdoutLine: {'line': b'[ 82%] \x1b[32m\x1b[1mLinking CXX shared library libad_msgs__rosidl_typesupport_fastrtps_c.so\x1b[0m\n'}
[8.334877] (ad_msgs) StdoutLine: {'line': b'[ 82%] Built target ad_msgs__rosidl_typesupport_introspection_cpp\n'}
[8.355064] (-) TimerEvent: {}
[8.455604] (-) TimerEvent: {}
[8.483536] (ad_msgs) StdoutLine: {'line': b'[ 82%] Built target ad_msgs__rosidl_typesupport_fastrtps_cpp\n'}
[8.535417] (ad_msgs) StdoutLine: {'line': b'[ 82%] Built target ad_msgs__rosidl_typesupport_fastrtps_c\n'}
[8.555833] (-) TimerEvent: {}
[8.560679] (ad_msgs) StdoutLine: {'line': b'[ 82%] Built target ad_msgs\n'}
[8.582804] (ad_msgs) StdoutLine: {'line': b'[ 83%] \x1b[34m\x1b[1mGenerating Python code for ROS interfaces\x1b[0m\n'}
[8.656229] (-) TimerEvent: {}
[8.756673] (-) TimerEvent: {}
[8.857064] (-) TimerEvent: {}
[8.957473] (-) TimerEvent: {}
[9.057901] (-) TimerEvent: {}
[9.158454] (-) TimerEvent: {}
[9.258896] (-) TimerEvent: {}
[9.359306] (-) TimerEvent: {}
[9.459796] (-) TimerEvent: {}
[9.523645] (ad_msgs) StdoutLine: {'line': b'[ 83%] Built target ad_msgs__py\n'}
[9.542893] (ad_msgs) StdoutLine: {'line': b'[ 84%] \x1b[32mBuilding C object CMakeFiles/ad_msgs__rosidl_generator_py.dir/rosidl_generator_py/ad_msgs/msg/_mission_region_s.c.o\x1b[0m\n'}
[9.543131] (ad_msgs) StdoutLine: {'line': b'[ 85%] \x1b[32mBuilding C object CMakeFiles/ad_msgs__rosidl_generator_py.dir/rosidl_generator_py/ad_msgs/msg/_mission_object_s.c.o\x1b[0m\n'}
[9.545410] (ad_msgs) StdoutLine: {'line': b'[ 87%] \x1b[32mBuilding C object CMakeFiles/ad_msgs__rosidl_generator_py.dir/rosidl_generator_py/ad_msgs/msg/_mission_display_s.c.o\x1b[0m\n'}
[9.545686] (ad_msgs) StdoutLine: {'line': b'[ 87%] \x1b[32mBuilding C object CMakeFiles/ad_msgs__rosidl_generator_py.dir/rosidl_generator_py/ad_msgs/msg/_vehicle_command_s.c.o\x1b[0m\n'}
[9.545795] (ad_msgs) StdoutLine: {'line': b'[ 88%] \x1b[32mBuilding C object CMakeFiles/ad_msgs__rosidl_generator_py.dir/rosidl_generator_py/ad_msgs/msg/_vehicle_state_s.c.o\x1b[0m\n'}
[9.547209] (ad_msgs) StdoutLine: {'line': b'[ 89%] \x1b[32mBuilding C object CMakeFiles/ad_msgs__rosidl_generator_py.dir/rosidl_generator_py/ad_msgs/msg/_mission_s.c.o\x1b[0m\n'}
[9.547484] (ad_msgs) StdoutLine: {'line': b'[ 90%] \x1b[32mBuilding C object CMakeFiles/ad_msgs__rosidl_generator_py.dir/rosidl_generator_py/ad_msgs/msg/_polyfit_lane_data_s.c.o\x1b[0m\n'}
[9.548129] (ad_msgs) StdoutLine: {'line': b'[ 91%] \x1b[32mBuilding C object CMakeFiles/ad_msgs__rosidl_generator_py.dir/rosidl_generator_py/ad_msgs/msg/_lane_point_data_array_s.c.o\x1b[0m\n'}
[9.550114] (ad_msgs) StdoutLine: {'line': b'[ 92%] \x1b[32mBuilding C object CMakeFiles/ad_msgs__rosidl_generator_py.dir/rosidl_generator_py/ad_msgs/msg/_lane_point_data_s.c.o\x1b[0m\n'}
[9.551376] (ad_msgs) StdoutLine: {'line': b'[ 93%] \x1b[32mBuilding C object CMakeFiles/ad_msgs__rosidl_generator_py.dir/rosidl_generator_py/ad_msgs/msg/_polyfit_lane_data_array_s.c.o\x1b[0m\n'}
[9.560047] (-) TimerEvent: {}
[9.660743] (-) TimerEvent: {}
[9.690381] (ad_msgs) StdoutLine: {'line': b'[ 94%] \x1b[32m\x1b[1mLinking C shared library rosidl_generator_py/ad_msgs/libad_msgs__rosidl_generator_py.so\x1b[0m\n'}
[9.760884] (-) TimerEvent: {}
[9.861286] (-) TimerEvent: {}
[9.871179] (ad_msgs) StdoutLine: {'line': b'[ 94%] Built target ad_msgs__rosidl_generator_py\n'}
[9.888703] (ad_msgs) StdoutLine: {'line': b'[ 95%] \x1b[32mBuilding C object CMakeFiles/ad_msgs__rosidl_typesupport_introspection_c__pyext.dir/rosidl_generator_py/ad_msgs/_ad_msgs_s.ep.rosidl_typesupport_introspection_c.c.o\x1b[0m\n'}
[9.889348] (ad_msgs) StdoutLine: {'line': b'[ 96%] \x1b[32mBuilding C object CMakeFiles/ad_msgs__rosidl_typesupport_fastrtps_c__pyext.dir/rosidl_generator_py/ad_msgs/_ad_msgs_s.ep.rosidl_typesupport_fastrtps_c.c.o\x1b[0m\n'}
[9.890375] (ad_msgs) StdoutLine: {'line': b'[ 97%] \x1b[32mBuilding C object CMakeFiles/ad_msgs__rosidl_typesupport_c__pyext.dir/rosidl_generator_py/ad_msgs/_ad_msgs_s.ep.rosidl_typesupport_c.c.o\x1b[0m\n'}
[9.961510] (-) TimerEvent: {}
[10.000265] (ad_msgs) StdoutLine: {'line': b'[ 98%] \x1b[32m\x1b[1mLinking C shared library rosidl_generator_py/ad_msgs/ad_msgs_s__rosidl_typesupport_c.cpython-310-x86_64-linux-gnu.so\x1b[0m\n'}
[10.010390] (ad_msgs) StdoutLine: {'line': b'[ 99%] \x1b[32m\x1b[1mLinking C shared library rosidl_generator_py/ad_msgs/ad_msgs_s__rosidl_typesupport_introspection_c.cpython-310-x86_64-linux-gnu.so\x1b[0m\n'}
[10.019910] (ad_msgs) StdoutLine: {'line': b'[100%] \x1b[32m\x1b[1mLinking C shared library rosidl_generator_py/ad_msgs/ad_msgs_s__rosidl_typesupport_fastrtps_c.cpython-310-x86_64-linux-gnu.so\x1b[0m\n'}
[10.061705] (-) TimerEvent: {}
[10.162269] (-) TimerEvent: {}
[10.173618] (ad_msgs) StdoutLine: {'line': b'[100%] Built target ad_msgs__rosidl_typesupport_introspection_c__pyext\n'}
[10.183876] (ad_msgs) StdoutLine: {'line': b'[100%] Built target ad_msgs__rosidl_typesupport_c__pyext\n'}
[10.204411] (ad_msgs) StdoutLine: {'line': b'[100%] Built target ad_msgs__rosidl_typesupport_fastrtps_c__pyext\n'}
[10.216014] (ad_msgs) CommandEnded: {'returncode': 0}
[10.216888] (ad_msgs) JobProgress: {'identifier': 'ad_msgs', 'progress': 'install'}
[10.225057] (ad_msgs) Command: {'cmd': ['/usr/bin/cmake', '--install', '/home/subin/subin_ws/ADS_Mission_Normal/build/ad_msgs'], 'cwd': '/home/subin/subin_ws/ADS_Mission_Normal/build/ad_msgs', 'env': OrderedDict([('LESSOPEN', '| /usr/bin/lesspipe %s'), ('USER', 'subin'), ('GIT_ASKPASS', '/home/subin/.vscode-server/bin/618725e67565b290ba4da6fe2d29f8fa1d4e3622/extensions/git/dist/askpass.sh'), ('SHLVL', '1'), ('LIBGL_ALWAYS_SOFTWARE', '1'), ('LD_LIBRARY_PATH', '/home/subin/subin_ws/Autonomous_Driving_Software_Final/install/ad_msgs/lib:/home/subin/subin_ws/ADS_Final_MissionHard/install/ad_msgs/lib:/opt/ros/humble/opt/rviz_ogre_vendor/lib:/opt/ros/humble/lib/x86_64-linux-gnu:/opt/ros/humble/lib'), ('MOTD_SHOWN', 'update-motd'), ('HOME', '/home/subin'), ('OLDPWD', '/home/subin/subin_ws'), ('TERM_PROGRAM_VERSION', '1.107.0'), ('VSCODE_IPC_HOOK_CLI', '/run/user/1000/vscode-ipc-f97671c4-95e5-4510-9f32-bda01c3d6561.sock'), ('ROS_PYTHON_VERSION', '3'), ('VSCODE_GIT_ASKPASS_MAIN', '/home/subin/.vscode-server/bin/618725e67565b290ba4da6fe2d29f8fa1d4e3622/extensions/git/dist/askpass-main.js'), ('VSCODE_GIT_ASKPASS_NODE', '/home/subin/.vscode-server/bin/618725e67565b290ba4da6fe2d29f8fa1d4e3622/node'), ('VSCODE_PYTHON_AUTOACTIVATE_GUARD', '1'), ('DBUS_SESSION_BUS_ADDRESS', 'unix:path=/run/user/1000/bus'), ('COLORTERM', 'truecolor'), ('WSL_DISTRO_NAME', 'Ubuntu-22.04'), ('WAYLAND_DISPLAY', 'wayland-0'), ('COLCON_PREFIX_PATH', '/home/subin/subin_ws/Autonomous_Driving_Software_Final/install:/home/subin/subin_ws/ADS_Final_MissionHard/install'), ('ROS_DISTRO', 'humble'), ('LOGNAME', 'subin'), ('NAME', 'GalaxyBook4Pro-427M5'), ('WSL_INTEROP', '/run/WSL/71539_interop'), ('PULSE_SERVER', 'unix:/mnt/wslg/PulseServer'), ('_', '/usr/bin/colcon'), ('ROS_VERSION', '2'), ('TERM', 'xterm-256color'), ('ROS_LOCALHOST_ONLY', '0'), ('PATH', '/home/subin/.vscode-server/data/User/globalStorage/github.copilot-chat/debugCommand:/home/subin/.vscode-server/data/User/globalStorage/github.copilot-chat/copilotCli:/home/subin/.vscode-server/bin/618725e67565b290ba4da6fe2d29f8fa1d4e3622/bin/remote-cli:/opt/ros/humble/bin:/usr/local/sbin:/usr/local/bin:/usr/sbin:/usr/bin:/sbin:/bin:/usr/games:/usr/local/games:/usr/lib/wsl/lib:/mnt/c/Program Files/Microsoft/jdk-17.0.16.8-hotspot/bin:/mnt/c/Program Files/Eclipse Adoptium/jdk-17.0.16.8-hotspot/bin:/mnt/c/Python313/Scripts/:/mnt/c/Python313/:/mnt/c/WINDOWS/system32:/mnt/c/WINDOWS:/mnt/c/WINDOWS/System32/Wbem:/mnt/c/WINDOWS/System32/WindowsPowerShell/v1.0/:/mnt/c/WINDOWS/System32/OpenSSH/:/mnt/c/ProgramData/chocolatey/bin:/mnt/c/Program Files/Docker/Docker/resources/bin:/mnt/c/Program Files (x86)/Windows Kits/10/Windows Performance Toolkit/:/mnt/c/Program Files/Microsoft/jdk-17.0.16.8-hotspot/bin:/mnt/c/Users/soo16/OneDrive/바탕 화면/Graphviz/bin:/mnt/c/:/mnt/c/Users/soo16/AppData/Local/nvm:/mnt/c/nvm4w/nodejs:/mnt/c/Program Files/Git/cmd:/mnt/c/Program Files/MySQL/MySQL Shell 8.0/bin/:/mnt/c/Users/soo16/AppData/Local/Programs/Python/Python312/Scripts/:/mnt/c/Users/soo16/AppData/Local/Programs/Python/Python312/:/mnt/c/Users/soo16/AppData/Local/Microsoft/WindowsApps:/mnt/c/Users/soo16/AppData/Local/afreeca:/mnt/c/Users/soo16/AppData/Local/Programs/Microsoft VS Code/bin:/mnt/c/Users/soo16/AppData/Local/SOOP:/mnt/c/Users/soo16/AppData/Local/GitHubDesktop/bin:/mnt/c/Program Files/Eclipse Adoptium/jdk-17.0.16.8-hotspot/bin:/mnt/c/Users/soo16/AppData/Local/Android/Sdk/platform-tools:/mnt/c/Users/soo16/AppData/Local/nvm:/mnt/c/nvm4w/nodejs:/snap/bin'), ('XDG_RUNTIME_DIR', '/run/user/1000/'), ('DISPLAY', ':0'), ('LANG', 'C.UTF-8'), ('LS_COLORS', 'rs=0:di=01;34:ln=01;36:mh=00:pi=40;33:so=01;35:do=01;35:bd=40;33;01:cd=40;33;01:or=40;31;01:mi=00:su=37;41:sg=30;43:ca=30;41:tw=30;42:ow=34;42:st=37;44:ex=01;32:*.tar=01;31:*.tgz=01;31:*.arc=01;31:*.arj=01;31:*.taz=01;31:*.lha=01;31:*.lz4=01;31:*.lzh=01;31:*.lzma=01;31:*.tlz=01;31:*.txz=01;31:*.tzo=01;31:*.t7z=01;31:*.zip=01;31:*.z=01;31:*.dz=01;31:*.gz=01;31:*.lrz=01;31:*.lz=01;31:*.lzo=01;31:*.xz=01;31:*.zst=01;31:*.tzst=01;31:*.bz2=01;31:*.bz=01;31:*.tbz=01;31:*.tbz2=01;31:*.tz=01;31:*.deb=01;31:*.rpm=01;31:*.jar=01;31:*.war=01;31:*.ear=01;31:*.sar=01;31:*.rar=01;31:*.alz=01;31:*.ace=01;31:*.zoo=01;31:*.cpio=01;31:*.7z=01;31:*.rz=01;31:*.cab=01;31:*.wim=01;31:*.swm=01;31:*.dwm=01;31:*.esd=01;31:*.jpg=01;35:*.jpeg=01;35:*.mjpg=01;35:*.mjpeg=01;35:*.gif=01;35:*.bmp=01;35:*.pbm=01;35:*.pgm=01;35:*.ppm=01;35:*.tga=01;35:*.xbm=01;35:*.xpm=01;35:*.tif=01;35:*.tiff=01;35:*.png=01;35:*.svg=01;35:*.svgz=01;35:*.mng=01;35:*.pcx=01;35:*.mov=01;35:*.mpg=01;35:*.mpeg=01;35:*.m2v=01;35:*.mkv=01;35:*.webm=01;35:*.webp=01;35:*.ogm=01;35:*.mp4=01;35:*.m4v=01;35:*.mp4v=01;35:*.vob=01;35:*.qt=01;35:*.nuv=01;35:*.wmv=01;35:*.asf=01;35:*.rm=01;35:*.rmvb=01;35:*.flc=01;35:*.avi=01;35:*.fli=01;35:*.flv=01;35:*.gl=01;35:*.dl=01;35:*.xcf=01;35:*.xwd=01;35:*.yuv=01;35:*.cgm=01;35:*.emf=01;35:*.ogv=01;35:*.ogx=01;35:*.aac=00;36:*.au=00;36:*.flac=00;36:*.m4a=00;36:*.mid=00;36:*.midi=00;36:*.mka=00;36:*.mp3=00;36:*.mpc=00;36:*.ogg=00;36:*.ra=00;36:*.wav=00;36:*.oga=00;36:*.opus=00;36:*.spx=00;36:*.xspf=00;36:'), ('VSCODE_GIT_IPC_HANDLE', '/run/user/1000/vscode-git-c2f421b98a.sock'), ('TERM_PROGRAM', 'vscode'), ('AMENT_PREFIX_PATH', '/home/subin/subin_ws/Autonomous_Driving_Software_Final/install/simulator:/home/subin/subin_ws/Autonomous_Driving_Software_Final/install/mission_manager:/home/subin/subin_ws/Autonomous_Driving_Software_Final/install/evaluation:/home/subin/subin_ws/Autonomous_Driving_Software_Final/install/autonomous_driving:/home/subin/subin_ws/Autonomous_Driving_Software_Final/install/ad_msgs:/home/subin/subin_ws/ADS_Final_MissionHard/install/simulator:/home/subin/subin_ws/ADS_Final_MissionHard/install/mission_manager:/home/subin/subin_ws/ADS_Final_MissionHard/install/evaluation:/home/subin/subin_ws/ADS_Final_MissionHard/install/autonomous_driving:/home/subin/subin_ws/ADS_Final_MissionHard/install/ad_msgs:/opt/ros/humble'), ('SHELL', '/bin/bash'), ('LESSCLOSE', '/usr/bin/lesspipe %s %s'), ('VSCODE_GIT_ASKPASS_EXTRA_ARGS', ''), ('PWD', '/home/subin/subin_ws/ADS_Mission_Normal/build/ad_msgs'), ('XDG_DATA_DIRS', '/usr/local/share:/usr/share:/var/lib/snapd/desktop'), ('PYTHONPATH', '/home/subin/subin_ws/Autonomous_Driving_Software_Final/install/ad_msgs/local/lib/python3.10/dist-packages:/home/subin/subin_ws/ADS_Final_MissionHard/install/ad_msgs/local/lib/python3.10/dist-packages:/opt/ros/humble/lib/python3.10/site-packages:/opt/ros/humble/local/lib/python3.10/dist-packages'), ('COLCON', '1'), ('WSL2_GUI_APPS_ENABLED', '1'), ('HOSTTYPE', 'x86_64'), ('CMAKE_PREFIX_PATH', '/home/subin/subin_ws/Autonomous_Driving_Software_Final/install/simulator:/home/subin/subin_ws/Autonomous_Driving_Software_Final/install/mission_manager:/home/subin/subin_ws/Autonomous_Driving_Software_Final/install/evaluation:/home/subin/subin_ws/Autonomous_Driving_Software_Final/install/autonomous_driving:/home/subin/subin_ws/Autonomous_Driving_Software_Final/install/ad_msgs:/home/subin/subin_ws/ADS_Final_MissionHard/install/simulator:/home/subin/subin_ws/ADS_Final_MissionHard/install/mission_manager:/home/subin/subin_ws/ADS_Final_MissionHard/install/evaluation:/home/subin/subin_ws/ADS_Final_MissionHard/install/autonomous_driving:/home/subin/subin_ws/ADS_Final_MissionHard/install/ad_msgs:/opt/ros/humble'), ('WSLENV', 'VSCODE_WSL_EXT_LOCATION/up')]), 'shell': False}
[10.235396] (ad_msgs) StdoutLine: {'line': b'-- Install configuration: ""\n'}
[10.236888] (ad_msgs) StdoutLine: {'line': b'-- Installing: /home/subin/subin_ws/ADS_Mission_Normal/install/ad_msgs/share/ament_index/resource_index/rosidl_interfaces/ad_msgs\n'}
[10.237093] (ad_msgs) StdoutLine: {'line': b'-- Installing: /home/subin/subin_ws/ADS_Mission_Normal/install/ad_msgs/include/ad_msgs/ad_msgs\n'}
[10.237637] (ad_msgs) StdoutLine: {'line': b'-- Installing: /home/subin/subin_ws/ADS_Mission_Normal/install/ad_msgs/include/ad_msgs/ad_msgs/msg\n'}
[10.237937] (ad_msgs) StdoutLine: {'line': b'-- Installing: /home/subin/subin_ws/ADS_Mission_Normal/install/ad_msgs/include/ad_msgs/ad_msgs/msg/vehicle_command.h\n'}
[10.238098] (ad_msgs) StdoutLine: {'line': b'-- Installing: /home/subin/subin_ws/ADS_Mission_Normal/install/ad_msgs/include/ad_msgs/ad_msgs/msg/mission_display.h\n'}
[10.238265] (ad_msgs) StdoutLine: {'line': b'-- Installing: /home/subin/subin_ws/ADS_Mission_Normal/install/ad_msgs/include/ad_msgs/ad_msgs/msg/lane_point_data_array.h\n'}
[10.238450] (ad_msgs) StdoutLine: {'line': b'-- Installing: /home/subin/subin_ws/ADS_Mission_Normal/install/ad_msgs/include/ad_msgs/ad_msgs/msg/mission.h\n'}
[10.238577] (ad_msgs) StdoutLine: {'line': b'-- Installing: /home/subin/subin_ws/ADS_Mission_Normal/install/ad_msgs/include/ad_msgs/ad_msgs/msg/lane_point_data.h\n'}
[10.238755] (ad_msgs) StdoutLine: {'line': b'-- Installing: /home/subin/subin_ws/ADS_Mission_Normal/install/ad_msgs/include/ad_msgs/ad_msgs/msg/detail\n'}
[10.239157] (ad_msgs) StdoutLine: {'line': b'-- Installing: /home/subin/subin_ws/ADS_Mission_Normal/install/ad_msgs/include/ad_msgs/ad_msgs/msg/detail/mission_object__type_support.h\n'}
[10.239292] (ad_msgs) StdoutLine: {'line': b'-- Installing: /home/subin/subin_ws/ADS_Mission_Normal/install/ad_msgs/include/ad_msgs/ad_msgs/msg/detail/vehicle_command__functions.h\n'}
[10.239548] (ad_msgs) StdoutLine: {'line': b'-- Installing: /home/subin/subin_ws/ADS_Mission_Normal/install/ad_msgs/include/ad_msgs/ad_msgs/msg/detail/lane_point_data__struct.h\n'}
[10.239769] (ad_msgs) StdoutLine: {'line': b'-- Installing: /home/subin/subin_ws/ADS_Mission_Normal/install/ad_msgs/include/ad_msgs/ad_msgs/msg/detail/mission_display__type_support.h\n'}
[10.239908] (ad_msgs) StdoutLine: {'line': b'-- Installing: /home/subin/subin_ws/ADS_Mission_Normal/install/ad_msgs/include/ad_msgs/ad_msgs/msg/detail/vehicle_state__struct.h\n'}
[10.240076] (ad_msgs) StdoutLine: {'line': b'-- Installing: /home/subin/subin_ws/ADS_Mission_Normal/install/ad_msgs/include/ad_msgs/ad_msgs/msg/detail/lane_point_data__type_support.h\n'}
[10.240133] (ad_msgs) StdoutLine: {'line': b'-- Installing: /home/subin/subin_ws/ADS_Mission_Normal/install/ad_msgs/include/ad_msgs/ad_msgs/msg/detail/lane_point_data_array__type_support.h\n'}
[10.240277] (ad_msgs) StdoutLine: {'line': b'-- Installing: /home/subin/subin_ws/ADS_Mission_Normal/install/ad_msgs/include/ad_msgs/ad_msgs/msg/detail/vehicle_state__type_support.h\n'}
[10.240428] (ad_msgs) StdoutLine: {'line': b'-- Installing: /home/subin/subin_ws/ADS_Mission_Normal/install/ad_msgs/include/ad_msgs/ad_msgs/msg/detail/polyfit_lane_data__struct.h\n'}
[10.240581] (ad_msgs) StdoutLine: {'line': b'-- Installing: /home/subin/subin_ws/ADS_Mission_Normal/install/ad_msgs/include/ad_msgs/ad_msgs/msg/detail/lane_point_data__functions.c\n'}
[10.240715] (ad_msgs) StdoutLine: {'line': b'-- Installing: /home/subin/subin_ws/ADS_Mission_Normal/install/ad_msgs/include/ad_msgs/ad_msgs/msg/detail/vehicle_state__functions.h\n'}
[10.240748] (ad_msgs) StdoutLine: {'line': b'-- Installing: /home/subin/subin_ws/ADS_Mission_Normal/install/ad_msgs/include/ad_msgs/ad_msgs/msg/detail/mission_region__struct.h\n'}
[10.240781] (ad_msgs) StdoutLine: {'line': b'-- Installing: /home/subin/subin_ws/ADS_Mission_Normal/install/ad_msgs/include/ad_msgs/ad_msgs/msg/detail/mission_object__functions.c\n'}
[10.240810] (ad_msgs) StdoutLine: {'line': b'-- Installing: /home/subin/subin_ws/ADS_Mission_Normal/install/ad_msgs/include/ad_msgs/ad_msgs/msg/detail/polyfit_lane_data_array__struct.h\n'}
[10.240967] (ad_msgs) StdoutLine: {'line': b'-- Installing: /home/subin/subin_ws/ADS_Mission_Normal/install/ad_msgs/include/ad_msgs/ad_msgs/msg/detail/mission_display__struct.h\n'}
[10.241160] (ad_msgs) StdoutLine: {'line': b'-- Installing: /home/subin/subin_ws/ADS_Mission_Normal/install/ad_msgs/include/ad_msgs/ad_msgs/msg/detail/lane_point_data_array__functions.h\n'}
[10.241320] (ad_msgs) StdoutLine: {'line': b'-- Installing: /home/subin/subin_ws/ADS_Mission_Normal/install/ad_msgs/include/ad_msgs/ad_msgs/msg/detail/polyfit_lane_data__type_support.h\n'}
[10.241541] (ad_msgs) StdoutLine: {'line': b'-- Installing: /home/subin/subin_ws/ADS_Mission_Normal/install/ad_msgs/include/ad_msgs/ad_msgs/msg/detail/polyfit_lane_data_array__functions.c\n'}
[10.241809] (ad_msgs) StdoutLine: {'line': b'-- Installing: /home/subin/subin_ws/ADS_Mission_Normal/install/ad_msgs/include/ad_msgs/ad_msgs/msg/detail/vehicle_command__struct.h\n'}
[10.241962] (ad_msgs) StdoutLine: {'line': b'-- Installing: /home/subin/subin_ws/ADS_Mission_Normal/install/ad_msgs/include/ad_msgs/ad_msgs/msg/detail/mission_display__functions.h\n'}
[10.242002] (ad_msgs) StdoutLine: {'line': b'-- Installing: /home/subin/subin_ws/ADS_Mission_Normal/install/ad_msgs/include/ad_msgs/ad_msgs/msg/detail/vehicle_state__functions.c\n'}
[10.242031] (ad_msgs) StdoutLine: {'line': b'-- Installing: /home/subin/subin_ws/ADS_Mission_Normal/install/ad_msgs/include/ad_msgs/ad_msgs/msg/detail/lane_point_data_array__struct.h\n'}
[10.242148] (ad_msgs) StdoutLine: {'line': b'-- Installing: /home/subin/subin_ws/ADS_Mission_Normal/install/ad_msgs/include/ad_msgs/ad_msgs/msg/detail/mission__functions.c\n'}
[10.242187] (ad_msgs) StdoutLine: {'line': b'-- Installing: /home/subin/subin_ws/ADS_Mission_Normal/install/ad_msgs/include/ad_msgs/ad_msgs/msg/detail/mission_object__struct.h\n'}
[10.242278] (ad_msgs) StdoutLine: {'line': b'-- Installing: /home/subin/subin_ws/ADS_Mission_Normal/install/ad_msgs/include/ad_msgs/ad_msgs/msg/detail/lane_point_data_array__functions.c\n'}
[10.242666] (ad_msgs) StdoutLine: {'line': b'-- Installing: /home/subin/subin_ws/ADS_Mission_Normal/install/ad_msgs/include/ad_msgs/ad_msgs/msg/detail/polyfit_lane_data_array__type_support.h\n'}
[10.242807] (ad_msgs) StdoutLine: {'line': b'-- Installing: /home/subin/subin_ws/ADS_Mission_Normal/install/ad_msgs/include/ad_msgs/ad_msgs/msg/detail/vehicle_command__type_support.h\n'}
[10.242847] (ad_msgs) StdoutLine: {'line': b'-- Installing: /home/subin/subin_ws/ADS_Mission_Normal/install/ad_msgs/include/ad_msgs/ad_msgs/msg/detail/vehicle_command__functions.c\n'}
[10.242959] (ad_msgs) StdoutLine: {'line': b'-- Installing: /home/subin/subin_ws/ADS_Mission_Normal/install/ad_msgs/include/ad_msgs/ad_msgs/msg/detail/lane_point_data__functions.h\n'}
[10.243274] (ad_msgs) StdoutLine: {'line': b'-- Installing: /home/subin/subin_ws/ADS_Mission_Normal/install/ad_msgs/include/ad_msgs/ad_msgs/msg/detail/mission_display__functions.c\n'}
[10.243376] (ad_msgs) StdoutLine: {'line': b'-- Installing: /home/subin/subin_ws/ADS_Mission_Normal/install/ad_msgs/include/ad_msgs/ad_msgs/msg/detail/polyfit_lane_data__functions.h\n'}
[10.243627] (ad_msgs) StdoutLine: {'line': b'-- Installing: /home/subin/subin_ws/ADS_Mission_Normal/install/ad_msgs/include/ad_msgs/ad_msgs/msg/detail/mission_region__functions.h\n'}
[10.243742] (ad_msgs) StdoutLine: {'line': b'-- Installing: /home/subin/subin_ws/ADS_Mission_Normal/install/ad_msgs/include/ad_msgs/ad_msgs/msg/detail/mission_region__functions.c\n'}
[10.244043] (ad_msgs) StdoutLine: {'line': b'-- Installing: /home/subin/subin_ws/ADS_Mission_Normal/install/ad_msgs/include/ad_msgs/ad_msgs/msg/detail/mission_object__functions.h\n'}
[10.244159] (ad_msgs) StdoutLine: {'line': b'-- Installing: /home/subin/subin_ws/ADS_Mission_Normal/install/ad_msgs/include/ad_msgs/ad_msgs/msg/detail/mission__struct.h\n'}
[10.244795] (ad_msgs) StdoutLine: {'line': b'-- Installing: /home/subin/subin_ws/ADS_Mission_Normal/install/ad_msgs/include/ad_msgs/ad_msgs/msg/detail/polyfit_lane_data__functions.c\n'}
[10.244962] (ad_msgs) StdoutLine: {'line': b'-- Installing: /home/subin/subin_ws/ADS_Mission_Normal/install/ad_msgs/include/ad_msgs/ad_msgs/msg/detail/mission__type_support.h\n'}
[10.245034] (ad_msgs) StdoutLine: {'line': b'-- Installing: /home/subin/subin_ws/ADS_Mission_Normal/install/ad_msgs/include/ad_msgs/ad_msgs/msg/detail/mission__functions.h\n'}
[10.245102] (ad_msgs) StdoutLine: {'line': b'-- Installing: /home/subin/subin_ws/ADS_Mission_Normal/install/ad_msgs/include/ad_msgs/ad_msgs/msg/detail/mission_region__type_support.h\n'}
[10.245270] (ad_msgs) StdoutLine: {'line': b'-- Installing: /home/subin/subin_ws/ADS_Mission_Normal/install/ad_msgs/include/ad_msgs/ad_msgs/msg/detail/polyfit_lane_data_array__functions.h\n'}
[10.245585] (ad_msgs) StdoutLine: {'line': b'-- Installing: /home/subin/subin_ws/ADS_Mission_Normal/install/ad_msgs/include/ad_msgs/ad_msgs/msg/polyfit_lane_data.h\n'}
[10.245674] (ad_msgs) StdoutLine: {'line': b'-- Installing: /home/subin/subin_ws/ADS_Mission_Normal/install/ad_msgs/include/ad_msgs/ad_msgs/msg/polyfit_lane_data_array.h\n'}
[10.245860] (ad_msgs) StdoutLine: {'line': b'-- Installing: /home/subin/subin_ws/ADS_Mission_Normal/install/ad_msgs/include/ad_msgs/ad_msgs/msg/vehicle_state.h\n'}
[10.245938] (ad_msgs) StdoutLine: {'line': b'-- Installing: /home/subin/subin_ws/ADS_Mission_Normal/install/ad_msgs/include/ad_msgs/ad_msgs/msg/mission_region.h\n'}
[10.246004] (ad_msgs) StdoutLine: {'line': b'-- Installing: /home/subin/subin_ws/ADS_Mission_Normal/install/ad_msgs/include/ad_msgs/ad_msgs/msg/rosidl_generator_c__visibility_control.h\n'}
[10.246362] (ad_msgs) StdoutLine: {'line': b'-- Installing: /home/subin/subin_ws/ADS_Mission_Normal/install/ad_msgs/include/ad_msgs/ad_msgs/msg/mission_object.h\n'}
[10.247295] (ad_msgs) StdoutLine: {'line': b'-- Installing: /home/subin/subin_ws/ADS_Mission_Normal/install/ad_msgs/share/ad_msgs/environment/library_path.sh\n'}
[10.247498] (ad_msgs) StdoutLine: {'line': b'-- Installing: /home/subin/subin_ws/ADS_Mission_Normal/install/ad_msgs/share/ad_msgs/environment/library_path.dsv\n'}
[10.247995] (ad_msgs) StdoutLine: {'line': b'-- Installing: /home/subin/subin_ws/ADS_Mission_Normal/install/ad_msgs/lib/libad_msgs__rosidl_generator_c.so\n'}
[10.248501] (ad_msgs) StdoutLine: {'line': b'-- Set runtime path of "/home/subin/subin_ws/ADS_Mission_Normal/install/ad_msgs/lib/libad_msgs__rosidl_generator_c.so" to ""\n'}
[10.249006] (ad_msgs) StdoutLine: {'line': b'-- Up-to-date: /home/subin/subin_ws/ADS_Mission_Normal/install/ad_msgs/include/ad_msgs/ad_msgs\n'}
[10.249177] (ad_msgs) StdoutLine: {'line': b'-- Up-to-date: /home/subin/subin_ws/ADS_Mission_Normal/install/ad_msgs/include/ad_msgs/ad_msgs/msg\n'}
[10.249355] (ad_msgs) StdoutLine: {'line': b'-- Installing: /home/subin/subin_ws/ADS_Mission_Normal/install/ad_msgs/include/ad_msgs/ad_msgs/msg/rosidl_typesupport_fastrtps_c__visibility_control.h\n'}
[10.249582] (ad_msgs) StdoutLine: {'line': b'-- Up-to-date: /home/subin/subin_ws/ADS_Mission_Normal/install/ad_msgs/include/ad_msgs/ad_msgs/msg/detail\n'}
[10.249656] (ad_msgs) StdoutLine: {'line': b'-- Installing: /home/subin/subin_ws/ADS_Mission_Normal/install/ad_msgs/include/ad_msgs/ad_msgs/msg/detail/mission__rosidl_typesupport_fastrtps_c.h\n'}
[10.249718] (ad_msgs) StdoutLine: {'line': b'-- Installing: /home/subin/subin_ws/ADS_Mission_Normal/install/ad_msgs/include/ad_msgs/ad_msgs/msg/detail/lane_point_data__rosidl_typesupport_fastrtps_c.h\n'}
[10.249787] (ad_msgs) StdoutLine: {'line': b'-- Installing: /home/subin/subin_ws/ADS_Mission_Normal/install/ad_msgs/include/ad_msgs/ad_msgs/msg/detail/mission_display__rosidl_typesupport_fastrtps_c.h\n'}
[10.249845] (ad_msgs) StdoutLine: {'line': b'-- Installing: /home/subin/subin_ws/ADS_Mission_Normal/install/ad_msgs/include/ad_msgs/ad_msgs/msg/detail/polyfit_lane_data__rosidl_typesupport_fastrtps_c.h\n'}
[10.249900] (ad_msgs) StdoutLine: {'line': b'-- Installing: /home/subin/subin_ws/ADS_Mission_Normal/install/ad_msgs/include/ad_msgs/ad_msgs/msg/detail/vehicle_state__rosidl_typesupport_fastrtps_c.h\n'}
[10.250178] (ad_msgs) StdoutLine: {'line': b'-- Installing: /home/subin/subin_ws/ADS_Mission_Normal/install/ad_msgs/include/ad_msgs/ad_msgs/msg/detail/vehicle_command__rosidl_typesupport_fastrtps_c.h\n'}
[10.250262] (ad_msgs) StdoutLine: {'line': b'-- Installing: /home/subin/subin_ws/ADS_Mission_Normal/install/ad_msgs/include/ad_msgs/ad_msgs/msg/detail/mission_region__rosidl_typesupport_fastrtps_c.h\n'}
[10.250418] (ad_msgs) StdoutLine: {'line': b'-- Installing: /home/subin/subin_ws/ADS_Mission_Normal/install/ad_msgs/include/ad_msgs/ad_msgs/msg/detail/mission_object__rosidl_typesupport_fastrtps_c.h\n'}
[10.250553] (ad_msgs) StdoutLine: {'line': b'-- Installing: /home/subin/subin_ws/ADS_Mission_Normal/install/ad_msgs/include/ad_msgs/ad_msgs/msg/detail/polyfit_lane_data_array__rosidl_typesupport_fastrtps_c.h\n'}
[10.250629] (ad_msgs) StdoutLine: {'line': b'-- Installing: /home/subin/subin_ws/ADS_Mission_Normal/install/ad_msgs/include/ad_msgs/ad_msgs/msg/detail/lane_point_data_array__rosidl_typesupport_fastrtps_c.h\n'}
[10.250725] (ad_msgs) StdoutLine: {'line': b'-- Installing: /home/subin/subin_ws/ADS_Mission_Normal/install/ad_msgs/lib/libad_msgs__rosidl_typesupport_fastrtps_c.so\n'}
[10.251183] (ad_msgs) StdoutLine: {'line': b'-- Set runtime path of "/home/subin/subin_ws/ADS_Mission_Normal/install/ad_msgs/lib/libad_msgs__rosidl_typesupport_fastrtps_c.so" to ""\n'}
[10.251669] (ad_msgs) StdoutLine: {'line': b'-- Up-to-date: /home/subin/subin_ws/ADS_Mission_Normal/install/ad_msgs/include/ad_msgs/ad_msgs\n'}
[10.251978] (ad_msgs) StdoutLine: {'line': b'-- Up-to-date: /home/subin/subin_ws/ADS_Mission_Normal/install/ad_msgs/include/ad_msgs/ad_msgs/msg\n'}
[10.252073] (ad_msgs) StdoutLine: {'line': b'-- Up-to-date: /home/subin/subin_ws/ADS_Mission_Normal/install/ad_msgs/include/ad_msgs/ad_msgs/msg/detail\n'}
[10.252173] (ad_msgs) StdoutLine: {'line': b'-- Installing: /home/subin/subin_ws/ADS_Mission_Normal/install/ad_msgs/include/ad_msgs/ad_msgs/msg/detail/polyfit_lane_data_array__type_support.c\n'}
[10.252239] (ad_msgs) StdoutLine: {'line': b'-- Installing: /home/subin/subin_ws/ADS_Mission_Normal/install/ad_msgs/include/ad_msgs/ad_msgs/msg/detail/polyfit_lane_data_array__rosidl_typesupport_introspection_c.h\n'}
[10.252446] (ad_msgs) StdoutLine: {'line': b'-- Installing: /home/subin/subin_ws/ADS_Mission_Normal/install/ad_msgs/include/ad_msgs/ad_msgs/msg/detail/mission_display__type_support.c\n'}
[10.252569] (ad_msgs) StdoutLine: {'line': b'-- Installing: /home/subin/subin_ws/ADS_Mission_Normal/install/ad_msgs/include/ad_msgs/ad_msgs/msg/detail/lane_point_data__type_support.c\n'}
[10.252639] (ad_msgs) StdoutLine: {'line': b'-- Installing: /home/subin/subin_ws/ADS_Mission_Normal/install/ad_msgs/include/ad_msgs/ad_msgs/msg/detail/mission_display__rosidl_typesupport_introspection_c.h\n'}
[10.252703] (ad_msgs) StdoutLine: {'line': b'-- Installing: /home/subin/subin_ws/ADS_Mission_Normal/install/ad_msgs/include/ad_msgs/ad_msgs/msg/detail/vehicle_state__rosidl_typesupport_introspection_c.h\n'}
[10.252765] (ad_msgs) StdoutLine: {'line': b'-- Installing: /home/subin/subin_ws/ADS_Mission_Normal/install/ad_msgs/include/ad_msgs/ad_msgs/msg/detail/lane_point_data_array__rosidl_typesupport_introspection_c.h\n'}
[10.252824] (ad_msgs) StdoutLine: {'line': b'-- Installing: /home/subin/subin_ws/ADS_Mission_Normal/install/ad_msgs/include/ad_msgs/ad_msgs/msg/detail/vehicle_state__type_support.c\n'}
[10.253019] (ad_msgs) StdoutLine: {'line': b'-- Installing: /home/subin/subin_ws/ADS_Mission_Normal/install/ad_msgs/include/ad_msgs/ad_msgs/msg/detail/vehicle_command__rosidl_typesupport_introspection_c.h\n'}
[10.253499] (ad_msgs) StdoutLine: {'line': b'-- Installing: /home/subin/subin_ws/ADS_Mission_Normal/install/ad_msgs/include/ad_msgs/ad_msgs/msg/detail/mission__type_support.c\n'}
[10.253626] (ad_msgs) StdoutLine: {'line': b'-- Installing: /home/subin/subin_ws/ADS_Mission_Normal/install/ad_msgs/include/ad_msgs/ad_msgs/msg/detail/mission_region__type_support.c\n'}
[10.253695] (ad_msgs) StdoutLine: {'line': b'-- Installing: /home/subin/subin_ws/ADS_Mission_Normal/install/ad_msgs/include/ad_msgs/ad_msgs/msg/detail/polyfit_lane_data__rosidl_typesupport_introspection_c.h\n'}
[10.253756] (ad_msgs) StdoutLine: {'line': b'-- Installing: /home/subin/subin_ws/ADS_Mission_Normal/install/ad_msgs/include/ad_msgs/ad_msgs/msg/detail/lane_point_data_array__type_support.c\n'}
[10.253810] (ad_msgs) StdoutLine: {'line': b'-- Installing: /home/subin/subin_ws/ADS_Mission_Normal/install/ad_msgs/include/ad_msgs/ad_msgs/msg/detail/polyfit_lane_data__type_support.c\n'}
[10.254170] (ad_msgs) StdoutLine: {'line': b'-- Installing: /home/subin/subin_ws/ADS_Mission_Normal/install/ad_msgs/include/ad_msgs/ad_msgs/msg/detail/vehicle_command__type_support.c\n'}
[10.254307] (ad_msgs) StdoutLine: {'line': b'-- Installing: /home/subin/subin_ws/ADS_Mission_Normal/install/ad_msgs/include/ad_msgs/ad_msgs/msg/detail/mission_region__rosidl_typesupport_introspection_c.h\n'}
[10.254375] (ad_msgs) StdoutLine: {'line': b'-- Installing: /home/subin/subin_ws/ADS_Mission_Normal/install/ad_msgs/include/ad_msgs/ad_msgs/msg/detail/lane_point_data__rosidl_typesupport_introspection_c.h\n'}
[10.254662] (ad_msgs) StdoutLine: {'line': b'-- Installing: /home/subin/subin_ws/ADS_Mission_Normal/install/ad_msgs/include/ad_msgs/ad_msgs/msg/detail/mission__rosidl_typesupport_introspection_c.h\n'}
[10.254880] (ad_msgs) StdoutLine: {'line': b'-- Installing: /home/subin/subin_ws/ADS_Mission_Normal/install/ad_msgs/include/ad_msgs/ad_msgs/msg/detail/mission_object__rosidl_typesupport_introspection_c.h\n'}
[10.255097] (ad_msgs) StdoutLine: {'line': b'-- Installing: /home/subin/subin_ws/ADS_Mission_Normal/install/ad_msgs/include/ad_msgs/ad_msgs/msg/detail/mission_object__type_support.c\n'}
[10.255355] (ad_msgs) StdoutLine: {'line': b'-- Installing: /home/subin/subin_ws/ADS_Mission_Normal/install/ad_msgs/include/ad_msgs/ad_msgs/msg/rosidl_typesupport_introspection_c__visibility_control.h\n'}
[10.256012] (ad_msgs) StdoutLine: {'line': b'-- Installing: /home/subin/subin_ws/ADS_Mission_Normal/install/ad_msgs/lib/libad_msgs__rosidl_typesupport_introspection_c.so\n'}
[10.256244] (ad_msgs) StdoutLine: {'line': b'-- Set runtime path of "/home/subin/subin_ws/ADS_Mission_Normal/install/ad_msgs/lib/libad_msgs__rosidl_typesupport_introspection_c.so" to ""\n'}
[10.256488] (ad_msgs) StdoutLine: {'line': b'-- Installing: /home/subin/subin_ws/ADS_Mission_Normal/install/ad_msgs/lib/libad_msgs__rosidl_typesupport_c.so\n'}
[10.256733] (ad_msgs) StdoutLine: {'line': b'-- Set runtime path of "/home/subin/subin_ws/ADS_Mission_Normal/install/ad_msgs/lib/libad_msgs__rosidl_typesupport_c.so" to ""\n'}
[10.256989] (ad_msgs) StdoutLine: {'line': b'-- Up-to-date: /home/subin/subin_ws/ADS_Mission_Normal/install/ad_msgs/include/ad_msgs/ad_msgs\n'}
[10.257197] (ad_msgs) StdoutLine: {'line': b'-- Up-to-date: /home/subin/subin_ws/ADS_Mission_Normal/install/ad_msgs/include/ad_msgs/ad_msgs/msg\n'}
[10.257440] (ad_msgs) StdoutLine: {'line': b'-- Installing: /home/subin/subin_ws/ADS_Mission_Normal/install/ad_msgs/include/ad_msgs/ad_msgs/msg/vehicle_state.hpp\n'}
[10.257665] (ad_msgs) StdoutLine: {'line': b'-- Installing: /home/subin/subin_ws/ADS_Mission_Normal/install/ad_msgs/include/ad_msgs/ad_msgs/msg/mission_display.hpp\n'}
[10.258098] (ad_msgs) StdoutLine: {'line': b'-- Installing: /home/subin/subin_ws/ADS_Mission_Normal/install/ad_msgs/include/ad_msgs/ad_msgs/msg/vehicle_command.hpp\n'}
[10.258400] (ad_msgs) StdoutLine: {'line': b'-- Up-to-date: /home/subin/subin_ws/ADS_Mission_Normal/install/ad_msgs/include/ad_msgs/ad_msgs/msg/detail\n'}
[10.258540] (ad_msgs) StdoutLine: {'line': b'-- Installing: /home/subin/subin_ws/ADS_Mission_Normal/install/ad_msgs/include/ad_msgs/ad_msgs/msg/detail/mission_region__traits.hpp\n'}
[10.258781] (ad_msgs) StdoutLine: {'line': b'-- Installing: /home/subin/subin_ws/ADS_Mission_Normal/install/ad_msgs/include/ad_msgs/ad_msgs/msg/detail/polyfit_lane_data__traits.hpp\n'}
[10.258914] (ad_msgs) StdoutLine: {'line': b'-- Installing: /home/subin/subin_ws/ADS_Mission_Normal/install/ad_msgs/include/ad_msgs/ad_msgs/msg/detail/polyfit_lane_data_array__type_support.hpp\n'}
[10.259208] (ad_msgs) StdoutLine: {'line': b'-- Installing: /home/subin/subin_ws/ADS_Mission_Normal/install/ad_msgs/include/ad_msgs/ad_msgs/msg/detail/lane_point_data_array__builder.hpp\n'}
[10.259286] (ad_msgs) StdoutLine: {'line': b'-- Installing: /home/subin/subin_ws/ADS_Mission_Normal/install/ad_msgs/include/ad_msgs/ad_msgs/msg/detail/mission_object__type_support.hpp\n'}
[10.259351] (ad_msgs) StdoutLine: {'line': b'-- Installing: /home/subin/subin_ws/ADS_Mission_Normal/install/ad_msgs/include/ad_msgs/ad_msgs/msg/detail/lane_point_data__struct.hpp\n'}
[10.259487] (ad_msgs) StdoutLine: {'line': b'-- Installing: /home/subin/subin_ws/ADS_Mission_Normal/install/ad_msgs/include/ad_msgs/ad_msgs/msg/detail/polyfit_lane_data_array__struct.hpp\n'}
[10.259689] (ad_msgs) StdoutLine: {'line': b'-- Installing: /home/subin/subin_ws/ADS_Mission_Normal/install/ad_msgs/include/ad_msgs/ad_msgs/msg/detail/polyfit_lane_data_array__builder.hpp\n'}
[10.260011] (ad_msgs) StdoutLine: {'line': b'-- Installing: /home/subin/subin_ws/ADS_Mission_Normal/install/ad_msgs/include/ad_msgs/ad_msgs/msg/detail/vehicle_command__traits.hpp\n'}
[10.260090] (ad_msgs) StdoutLine: {'line': b'-- Installing: /home/subin/subin_ws/ADS_Mission_Normal/install/ad_msgs/include/ad_msgs/ad_msgs/msg/detail/mission_display__type_support.hpp\n'}
[10.260201] (ad_msgs) StdoutLine: {'line': b'-- Installing: /home/subin/subin_ws/ADS_Mission_Normal/install/ad_msgs/include/ad_msgs/ad_msgs/msg/detail/mission_region__type_support.hpp\n'}
[10.260405] (ad_msgs) StdoutLine: {'line': b'-- Installing: /home/subin/subin_ws/ADS_Mission_Normal/install/ad_msgs/include/ad_msgs/ad_msgs/msg/detail/lane_point_data_array__struct.hpp\n'}
[10.260570] (ad_msgs) StdoutLine: {'line': b'-- Installing: /home/subin/subin_ws/ADS_Mission_Normal/install/ad_msgs/include/ad_msgs/ad_msgs/msg/detail/mission__traits.hpp\n'}
[10.260739] (ad_msgs) StdoutLine: {'line': b'-- Installing: /home/subin/subin_ws/ADS_Mission_Normal/install/ad_msgs/include/ad_msgs/ad_msgs/msg/detail/mission_display__traits.hpp\n'}
[10.260907] (ad_msgs) StdoutLine: {'line': b'-- Installing: /home/subin/subin_ws/ADS_Mission_Normal/install/ad_msgs/include/ad_msgs/ad_msgs/msg/detail/vehicle_command__struct.hpp\n'}
[10.261076] (ad_msgs) StdoutLine: {'line': b'-- Installing: /home/subin/subin_ws/ADS_Mission_Normal/install/ad_msgs/include/ad_msgs/ad_msgs/msg/detail/mission__struct.hpp\n'}
[10.261255] (ad_msgs) StdoutLine: {'line': b'-- Installing: /home/subin/subin_ws/ADS_Mission_Normal/install/ad_msgs/include/ad_msgs/ad_msgs/msg/detail/lane_point_data__type_support.hpp\n'}
[10.261423] (ad_msgs) StdoutLine: {'line': b'-- Installing: /home/subin/subin_ws/ADS_Mission_Normal/install/ad_msgs/include/ad_msgs/ad_msgs/msg/detail/mission__type_support.hpp\n'}
[10.261594] (ad_msgs) StdoutLine: {'line': b'-- Installing: /home/subin/subin_ws/ADS_Mission_Normal/install/ad_msgs/include/ad_msgs/ad_msgs/msg/detail/vehicle_state__struct.hpp\n'}
[10.261797] (ad_msgs) StdoutLine: {'line': b'-- Installing: /home/subin/subin_ws/ADS_Mission_Normal/install/ad_msgs/include/ad_msgs/ad_msgs/msg/detail/lane_point_data__traits.hpp\n'}
[10.262072] (ad_msgs) StdoutLine: {'line': b'-- Installing: /home/subin/subin_ws/ADS_Mission_Normal/install/ad_msgs/include/ad_msgs/ad_msgs/msg/detail/mission_object__builder.hpp\n'}
[10.262254] (-) TimerEvent: {}
[10.262703] (ad_msgs) StdoutLine: {'line': b'-- Installing: /home/subin/subin_ws/ADS_Mission_Normal/install/ad_msgs/include/ad_msgs/ad_msgs/msg/detail/mission_region__builder.hpp\n'}
[10.262909] (ad_msgs) StdoutLine: {'line': b'-- Installing: /home/subin/subin_ws/ADS_Mission_Normal/install/ad_msgs/include/ad_msgs/ad_msgs/msg/detail/lane_point_data_array__type_support.hpp\n'}
[10.263117] (ad_msgs) StdoutLine: {'line': b'-- Installing: /home/subin/subin_ws/ADS_Mission_Normal/install/ad_msgs/include/ad_msgs/ad_msgs/msg/detail/vehicle_command__type_support.hpp\n'}
[10.263315] (ad_msgs) StdoutLine: {'line': b'-- Installing: /home/subin/subin_ws/ADS_Mission_Normal/install/ad_msgs/include/ad_msgs/ad_msgs/msg/detail/lane_point_data_array__traits.hpp\n'}
[10.263666] (ad_msgs) StdoutLine: {'line': b'-- Installing: /home/subin/subin_ws/ADS_Mission_Normal/install/ad_msgs/include/ad_msgs/ad_msgs/msg/detail/vehicle_state__traits.hpp\n'}
[10.263756] (ad_msgs) StdoutLine: {'line': b'-- Installing: /home/subin/subin_ws/ADS_Mission_Normal/install/ad_msgs/include/ad_msgs/ad_msgs/msg/detail/mission_display__builder.hpp\n'}
[10.263948] (ad_msgs) StdoutLine: {'line': b'-- Installing: /home/subin/subin_ws/ADS_Mission_Normal/install/ad_msgs/include/ad_msgs/ad_msgs/msg/detail/vehicle_state__type_support.hpp\n'}
[10.264162] (ad_msgs) StdoutLine: {'line': b'-- Installing: /home/subin/subin_ws/ADS_Mission_Normal/install/ad_msgs/include/ad_msgs/ad_msgs/msg/detail/polyfit_lane_data__builder.hpp\n'}
[10.264374] (ad_msgs) StdoutLine: {'line': b'-- Installing: /home/subin/subin_ws/ADS_Mission_Normal/install/ad_msgs/include/ad_msgs/ad_msgs/msg/detail/polyfit_lane_data__type_support.hpp\n'}
[10.264562] (ad_msgs) StdoutLine: {'line': b'-- Installing: /home/subin/subin_ws/ADS_Mission_Normal/install/ad_msgs/include/ad_msgs/ad_msgs/msg/detail/mission__builder.hpp\n'}
[10.264753] (ad_msgs) StdoutLine: {'line': b'-- Installing: /home/subin/subin_ws/ADS_Mission_Normal/install/ad_msgs/include/ad_msgs/ad_msgs/msg/detail/polyfit_lane_data_array__traits.hpp\n'}
[10.264969] (ad_msgs) StdoutLine: {'line': b'-- Installing: /home/subin/subin_ws/ADS_Mission_Normal/install/ad_msgs/include/ad_msgs/ad_msgs/msg/detail/mission_object__struct.hpp\n'}
[10.265185] (ad_msgs) StdoutLine: {'line': b'-- Installing: /home/subin/subin_ws/ADS_Mission_Normal/install/ad_msgs/include/ad_msgs/ad_msgs/msg/detail/mission_display__struct.hpp\n'}
[10.265426] (ad_msgs) StdoutLine: {'line': b'-- Installing: /home/subin/subin_ws/ADS_Mission_Normal/install/ad_msgs/include/ad_msgs/ad_msgs/msg/detail/mission_object__traits.hpp\n'}
[10.265640] (ad_msgs) StdoutLine: {'line': b'-- Installing: /home/subin/subin_ws/ADS_Mission_Normal/install/ad_msgs/include/ad_msgs/ad_msgs/msg/detail/polyfit_lane_data__struct.hpp\n'}
[10.265857] (ad_msgs) StdoutLine: {'line': b'-- Installing: /home/subin/subin_ws/ADS_Mission_Normal/install/ad_msgs/include/ad_msgs/ad_msgs/msg/detail/vehicle_state__builder.hpp\n'}
[10.266069] (ad_msgs) StdoutLine: {'line': b'-- Installing: /home/subin/subin_ws/ADS_Mission_Normal/install/ad_msgs/include/ad_msgs/ad_msgs/msg/detail/mission_region__struct.hpp\n'}
[10.266365] (ad_msgs) StdoutLine: {'line': b'-- Installing: /home/subin/subin_ws/ADS_Mission_Normal/install/ad_msgs/include/ad_msgs/ad_msgs/msg/detail/vehicle_command__builder.hpp\n'}
[10.266438] (ad_msgs) StdoutLine: {'line': b'-- Installing: /home/subin/subin_ws/ADS_Mission_Normal/install/ad_msgs/include/ad_msgs/ad_msgs/msg/detail/lane_point_data__builder.hpp\n'}
[10.266485] (ad_msgs) StdoutLine: {'line': b'-- Installing: /home/subin/subin_ws/ADS_Mission_Normal/install/ad_msgs/include/ad_msgs/ad_msgs/msg/polyfit_lane_data_array.hpp\n'}
[10.266641] (ad_msgs) StdoutLine: {'line': b'-- Installing: /home/subin/subin_ws/ADS_Mission_Normal/install/ad_msgs/include/ad_msgs/ad_msgs/msg/lane_point_data.hpp\n'}
[10.266785] (ad_msgs) StdoutLine: {'line': b'-- Installing: /home/subin/subin_ws/ADS_Mission_Normal/install/ad_msgs/include/ad_msgs/ad_msgs/msg/mission.hpp\n'}
[10.266928] (ad_msgs) StdoutLine: {'line': b'-- Installing: /home/subin/subin_ws/ADS_Mission_Normal/install/ad_msgs/include/ad_msgs/ad_msgs/msg/mission_region.hpp\n'}
[10.267076] (ad_msgs) StdoutLine: {'line': b'-- Installing: /home/subin/subin_ws/ADS_Mission_Normal/install/ad_msgs/include/ad_msgs/ad_msgs/msg/lane_point_data_array.hpp\n'}
[10.267123] (ad_msgs) StdoutLine: {'line': b'-- Installing: /home/subin/subin_ws/ADS_Mission_Normal/install/ad_msgs/include/ad_msgs/ad_msgs/msg/mission_object.hpp\n'}
[10.267165] (ad_msgs) StdoutLine: {'line': b'-- Installing: /home/subin/subin_ws/ADS_Mission_Normal/install/ad_msgs/include/ad_msgs/ad_msgs/msg/polyfit_lane_data.hpp\n'}
[10.267207] (ad_msgs) StdoutLine: {'line': b'-- Installing: /home/subin/subin_ws/ADS_Mission_Normal/install/ad_msgs/include/ad_msgs/ad_msgs/msg/rosidl_generator_cpp__visibility_control.hpp\n'}
[10.267248] (ad_msgs) StdoutLine: {'line': b'-- Up-to-date: /home/subin/subin_ws/ADS_Mission_Normal/install/ad_msgs/include/ad_msgs/ad_msgs\n'}
[10.267289] (ad_msgs) StdoutLine: {'line': b'-- Up-to-date: /home/subin/subin_ws/ADS_Mission_Normal/install/ad_msgs/include/ad_msgs/ad_msgs/msg\n'}
[10.267330] (ad_msgs) StdoutLine: {'line': b'-- Up-to-date: /home/subin/subin_ws/ADS_Mission_Normal/install/ad_msgs/include/ad_msgs/ad_msgs/msg/detail\n'}
[10.267369] (ad_msgs) StdoutLine: {'line': b'-- Installing: /home/subin/subin_ws/ADS_Mission_Normal/install/ad_msgs/include/ad_msgs/ad_msgs/msg/detail/mission__rosidl_typesupport_fastrtps_cpp.hpp\n'}
[10.267524] (ad_msgs) StdoutLine: {'line': b'-- Installing: /home/subin/subin_ws/ADS_Mission_Normal/install/ad_msgs/include/ad_msgs/ad_msgs/msg/detail/lane_point_data__rosidl_typesupport_fastrtps_cpp.hpp\n'}
[10.267612] (ad_msgs) StdoutLine: {'line': b'-- Installing: /home/subin/subin_ws/ADS_Mission_Normal/install/ad_msgs/include/ad_msgs/ad_msgs/msg/detail/vehicle_command__rosidl_typesupport_fastrtps_cpp.hpp\n'}
[10.267842] (ad_msgs) StdoutLine: {'line': b'-- Installing: /home/subin/subin_ws/ADS_Mission_Normal/install/ad_msgs/include/ad_msgs/ad_msgs/msg/detail/mission_region__rosidl_typesupport_fastrtps_cpp.hpp\n'}
[10.267911] (ad_msgs) StdoutLine: {'line': b'-- Installing: /home/subin/subin_ws/ADS_Mission_Normal/install/ad_msgs/include/ad_msgs/ad_msgs/msg/detail/polyfit_lane_data__rosidl_typesupport_fastrtps_cpp.hpp\n'}
[10.267965] (ad_msgs) StdoutLine: {'line': b'-- Installing: /home/subin/subin_ws/ADS_Mission_Normal/install/ad_msgs/include/ad_msgs/ad_msgs/msg/detail/lane_point_data_array__rosidl_typesupport_fastrtps_cpp.hpp\n'}
[10.268007] (ad_msgs) StdoutLine: {'line': b'-- Installing: /home/subin/subin_ws/ADS_Mission_Normal/install/ad_msgs/include/ad_msgs/ad_msgs/msg/detail/dds_fastrtps\n'}
[10.268046] (ad_msgs) StdoutLine: {'line': b'-- Installing: /home/subin/subin_ws/ADS_Mission_Normal/install/ad_msgs/include/ad_msgs/ad_msgs/msg/detail/polyfit_lane_data_array__rosidl_typesupport_fastrtps_cpp.hpp\n'}
[10.268084] (ad_msgs) StdoutLine: {'line': b'-- Installing: /home/subin/subin_ws/ADS_Mission_Normal/install/ad_msgs/include/ad_msgs/ad_msgs/msg/detail/mission_object__rosidl_typesupport_fastrtps_cpp.hpp\n'}
[10.268291] (ad_msgs) StdoutLine: {'line': b'-- Installing: /home/subin/subin_ws/ADS_Mission_Normal/install/ad_msgs/include/ad_msgs/ad_msgs/msg/detail/vehicle_state__rosidl_typesupport_fastrtps_cpp.hpp\n'}
[10.268504] (ad_msgs) StdoutLine: {'line': b'-- Installing: /home/subin/subin_ws/ADS_Mission_Normal/install/ad_msgs/include/ad_msgs/ad_msgs/msg/detail/mission_display__rosidl_typesupport_fastrtps_cpp.hpp\n'}
[10.268556] (ad_msgs) StdoutLine: {'line': b'-- Installing: /home/subin/subin_ws/ADS_Mission_Normal/install/ad_msgs/include/ad_msgs/ad_msgs/msg/rosidl_typesupport_fastrtps_cpp__visibility_control.h\n'}
[10.268598] (ad_msgs) StdoutLine: {'line': b'-- Installing: /home/subin/subin_ws/ADS_Mission_Normal/install/ad_msgs/lib/libad_msgs__rosidl_typesupport_fastrtps_cpp.so\n'}
[10.269157] (ad_msgs) StdoutLine: {'line': b'-- Set runtime path of "/home/subin/subin_ws/ADS_Mission_Normal/install/ad_msgs/lib/libad_msgs__rosidl_typesupport_fastrtps_cpp.so" to ""\n'}
[10.269417] (ad_msgs) StdoutLine: {'line': b'-- Up-to-date: /home/subin/subin_ws/ADS_Mission_Normal/install/ad_msgs/include/ad_msgs/ad_msgs\n'}
[10.269494] (ad_msgs) StdoutLine: {'line': b'-- Up-to-date: /home/subin/subin_ws/ADS_Mission_Normal/install/ad_msgs/include/ad_msgs/ad_msgs/msg\n'}
[10.269539] (ad_msgs) StdoutLine: {'line': b'-- Up-to-date: /home/subin/subin_ws/ADS_Mission_Normal/install/ad_msgs/include/ad_msgs/ad_msgs/msg/detail\n'}
[10.269578] (ad_msgs) StdoutLine: {'line': b'-- Installing: /home/subin/subin_ws/ADS_Mission_Normal/install/ad_msgs/include/ad_msgs/ad_msgs/msg/detail/mission_display__rosidl_typesupport_introspection_cpp.hpp\n'}
[10.269849] (ad_msgs) StdoutLine: {'line': b'-- Installing: /home/subin/subin_ws/ADS_Mission_Normal/install/ad_msgs/include/ad_msgs/ad_msgs/msg/detail/mission_object__type_support.cpp\n'}
[10.269968] (ad_msgs) StdoutLine: {'line': b'-- Installing: /home/subin/subin_ws/ADS_Mission_Normal/install/ad_msgs/include/ad_msgs/ad_msgs/msg/detail/vehicle_state__rosidl_typesupport_introspection_cpp.hpp\n'}
[10.270210] (ad_msgs) StdoutLine: {'line': b'-- Installing: /home/subin/subin_ws/ADS_Mission_Normal/install/ad_msgs/include/ad_msgs/ad_msgs/msg/detail/lane_point_data_array__rosidl_typesupport_introspection_cpp.hpp\n'}
[10.270296] (ad_msgs) StdoutLine: {'line': b'-- Installing: /home/subin/subin_ws/ADS_Mission_Normal/install/ad_msgs/include/ad_msgs/ad_msgs/msg/detail/vehicle_state__type_support.cpp\n'}
[10.270572] (ad_msgs) StdoutLine: {'line': b'-- Installing: /home/subin/subin_ws/ADS_Mission_Normal/install/ad_msgs/include/ad_msgs/ad_msgs/msg/detail/mission_display__type_support.cpp\n'}
[10.270657] (ad_msgs) StdoutLine: {'line': b'-- Installing: /home/subin/subin_ws/ADS_Mission_Normal/install/ad_msgs/include/ad_msgs/ad_msgs/msg/detail/mission_region__type_support.cpp\n'}
[10.270882] (ad_msgs) StdoutLine: {'line': b'-- Installing: /home/subin/subin_ws/ADS_Mission_Normal/install/ad_msgs/include/ad_msgs/ad_msgs/msg/detail/mission_object__rosidl_typesupport_introspection_cpp.hpp\n'}
[10.271079] (ad_msgs) StdoutLine: {'line': b'-- Installing: /home/subin/subin_ws/ADS_Mission_Normal/install/ad_msgs/include/ad_msgs/ad_msgs/msg/detail/vehicle_command__type_support.cpp\n'}
[10.271388] (ad_msgs) StdoutLine: {'line': b'-- Installing: /home/subin/subin_ws/ADS_Mission_Normal/install/ad_msgs/include/ad_msgs/ad_msgs/msg/detail/mission__rosidl_typesupport_introspection_cpp.hpp\n'}
[10.271766] (ad_msgs) StdoutLine: {'line': b'-- Installing: /home/subin/subin_ws/ADS_Mission_Normal/install/ad_msgs/include/ad_msgs/ad_msgs/msg/detail/polyfit_lane_data_array__type_support.cpp\n'}
[10.272123] (ad_msgs) StdoutLine: {'line': b'-- Installing: /home/subin/subin_ws/ADS_Mission_Normal/install/ad_msgs/include/ad_msgs/ad_msgs/msg/detail/lane_point_data__type_support.cpp\n'}
[10.272347] (ad_msgs) StdoutLine: {'line': b'-- Installing: /home/subin/subin_ws/ADS_Mission_Normal/install/ad_msgs/include/ad_msgs/ad_msgs/msg/detail/lane_point_data__rosidl_typesupport_introspection_cpp.hpp\n'}
[10.272642] (ad_msgs) StdoutLine: {'line': b'-- Installing: /home/subin/subin_ws/ADS_Mission_Normal/install/ad_msgs/include/ad_msgs/ad_msgs/msg/detail/mission_region__rosidl_typesupport_introspection_cpp.hpp\n'}
[10.272839] (ad_msgs) StdoutLine: {'line': b'-- Installing: /home/subin/subin_ws/ADS_Mission_Normal/install/ad_msgs/include/ad_msgs/ad_msgs/msg/detail/polyfit_lane_data__type_support.cpp\n'}
[10.273030] (ad_msgs) StdoutLine: {'line': b'-- Installing: /home/subin/subin_ws/ADS_Mission_Normal/install/ad_msgs/include/ad_msgs/ad_msgs/msg/detail/mission__type_support.cpp\n'}
[10.273347] (ad_msgs) StdoutLine: {'line': b'-- Installing: /home/subin/subin_ws/ADS_Mission_Normal/install/ad_msgs/include/ad_msgs/ad_msgs/msg/detail/vehicle_command__rosidl_typesupport_introspection_cpp.hpp\n'}
[10.273427] (ad_msgs) StdoutLine: {'line': b'-- Installing: /home/subin/subin_ws/ADS_Mission_Normal/install/ad_msgs/include/ad_msgs/ad_msgs/msg/detail/polyfit_lane_data__rosidl_typesupport_introspection_cpp.hpp\n'}
[10.273495] (ad_msgs) StdoutLine: {'line': b'-- Installing: /home/subin/subin_ws/ADS_Mission_Normal/install/ad_msgs/include/ad_msgs/ad_msgs/msg/detail/lane_point_data_array__type_support.cpp\n'}
[10.273695] (ad_msgs) StdoutLine: {'line': b'-- Installing: /home/subin/subin_ws/ADS_Mission_Normal/install/ad_msgs/include/ad_msgs/ad_msgs/msg/detail/polyfit_lane_data_array__rosidl_typesupport_introspection_cpp.hpp\n'}
[10.273888] (ad_msgs) StdoutLine: {'line': b'-- Installing: /home/subin/subin_ws/ADS_Mission_Normal/install/ad_msgs/lib/libad_msgs__rosidl_typesupport_introspection_cpp.so\n'}
[10.274082] (ad_msgs) StdoutLine: {'line': b'-- Set runtime path of "/home/subin/subin_ws/ADS_Mission_Normal/install/ad_msgs/lib/libad_msgs__rosidl_typesupport_introspection_cpp.so" to ""\n'}
[10.274472] (ad_msgs) StdoutLine: {'line': b'-- Installing: /home/subin/subin_ws/ADS_Mission_Normal/install/ad_msgs/lib/libad_msgs__rosidl_typesupport_cpp.so\n'}
[10.274528] (ad_msgs) StdoutLine: {'line': b'-- Set runtime path of "/home/subin/subin_ws/ADS_Mission_Normal/install/ad_msgs/lib/libad_msgs__rosidl_typesupport_cpp.so" to ""\n'}
[10.274561] (ad_msgs) StdoutLine: {'line': b'-- Installing: /home/subin/subin_ws/ADS_Mission_Normal/install/ad_msgs/share/ad_msgs/environment/pythonpath.sh\n'}
[10.274588] (ad_msgs) StdoutLine: {'line': b'-- Installing: /home/subin/subin_ws/ADS_Mission_Normal/install/ad_msgs/share/ad_msgs/environment/pythonpath.dsv\n'}
[10.274615] (ad_msgs) StdoutLine: {'line': b'-- Installing: /home/subin/subin_ws/ADS_Mission_Normal/install/ad_msgs/local/lib/python3.10/dist-packages/ad_msgs-0.0.0-py3.10.egg-info\n'}
[10.274751] (ad_msgs) StdoutLine: {'line': b'-- Installing: /home/subin/subin_ws/ADS_Mission_Normal/install/ad_msgs/local/lib/python3.10/dist-packages/ad_msgs-0.0.0-py3.10.egg-info/SOURCES.txt\n'}
[10.274953] (ad_msgs) StdoutLine: {'line': b'-- Installing: /home/subin/subin_ws/ADS_Mission_Normal/install/ad_msgs/local/lib/python3.10/dist-packages/ad_msgs-0.0.0-py3.10.egg-info/top_level.txt\n'}
[10.275067] (ad_msgs) StdoutLine: {'line': b'-- Installing: /home/subin/subin_ws/ADS_Mission_Normal/install/ad_msgs/local/lib/python3.10/dist-packages/ad_msgs-0.0.0-py3.10.egg-info/dependency_links.txt\n'}
[10.276463] (ad_msgs) StdoutLine: {'line': b'-- Installing: /home/subin/subin_ws/ADS_Mission_Normal/install/ad_msgs/local/lib/python3.10/dist-packages/ad_msgs-0.0.0-py3.10.egg-info/PKG-INFO\n'}
[10.276755] (ad_msgs) StdoutLine: {'line': b'-- Installing: /home/subin/subin_ws/ADS_Mission_Normal/install/ad_msgs/local/lib/python3.10/dist-packages/ad_msgs\n'}
[10.276876] (ad_msgs) StdoutLine: {'line': b'-- Installing: /home/subin/subin_ws/ADS_Mission_Normal/install/ad_msgs/local/lib/python3.10/dist-packages/ad_msgs/ad_msgs_s__rosidl_typesupport_fastrtps_c.cpython-310-x86_64-linux-gnu.so\n'}
[10.277236] (ad_msgs) StdoutLine: {'line': b'-- Installing: /home/subin/subin_ws/ADS_Mission_Normal/install/ad_msgs/local/lib/python3.10/dist-packages/ad_msgs/libad_msgs__rosidl_generator_py.so\n'}
[10.277496] (ad_msgs) StdoutLine: {'line': b'-- Installing: /home/subin/subin_ws/ADS_Mission_Normal/install/ad_msgs/local/lib/python3.10/dist-packages/ad_msgs/ad_msgs_s__rosidl_typesupport_introspection_c.cpython-310-x86_64-linux-gnu.so\n'}
[10.277662] (ad_msgs) StdoutLine: {'line': b'-- Installing: /home/subin/subin_ws/ADS_Mission_Normal/install/ad_msgs/local/lib/python3.10/dist-packages/ad_msgs/ad_msgs_s__rosidl_typesupport_c.cpython-310-x86_64-linux-gnu.so\n'}
[10.277915] (ad_msgs) StdoutLine: {'line': b'-- Installing: /home/subin/subin_ws/ADS_Mission_Normal/install/ad_msgs/local/lib/python3.10/dist-packages/ad_msgs/msg\n'}
[10.278224] (ad_msgs) StdoutLine: {'line': b'-- Installing: /home/subin/subin_ws/ADS_Mission_Normal/install/ad_msgs/local/lib/python3.10/dist-packages/ad_msgs/msg/_mission_region.py\n'}
[10.278574] (ad_msgs) StdoutLine: {'line': b'-- Installing: /home/subin/subin_ws/ADS_Mission_Normal/install/ad_msgs/local/lib/python3.10/dist-packages/ad_msgs/msg/_mission_region_s.c\n'}
[10.278813] (ad_msgs) StdoutLine: {'line': b'-- Installing: /home/subin/subin_ws/ADS_Mission_Normal/install/ad_msgs/local/lib/python3.10/dist-packages/ad_msgs/msg/_lane_point_data_s.c\n'}
[10.279016] (ad_msgs) StdoutLine: {'line': b'-- Installing: /home/subin/subin_ws/ADS_Mission_Normal/install/ad_msgs/local/lib/python3.10/dist-packages/ad_msgs/msg/_polyfit_lane_data_array_s.c\n'}
[10.279487] (ad_msgs) StdoutLine: {'line': b'-- Installing: /home/subin/subin_ws/ADS_Mission_Normal/install/ad_msgs/local/lib/python3.10/dist-packages/ad_msgs/msg/_vehicle_state.py\n'}
[10.279706] (ad_msgs) StdoutLine: {'line': b'-- Installing: /home/subin/subin_ws/ADS_Mission_Normal/install/ad_msgs/local/lib/python3.10/dist-packages/ad_msgs/msg/_vehicle_command_s.c\n'}
[10.279955] (ad_msgs) StdoutLine: {'line': b'-- Installing: /home/subin/subin_ws/ADS_Mission_Normal/install/ad_msgs/local/lib/python3.10/dist-packages/ad_msgs/msg/_lane_point_data_array.py\n'}
[10.280178] (ad_msgs) StdoutLine: {'line': b'-- Installing: /home/subin/subin_ws/ADS_Mission_Normal/install/ad_msgs/local/lib/python3.10/dist-packages/ad_msgs/msg/_lane_point_data.py\n'}
[10.280458] (ad_msgs) StdoutLine: {'line': b'-- Installing: /home/subin/subin_ws/ADS_Mission_Normal/install/ad_msgs/local/lib/python3.10/dist-packages/ad_msgs/msg/_lane_point_data_array_s.c\n'}
[10.280543] (ad_msgs) StdoutLine: {'line': b'-- Installing: /home/subin/subin_ws/ADS_Mission_Normal/install/ad_msgs/local/lib/python3.10/dist-packages/ad_msgs/msg/_mission_object.py\n'}
[10.280618] (ad_msgs) StdoutLine: {'line': b'-- Installing: /home/subin/subin_ws/ADS_Mission_Normal/install/ad_msgs/local/lib/python3.10/dist-packages/ad_msgs/msg/_mission_display_s.c\n'}
[10.280686] (ad_msgs) StdoutLine: {'line': b'-- Installing: /home/subin/subin_ws/ADS_Mission_Normal/install/ad_msgs/local/lib/python3.10/dist-packages/ad_msgs/msg/_polyfit_lane_data_s.c\n'}
[10.280751] (ad_msgs) StdoutLine: {'line': b'-- Installing: /home/subin/subin_ws/ADS_Mission_Normal/install/ad_msgs/local/lib/python3.10/dist-packages/ad_msgs/msg/_mission_display.py\n'}
[10.280816] (ad_msgs) StdoutLine: {'line': b'-- Installing: /home/subin/subin_ws/ADS_Mission_Normal/install/ad_msgs/local/lib/python3.10/dist-packages/ad_msgs/msg/__init__.py\n'}
[10.280880] (ad_msgs) StdoutLine: {'line': b'-- Installing: /home/subin/subin_ws/ADS_Mission_Normal/install/ad_msgs/local/lib/python3.10/dist-packages/ad_msgs/msg/_vehicle_command.py\n'}
[10.280940] (ad_msgs) StdoutLine: {'line': b'-- Installing: /home/subin/subin_ws/ADS_Mission_Normal/install/ad_msgs/local/lib/python3.10/dist-packages/ad_msgs/msg/_mission_s.c\n'}
[10.281002] (ad_msgs) StdoutLine: {'line': b'-- Installing: /home/subin/subin_ws/ADS_Mission_Normal/install/ad_msgs/local/lib/python3.10/dist-packages/ad_msgs/msg/_mission_object_s.c\n'}
[10.281061] (ad_msgs) StdoutLine: {'line': b'-- Installing: /home/subin/subin_ws/ADS_Mission_Normal/install/ad_msgs/local/lib/python3.10/dist-packages/ad_msgs/msg/_polyfit_lane_data_array.py\n'}
[10.281121] (ad_msgs) StdoutLine: {'line': b'-- Installing: /home/subin/subin_ws/ADS_Mission_Normal/install/ad_msgs/local/lib/python3.10/dist-packages/ad_msgs/msg/_vehicle_state_s.c\n'}
[10.281181] (ad_msgs) StdoutLine: {'line': b'-- Installing: /home/subin/subin_ws/ADS_Mission_Normal/install/ad_msgs/local/lib/python3.10/dist-packages/ad_msgs/msg/_mission.py\n'}
[10.281239] (ad_msgs) StdoutLine: {'line': b'-- Installing: /home/subin/subin_ws/ADS_Mission_Normal/install/ad_msgs/local/lib/python3.10/dist-packages/ad_msgs/msg/_polyfit_lane_data.py\n'}
[10.281296] (ad_msgs) StdoutLine: {'line': b'-- Installing: /home/subin/subin_ws/ADS_Mission_Normal/install/ad_msgs/local/lib/python3.10/dist-packages/ad_msgs/_ad_msgs_s.ep.rosidl_typesupport_fastrtps_c.c\n'}
[10.281354] (ad_msgs) StdoutLine: {'line': b'-- Installing: /home/subin/subin_ws/ADS_Mission_Normal/install/ad_msgs/local/lib/python3.10/dist-packages/ad_msgs/__init__.py\n'}
[10.281410] (ad_msgs) StdoutLine: {'line': b'-- Installing: /home/subin/subin_ws/ADS_Mission_Normal/install/ad_msgs/local/lib/python3.10/dist-packages/ad_msgs/_ad_msgs_s.ep.rosidl_typesupport_introspection_c.c\n'}
[10.281468] (ad_msgs) StdoutLine: {'line': b'-- Installing: /home/subin/subin_ws/ADS_Mission_Normal/install/ad_msgs/local/lib/python3.10/dist-packages/ad_msgs/_ad_msgs_s.ep.rosidl_typesupport_c.c\n'}
[10.316053] (ad_msgs) StdoutLine: {'line': b"Listing '/home/subin/subin_ws/ADS_Mission_Normal/install/ad_msgs/local/lib/python3.10/dist-packages/ad_msgs'...\n"}
[10.316226] (ad_msgs) StdoutLine: {'line': b"Compiling '/home/subin/subin_ws/ADS_Mission_Normal/install/ad_msgs/local/lib/python3.10/dist-packages/ad_msgs/__init__.py'...\n"}
[10.316260] (ad_msgs) StdoutLine: {'line': b"Listing '/home/subin/subin_ws/ADS_Mission_Normal/install/ad_msgs/local/lib/python3.10/dist-packages/ad_msgs/msg'...\n"}
[10.316286] (ad_msgs) StdoutLine: {'line': b"Compiling '/home/subin/subin_ws/ADS_Mission_Normal/install/ad_msgs/local/lib/python3.10/dist-packages/ad_msgs/msg/__init__.py'...\n"}
[10.316316] (ad_msgs) StdoutLine: {'line': b"Compiling '/home/subin/subin_ws/ADS_Mission_Normal/install/ad_msgs/local/lib/python3.10/dist-packages/ad_msgs/msg/_lane_point_data.py'...\n"}
[10.316342] (ad_msgs) StdoutLine: {'line': b"Compiling '/home/subin/subin_ws/ADS_Mission_Normal/install/ad_msgs/local/lib/python3.10/dist-packages/ad_msgs/msg/_lane_point_data_array.py'...\n"}
[10.316365] (ad_msgs) StdoutLine: {'line': b"Compiling '/home/subin/subin_ws/ADS_Mission_Normal/install/ad_msgs/local/lib/python3.10/dist-packages/ad_msgs/msg/_mission.py'...\n"}
[10.316386] (ad_msgs) StdoutLine: {'line': b"Compiling '/home/subin/subin_ws/ADS_Mission_Normal/install/ad_msgs/local/lib/python3.10/dist-packages/ad_msgs/msg/_mission_display.py'...\n"}
[10.316408] (ad_msgs) StdoutLine: {'line': b"Compiling '/home/subin/subin_ws/ADS_Mission_Normal/install/ad_msgs/local/lib/python3.10/dist-packages/ad_msgs/msg/_mission_object.py'...\n"}
[10.316428] (ad_msgs) StdoutLine: {'line': b"Compiling '/home/subin/subin_ws/ADS_Mission_Normal/install/ad_msgs/local/lib/python3.10/dist-packages/ad_msgs/msg/_mission_region.py'...\n"}
[10.316449] (ad_msgs) StdoutLine: {'line': b"Compiling '/home/subin/subin_ws/ADS_Mission_Normal/install/ad_msgs/local/lib/python3.10/dist-packages/ad_msgs/msg/_polyfit_lane_data.py'...\n"}
[10.316471] (ad_msgs) StdoutLine: {'line': b"Compiling '/home/subin/subin_ws/ADS_Mission_Normal/install/ad_msgs/local/lib/python3.10/dist-packages/ad_msgs/msg/_polyfit_lane_data_array.py'...\n"}
[10.316496] (ad_msgs) StdoutLine: {'line': b"Compiling '/home/subin/subin_ws/ADS_Mission_Normal/install/ad_msgs/local/lib/python3.10/dist-packages/ad_msgs/msg/_vehicle_command.py'...\n"}
[10.316518] (ad_msgs) StdoutLine: {'line': b"Compiling '/home/subin/subin_ws/ADS_Mission_Normal/install/ad_msgs/local/lib/python3.10/dist-packages/ad_msgs/msg/_vehicle_state.py'...\n"}
[10.320249] (ad_msgs) StdoutLine: {'line': b'-- Installing: /home/subin/subin_ws/ADS_Mission_Normal/install/ad_msgs/local/lib/python3.10/dist-packages/ad_msgs/ad_msgs_s__rosidl_typesupport_fastrtps_c.cpython-310-x86_64-linux-gnu.so\n'}
[10.320826] (ad_msgs) StdoutLine: {'line': b'-- Set runtime path of "/home/subin/subin_ws/ADS_Mission_Normal/install/ad_msgs/local/lib/python3.10/dist-packages/ad_msgs/ad_msgs_s__rosidl_typesupport_fastrtps_c.cpython-310-x86_64-linux-gnu.so" to ""\n'}
[10.320975] (ad_msgs) StdoutLine: {'line': b'-- Installing: /home/subin/subin_ws/ADS_Mission_Normal/install/ad_msgs/local/lib/python3.10/dist-packages/ad_msgs/ad_msgs_s__rosidl_typesupport_introspection_c.cpython-310-x86_64-linux-gnu.so\n'}
[10.321033] (ad_msgs) StdoutLine: {'line': b'-- Set runtime path of "/home/subin/subin_ws/ADS_Mission_Normal/install/ad_msgs/local/lib/python3.10/dist-packages/ad_msgs/ad_msgs_s__rosidl_typesupport_introspection_c.cpython-310-x86_64-linux-gnu.so" to ""\n'}
[10.321090] (ad_msgs) StdoutLine: {'line': b'-- Installing: /home/subin/subin_ws/ADS_Mission_Normal/install/ad_msgs/local/lib/python3.10/dist-packages/ad_msgs/ad_msgs_s__rosidl_typesupport_c.cpython-310-x86_64-linux-gnu.so\n'}
[10.321531] (ad_msgs) StdoutLine: {'line': b'-- Set runtime path of "/home/subin/subin_ws/ADS_Mission_Normal/install/ad_msgs/local/lib/python3.10/dist-packages/ad_msgs/ad_msgs_s__rosidl_typesupport_c.cpython-310-x86_64-linux-gnu.so" to ""\n'}
[10.321669] (ad_msgs) StdoutLine: {'line': b'-- Installing: /home/subin/subin_ws/ADS_Mission_Normal/install/ad_msgs/lib/libad_msgs__rosidl_generator_py.so\n'}
[10.321899] (ad_msgs) StdoutLine: {'line': b'-- Set runtime path of "/home/subin/subin_ws/ADS_Mission_Normal/install/ad_msgs/lib/libad_msgs__rosidl_generator_py.so" to ""\n'}
[10.322046] (ad_msgs) StdoutLine: {'line': b'-- Installing: /home/subin/subin_ws/ADS_Mission_Normal/install/ad_msgs/share/ad_msgs/msg/VehicleState.idl\n'}
[10.322121] (ad_msgs) StdoutLine: {'line': b'-- Installing: /home/subin/subin_ws/ADS_Mission_Normal/install/ad_msgs/share/ad_msgs/msg/VehicleCommand.idl\n'}
[10.322163] (ad_msgs) StdoutLine: {'line': b'-- Installing: /home/subin/subin_ws/ADS_Mission_Normal/install/ad_msgs/share/ad_msgs/msg/Mission.idl\n'}
[10.322215] (ad_msgs) StdoutLine: {'line': b'-- Installing: /home/subin/subin_ws/ADS_Mission_Normal/install/ad_msgs/share/ad_msgs/msg/MissionObject.idl\n'}
[10.322676] (ad_msgs) StdoutLine: {'line': b'-- Installing: /home/subin/subin_ws/ADS_Mission_Normal/install/ad_msgs/share/ad_msgs/msg/MissionRegion.idl\n'}
[10.322734] (ad_msgs) StdoutLine: {'line': b'-- Installing: /home/subin/subin_ws/ADS_Mission_Normal/install/ad_msgs/share/ad_msgs/msg/MissionDisplay.idl\n'}
[10.322805] (ad_msgs) StdoutLine: {'line': b'-- Installing: /home/subin/subin_ws/ADS_Mission_Normal/install/ad_msgs/share/ad_msgs/msg/PolyfitLaneData.idl\n'}
[10.322911] (ad_msgs) StdoutLine: {'line': b'-- Installing: /home/subin/subin_ws/ADS_Mission_Normal/install/ad_msgs/share/ad_msgs/msg/LanePointData.idl\n'}
[10.323005] (ad_msgs) StdoutLine: {'line': b'-- Installing: /home/subin/subin_ws/ADS_Mission_Normal/install/ad_msgs/share/ad_msgs/msg/LanePointDataArray.idl\n'}
[10.323095] (ad_msgs) StdoutLine: {'line': b'-- Installing: /home/subin/subin_ws/ADS_Mission_Normal/install/ad_msgs/share/ad_msgs/msg/PolyfitLaneDataArray.idl\n'}
[10.323278] (ad_msgs) StdoutLine: {'line': b'-- Installing: /home/subin/subin_ws/ADS_Mission_Normal/install/ad_msgs/share/ad_msgs/msg/VehicleState.msg\n'}
[10.323332] (ad_msgs) StdoutLine: {'line': b'-- Installing: /home/subin/subin_ws/ADS_Mission_Normal/install/ad_msgs/share/ad_msgs/msg/VehicleCommand.msg\n'}
[10.323370] (ad_msgs) StdoutLine: {'line': b'-- Installing: /home/subin/subin_ws/ADS_Mission_Normal/install/ad_msgs/share/ad_msgs/msg/Mission.msg\n'}
[10.323452] (ad_msgs) StdoutLine: {'line': b'-- Installing: /home/subin/subin_ws/ADS_Mission_Normal/install/ad_msgs/share/ad_msgs/msg/MissionObject.msg\n'}
[10.323543] (ad_msgs) StdoutLine: {'line': b'-- Installing: /home/subin/subin_ws/ADS_Mission_Normal/install/ad_msgs/share/ad_msgs/msg/MissionRegion.msg\n'}
[10.323648] (ad_msgs) StdoutLine: {'line': b'-- Installing: /home/subin/subin_ws/ADS_Mission_Normal/install/ad_msgs/share/ad_msgs/msg/MissionDisplay.msg\n'}
[10.323878] (ad_msgs) StdoutLine: {'line': b'-- Installing: /home/subin/subin_ws/ADS_Mission_Normal/install/ad_msgs/share/ad_msgs/msg/PolyfitLaneData.msg\n'}
[10.323937] (ad_msgs) StdoutLine: {'line': b'-- Installing: /home/subin/subin_ws/ADS_Mission_Normal/install/ad_msgs/share/ad_msgs/msg/LanePointData.msg\n'}
[10.323999] (ad_msgs) StdoutLine: {'line': b'-- Installing: /home/subin/subin_ws/ADS_Mission_Normal/install/ad_msgs/share/ad_msgs/msg/LanePointDataArray.msg\n'}
[10.324102] (ad_msgs) StdoutLine: {'line': b'-- Installing: /home/subin/subin_ws/ADS_Mission_Normal/install/ad_msgs/share/ad_msgs/msg/PolyfitLaneDataArray.msg\n'}
[10.324206] (ad_msgs) StdoutLine: {'line': b'-- Installing: /home/subin/subin_ws/ADS_Mission_Normal/install/ad_msgs/share/ament_index/resource_index/package_run_dependencies/ad_msgs\n'}
[10.324311] (ad_msgs) StdoutLine: {'line': b'-- Installing: /home/subin/subin_ws/ADS_Mission_Normal/install/ad_msgs/share/ament_index/resource_index/parent_prefix_path/ad_msgs\n'}
[10.324510] (ad_msgs) StdoutLine: {'line': b'-- Installing: /home/subin/subin_ws/ADS_Mission_Normal/install/ad_msgs/share/ad_msgs/environment/ament_prefix_path.sh\n'}
[10.324602] (ad_msgs) StdoutLine: {'line': b'-- Installing: /home/subin/subin_ws/ADS_Mission_Normal/install/ad_msgs/share/ad_msgs/environment/ament_prefix_path.dsv\n'}
[10.324710] (ad_msgs) StdoutLine: {'line': b'-- Installing: /home/subin/subin_ws/ADS_Mission_Normal/install/ad_msgs/share/ad_msgs/environment/path.sh\n'}
[10.324810] (ad_msgs) StdoutLine: {'line': b'-- Installing: /home/subin/subin_ws/ADS_Mission_Normal/install/ad_msgs/share/ad_msgs/environment/path.dsv\n'}
[10.324900] (ad_msgs) StdoutLine: {'line': b'-- Installing: /home/subin/subin_ws/ADS_Mission_Normal/install/ad_msgs/share/ad_msgs/local_setup.bash\n'}
[10.325002] (ad_msgs) StdoutLine: {'line': b'-- Installing: /home/subin/subin_ws/ADS_Mission_Normal/install/ad_msgs/share/ad_msgs/local_setup.sh\n'}
[10.325277] (ad_msgs) StdoutLine: {'line': b'-- Installing: /home/subin/subin_ws/ADS_Mission_Normal/install/ad_msgs/share/ad_msgs/local_setup.zsh\n'}
[10.325620] (ad_msgs) StdoutLine: {'line': b'-- Installing: /home/subin/subin_ws/ADS_Mission_Normal/install/ad_msgs/share/ad_msgs/local_setup.dsv\n'}
[10.325757] (ad_msgs) StdoutLine: {'line': b'-- Installing: /home/subin/subin_ws/ADS_Mission_Normal/install/ad_msgs/share/ad_msgs/package.dsv\n'}
[10.325866] (ad_msgs) StdoutLine: {'line': b'-- Installing: /home/subin/subin_ws/ADS_Mission_Normal/install/ad_msgs/share/ament_index/resource_index/packages/ad_msgs\n'}
[10.325967] (ad_msgs) StdoutLine: {'line': b'-- Installing: /home/subin/subin_ws/ADS_Mission_Normal/install/ad_msgs/share/ad_msgs/cmake/export_ad_msgs__rosidl_generator_cExport.cmake\n'}
[10.326053] (ad_msgs) StdoutLine: {'line': b'-- Installing: /home/subin/subin_ws/ADS_Mission_Normal/install/ad_msgs/share/ad_msgs/cmake/export_ad_msgs__rosidl_generator_cExport-noconfig.cmake\n'}
[10.326140] (ad_msgs) StdoutLine: {'line': b'-- Installing: /home/subin/subin_ws/ADS_Mission_Normal/install/ad_msgs/share/ad_msgs/cmake/export_ad_msgs__rosidl_typesupport_fastrtps_cExport.cmake\n'}
[10.326231] (ad_msgs) StdoutLine: {'line': b'-- Installing: /home/subin/subin_ws/ADS_Mission_Normal/install/ad_msgs/share/ad_msgs/cmake/export_ad_msgs__rosidl_typesupport_fastrtps_cExport-noconfig.cmake\n'}
[10.326342] (ad_msgs) StdoutLine: {'line': b'-- Installing: /home/subin/subin_ws/ADS_Mission_Normal/install/ad_msgs/share/ad_msgs/cmake/ad_msgs__rosidl_typesupport_introspection_cExport.cmake\n'}
[10.326536] (ad_msgs) StdoutLine: {'line': b'-- Installing: /home/subin/subin_ws/ADS_Mission_Normal/install/ad_msgs/share/ad_msgs/cmake/ad_msgs__rosidl_typesupport_introspection_cExport-noconfig.cmake\n'}
[10.326605] (ad_msgs) StdoutLine: {'line': b'-- Installing: /home/subin/subin_ws/ADS_Mission_Normal/install/ad_msgs/share/ad_msgs/cmake/ad_msgs__rosidl_typesupport_cExport.cmake\n'}
[10.326671] (ad_msgs) StdoutLine: {'line': b'-- Installing: /home/subin/subin_ws/ADS_Mission_Normal/install/ad_msgs/share/ad_msgs/cmake/ad_msgs__rosidl_typesupport_cExport-noconfig.cmake\n'}
[10.326759] (ad_msgs) StdoutLine: {'line': b'-- Installing: /home/subin/subin_ws/ADS_Mission_Normal/install/ad_msgs/share/ad_msgs/cmake/export_ad_msgs__rosidl_generator_cppExport.cmake\n'}
[10.326946] (ad_msgs) StdoutLine: {'line': b'-- Installing: /home/subin/subin_ws/ADS_Mission_Normal/install/ad_msgs/share/ad_msgs/cmake/export_ad_msgs__rosidl_typesupport_fastrtps_cppExport.cmake\n'}
[10.326994] (ad_msgs) StdoutLine: {'line': b'-- Installing: /home/subin/subin_ws/ADS_Mission_Normal/install/ad_msgs/share/ad_msgs/cmake/export_ad_msgs__rosidl_typesupport_fastrtps_cppExport-noconfig.cmake\n'}
[10.327087] (ad_msgs) StdoutLine: {'line': b'-- Installing: /home/subin/subin_ws/ADS_Mission_Normal/install/ad_msgs/share/ad_msgs/cmake/ad_msgs__rosidl_typesupport_introspection_cppExport.cmake\n'}
[10.327214] (ad_msgs) StdoutLine: {'line': b'-- Installing: /home/subin/subin_ws/ADS_Mission_Normal/install/ad_msgs/share/ad_msgs/cmake/ad_msgs__rosidl_typesupport_introspection_cppExport-noconfig.cmake\n'}
[10.327301] (ad_msgs) StdoutLine: {'line': b'-- Installing: /home/subin/subin_ws/ADS_Mission_Normal/install/ad_msgs/share/ad_msgs/cmake/ad_msgs__rosidl_typesupport_cppExport.cmake\n'}
[10.327403] (ad_msgs) StdoutLine: {'line': b'-- Installing: /home/subin/subin_ws/ADS_Mission_Normal/install/ad_msgs/share/ad_msgs/cmake/ad_msgs__rosidl_typesupport_cppExport-noconfig.cmake\n'}
[10.327569] (ad_msgs) StdoutLine: {'line': b'-- Installing: /home/subin/subin_ws/ADS_Mission_Normal/install/ad_msgs/share/ad_msgs/cmake/export_ad_msgs__rosidl_generator_pyExport.cmake\n'}
[10.327621] (ad_msgs) StdoutLine: {'line': b'-- Installing: /home/subin/subin_ws/ADS_Mission_Normal/install/ad_msgs/share/ad_msgs/cmake/export_ad_msgs__rosidl_generator_pyExport-noconfig.cmake\n'}
[10.327723] (ad_msgs) StdoutLine: {'line': b'-- Installing: /home/subin/subin_ws/ADS_Mission_Normal/install/ad_msgs/share/ad_msgs/cmake/rosidl_cmake-extras.cmake\n'}
[10.327820] (ad_msgs) StdoutLine: {'line': b'-- Installing: /home/subin/subin_ws/ADS_Mission_Normal/install/ad_msgs/share/ad_msgs/cmake/ament_cmake_export_dependencies-extras.cmake\n'}
[10.328004] (ad_msgs) StdoutLine: {'line': b'-- Installing: /home/subin/subin_ws/ADS_Mission_Normal/install/ad_msgs/share/ad_msgs/cmake/ament_cmake_export_include_directories-extras.cmake\n'}
[10.328051] (ad_msgs) StdoutLine: {'line': b'-- Installing: /home/subin/subin_ws/ADS_Mission_Normal/install/ad_msgs/share/ad_msgs/cmake/ament_cmake_export_libraries-extras.cmake\n'}
[10.328174] (ad_msgs) StdoutLine: {'line': b'-- Installing: /home/subin/subin_ws/ADS_Mission_Normal/install/ad_msgs/share/ad_msgs/cmake/ament_cmake_export_targets-extras.cmake\n'}
[10.328216] (ad_msgs) StdoutLine: {'line': b'-- Installing: /home/subin/subin_ws/ADS_Mission_Normal/install/ad_msgs/share/ad_msgs/cmake/rosidl_cmake_export_typesupport_targets-extras.cmake\n'}
[10.328251] (ad_msgs) StdoutLine: {'line': b'-- Installing: /home/subin/subin_ws/ADS_Mission_Normal/install/ad_msgs/share/ad_msgs/cmake/rosidl_cmake_export_typesupport_libraries-extras.cmake\n'}
[10.328285] (ad_msgs) StdoutLine: {'line': b'-- Installing: /home/subin/subin_ws/ADS_Mission_Normal/install/ad_msgs/share/ad_msgs/cmake/ad_msgsConfig.cmake\n'}
[10.328317] (ad_msgs) StdoutLine: {'line': b'-- Installing: /home/subin/subin_ws/ADS_Mission_Normal/install/ad_msgs/share/ad_msgs/cmake/ad_msgsConfig-version.cmake\n'}
[10.328349] (ad_msgs) StdoutLine: {'line': b'-- Installing: /home/subin/subin_ws/ADS_Mission_Normal/install/ad_msgs/share/ad_msgs/package.xml\n'}
[10.330495] (ad_msgs) CommandEnded: {'returncode': 0}
[10.347700] (ad_msgs) JobEnded: {'identifier': 'ad_msgs', 'rc': 0}
[10.349021] (autonomous_driving) JobStarted: {'identifier': 'autonomous_driving'}
[10.351097] (evaluation) JobStarted: {'identifier': 'evaluation'}
[10.355060] (mission_manager) JobStarted: {'identifier': 'mission_manager'}
[10.359608] (simulator) JobStarted: {'identifier': 'simulator'}
[10.362399] (-) TimerEvent: {}
[10.462766] (-) TimerEvent: {}
[10.466966] (evaluation) JobProgress: {'identifier': 'evaluation', 'progress': 'cmake'}
[10.468045] (evaluation) Command: {'cmd': ['/usr/bin/cmake', '/home/subin/subin_ws/ADS_Mission_Normal/src/app/evaluation', '-DCMAKE_INSTALL_PREFIX=/home/subin/subin_ws/ADS_Mission_Normal/install/evaluation'], 'cwd': '/home/subin/subin_ws/ADS_Mission_Normal/build/evaluation', 'env': OrderedDict([('LESSOPEN', '| /usr/bin/lesspipe %s'), ('USER', 'subin'), ('GIT_ASKPASS', '/home/subin/.vscode-server/bin/618725e67565b290ba4da6fe2d29f8fa1d4e3622/extensions/git/dist/askpass.sh'), ('SHLVL', '1'), ('LIBGL_ALWAYS_SOFTWARE', '1'), ('LD_LIBRARY_PATH', '/home/subin/subin_ws/ADS_Mission_Normal/install/ad_msgs/lib:/home/subin/subin_ws/Autonomous_Driving_Software_Final/install/ad_msgs/lib:/home/subin/subin_ws/ADS_Final_MissionHard/install/ad_msgs/lib:/opt/ros/humble/opt/rviz_ogre_vendor/lib:/opt/ros/humble/lib/x86_64-linux-gnu:/opt/ros/humble/lib'), ('MOTD_SHOWN', 'update-motd'), ('HOME', '/home/subin'), ('OLDPWD', '/home/subin/subin_ws'), ('TERM_PROGRAM_VERSION', '1.107.0'), ('VSCODE_IPC_HOOK_CLI', '/run/user/1000/vscode-ipc-f97671c4-95e5-4510-9f32-bda01c3d6561.sock'), ('ROS_PYTHON_VERSION', '3'), ('VSCODE_GIT_ASKPASS_MAIN', '/home/subin/.vscode-server/bin/618725e67565b290ba4da6fe2d29f8fa1d4e3622/extensions/git/dist/askpass-main.js'), ('VSCODE_GIT_ASKPASS_NODE', '/home/subin/.vscode-server/bin/618725e67565b290ba4da6fe2d29f8fa1d4e3622/node'), ('VSCODE_PYTHON_AUTOACTIVATE_GUARD', '1'), ('DBUS_SESSION_BUS_ADDRESS', 'unix:path=/run/user/1000/bus'), ('COLORTERM', 'truecolor'), ('WSL_DISTRO_NAME', 'Ubuntu-22.04'), ('WAYLAND_DISPLAY', 'wayland-0'), ('COLCON_PREFIX_PATH', '/home/subin/subin_ws/Autonomous_Driving_Software_Final/install:/home/subin/subin_ws/ADS_Final_MissionHard/install'), ('ROS_DISTRO', 'humble'), ('LOGNAME', 'subin'), ('NAME', 'GalaxyBook4Pro-427M5'), ('WSL_INTEROP', '/run/WSL/71539_interop'), ('PULSE_SERVER', 'unix:/mnt/wslg/PulseServer'), ('_', '/usr/bin/colcon'), ('ROS_VERSION', '2'), ('TERM', 'xterm-256color'), ('ROS_LOCALHOST_ONLY', '0'), ('PATH', '/home/subin/.vscode-server/data/User/globalStorage/github.copilot-chat/debugCommand:/home/subin/.vscode-server/data/User/globalStorage/github.copilot-chat/copilotCli:/home/subin/.vscode-server/bin/618725e67565b290ba4da6fe2d29f8fa1d4e3622/bin/remote-cli:/opt/ros/humble/bin:/usr/local/sbin:/usr/local/bin:/usr/sbin:/usr/bin:/sbin:/bin:/usr/games:/usr/local/games:/usr/lib/wsl/lib:/mnt/c/Program Files/Microsoft/jdk-17.0.16.8-hotspot/bin:/mnt/c/Program Files/Eclipse Adoptium/jdk-17.0.16.8-hotspot/bin:/mnt/c/Python313/Scripts/:/mnt/c/Python313/:/mnt/c/WINDOWS/system32:/mnt/c/WINDOWS:/mnt/c/WINDOWS/System32/Wbem:/mnt/c/WINDOWS/System32/WindowsPowerShell/v1.0/:/mnt/c/WINDOWS/System32/OpenSSH/:/mnt/c/ProgramData/chocolatey/bin:/mnt/c/Program Files/Docker/Docker/resources/bin:/mnt/c/Program Files (x86)/Windows Kits/10/Windows Performance Toolkit/:/mnt/c/Program Files/Microsoft/jdk-17.0.16.8-hotspot/bin:/mnt/c/Users/soo16/OneDrive/바탕 화면/Graphviz/bin:/mnt/c/:/mnt/c/Users/soo16/AppData/Local/nvm:/mnt/c/nvm4w/nodejs:/mnt/c/Program Files/Git/cmd:/mnt/c/Program Files/MySQL/MySQL Shell 8.0/bin/:/mnt/c/Users/soo16/AppData/Local/Programs/Python/Python312/Scripts/:/mnt/c/Users/soo16/AppData/Local/Programs/Python/Python312/:/mnt/c/Users/soo16/AppData/Local/Microsoft/WindowsApps:/mnt/c/Users/soo16/AppData/Local/afreeca:/mnt/c/Users/soo16/AppData/Local/Programs/Microsoft VS Code/bin:/mnt/c/Users/soo16/AppData/Local/SOOP:/mnt/c/Users/soo16/AppData/Local/GitHubDesktop/bin:/mnt/c/Program Files/Eclipse Adoptium/jdk-17.0.16.8-hotspot/bin:/mnt/c/Users/soo16/AppData/Local/Android/Sdk/platform-tools:/mnt/c/Users/soo16/AppData/Local/nvm:/mnt/c/nvm4w/nodejs:/snap/bin'), ('XDG_RUNTIME_DIR', '/run/user/1000/'), ('DISPLAY', ':0'), ('LANG', 'C.UTF-8'), ('LS_COLORS', 'rs=0:di=01;34:ln=01;36:mh=00:pi=40;33:so=01;35:do=01;35:bd=40;33;01:cd=40;33;01:or=40;31;01:mi=00:su=37;41:sg=30;43:ca=30;41:tw=30;42:ow=34;42:st=37;44:ex=01;32:*.tar=01;31:*.tgz=01;31:*.arc=01;31:*.arj=01;31:*.taz=01;31:*.lha=01;31:*.lz4=01;31:*.lzh=01;31:*.lzma=01;31:*.tlz=01;31:*.txz=01;31:*.tzo=01;31:*.t7z=01;31:*.zip=01;31:*.z=01;31:*.dz=01;31:*.gz=01;31:*.lrz=01;31:*.lz=01;31:*.lzo=01;31:*.xz=01;31:*.zst=01;31:*.tzst=01;31:*.bz2=01;31:*.bz=01;31:*.tbz=01;31:*.tbz2=01;31:*.tz=01;31:*.deb=01;31:*.rpm=01;31:*.jar=01;31:*.war=01;31:*.ear=01;31:*.sar=01;31:*.rar=01;31:*.alz=01;31:*.ace=01;31:*.zoo=01;31:*.cpio=01;31:*.7z=01;31:*.rz=01;31:*.cab=01;31:*.wim=01;31:*.swm=01;31:*.dwm=01;31:*.esd=01;31:*.jpg=01;35:*.jpeg=01;35:*.mjpg=01;35:*.mjpeg=01;35:*.gif=01;35:*.bmp=01;35:*.pbm=01;35:*.pgm=01;35:*.ppm=01;35:*.tga=01;35:*.xbm=01;35:*.xpm=01;35:*.tif=01;35:*.tiff=01;35:*.png=01;35:*.svg=01;35:*.svgz=01;35:*.mng=01;35:*.pcx=01;35:*.mov=01;35:*.mpg=01;35:*.mpeg=01;35:*.m2v=01;35:*.mkv=01;35:*.webm=01;35:*.webp=01;35:*.ogm=01;35:*.mp4=01;35:*.m4v=01;35:*.mp4v=01;35:*.vob=01;35:*.qt=01;35:*.nuv=01;35:*.wmv=01;35:*.asf=01;35:*.rm=01;35:*.rmvb=01;35:*.flc=01;35:*.avi=01;35:*.fli=01;35:*.flv=01;35:*.gl=01;35:*.dl=01;35:*.xcf=01;35:*.xwd=01;35:*.yuv=01;35:*.cgm=01;35:*.emf=01;35:*.ogv=01;35:*.ogx=01;35:*.aac=00;36:*.au=00;36:*.flac=00;36:*.m4a=00;36:*.mid=00;36:*.midi=00;36:*.mka=00;36:*.mp3=00;36:*.mpc=00;36:*.ogg=00;36:*.ra=00;36:*.wav=00;36:*.oga=00;36:*.opus=00;36:*.spx=00;36:*.xspf=00;36:'), ('VSCODE_GIT_IPC_HANDLE', '/run/user/1000/vscode-git-c2f421b98a.sock'), ('TERM_PROGRAM', 'vscode'), ('AMENT_PREFIX_PATH', '/home/subin/subin_ws/ADS_Mission_Normal/install/ad_msgs:/home/subin/subin_ws/Autonomous_Driving_Software_Final/install/simulator:/home/subin/subin_ws/Autonomous_Driving_Software_Final/install/mission_manager:/home/subin/subin_ws/Autonomous_Driving_Software_Final/install/evaluation:/home/subin/subin_ws/Autonomous_Driving_Software_Final/install/autonomous_driving:/home/subin/subin_ws/Autonomous_Driving_Software_Final/install/ad_msgs:/home/subin/subin_ws/ADS_Final_MissionHard/install/simulator:/home/subin/subin_ws/ADS_Final_MissionHard/install/mission_manager:/home/subin/subin_ws/ADS_Final_MissionHard/install/evaluation:/home/subin/subin_ws/ADS_Final_MissionHard/install/autonomous_driving:/home/subin/subin_ws/ADS_Final_MissionHard/install/ad_msgs:/opt/ros/humble'), ('SHELL', '/bin/bash'), ('LESSCLOSE', '/usr/bin/lesspipe %s %s'), ('VSCODE_GIT_ASKPASS_EXTRA_ARGS', ''), ('PWD', '/home/subin/subin_ws/ADS_Mission_Normal/build/evaluation'), ('XDG_DATA_DIRS', '/usr/local/share:/usr/share:/var/lib/snapd/desktop'), ('PYTHONPATH', '/home/subin/subin_ws/ADS_Mission_Normal/install/ad_msgs/local/lib/python3.10/dist-packages:/home/subin/subin_ws/Autonomous_Driving_Software_Final/install/ad_msgs/local/lib/python3.10/dist-packages:/home/subin/subin_ws/ADS_Final_MissionHard/install/ad_msgs/local/lib/python3.10/dist-packages:/opt/ros/humble/lib/python3.10/site-packages:/opt/ros/humble/local/lib/python3.10/dist-packages'), ('COLCON', '1'), ('WSL2_GUI_APPS_ENABLED', '1'), ('HOSTTYPE', 'x86_64'), ('CMAKE_PREFIX_PATH', '/home/subin/subin_ws/ADS_Mission_Normal/install/ad_msgs:/home/subin/subin_ws/Autonomous_Driving_Software_Final/install/simulator:/home/subin/subin_ws/Autonomous_Driving_Software_Final/install/mission_manager:/home/subin/subin_ws/Autonomous_Driving_Software_Final/install/evaluation:/home/subin/subin_ws/Autonomous_Driving_Software_Final/install/autonomous_driving:/home/subin/subin_ws/Autonomous_Driving_Software_Final/install/ad_msgs:/home/subin/subin_ws/ADS_Final_MissionHard/install/simulator:/home/subin/subin_ws/ADS_Final_MissionHard/install/mission_manager:/home/subin/subin_ws/ADS_Final_MissionHard/install/evaluation:/home/subin/subin_ws/ADS_Final_MissionHard/install/autonomous_driving:/home/subin/subin_ws/ADS_Final_MissionHard/install/ad_msgs:/opt/ros/humble'), ('WSLENV', 'VSCODE_WSL_EXT_LOCATION/up')]), 'shell': False}
[10.472117] (mission_manager) JobProgress: {'identifier': 'mission_manager', 'progress': 'cmake'}
[10.472551] (mission_manager) Command: {'cmd': ['/usr/bin/cmake', '/home/subin/subin_ws/ADS_Mission_Normal/src/app/mission_manager', '-DCMAKE_INSTALL_PREFIX=/home/subin/subin_ws/ADS_Mission_Normal/install/mission_manager'], 'cwd': '/home/subin/subin_ws/ADS_Mission_Normal/build/mission_manager', 'env': OrderedDict([('LESSOPEN', '| /usr/bin/lesspipe %s'), ('USER', 'subin'), ('GIT_ASKPASS', '/home/subin/.vscode-server/bin/618725e67565b290ba4da6fe2d29f8fa1d4e3622/extensions/git/dist/askpass.sh'), ('SHLVL', '1'), ('LIBGL_ALWAYS_SOFTWARE', '1'), ('LD_LIBRARY_PATH', '/home/subin/subin_ws/ADS_Mission_Normal/install/ad_msgs/lib:/home/subin/subin_ws/Autonomous_Driving_Software_Final/install/ad_msgs/lib:/home/subin/subin_ws/ADS_Final_MissionHard/install/ad_msgs/lib:/opt/ros/humble/opt/rviz_ogre_vendor/lib:/opt/ros/humble/lib/x86_64-linux-gnu:/opt/ros/humble/lib'), ('MOTD_SHOWN', 'update-motd'), ('HOME', '/home/subin'), ('OLDPWD', '/home/subin/subin_ws'), ('TERM_PROGRAM_VERSION', '1.107.0'), ('VSCODE_IPC_HOOK_CLI', '/run/user/1000/vscode-ipc-f97671c4-95e5-4510-9f32-bda01c3d6561.sock'), ('ROS_PYTHON_VERSION', '3'), ('VSCODE_GIT_ASKPASS_MAIN', '/home/subin/.vscode-server/bin/618725e67565b290ba4da6fe2d29f8fa1d4e3622/extensions/git/dist/askpass-main.js'), ('VSCODE_GIT_ASKPASS_NODE', '/home/subin/.vscode-server/bin/618725e67565b290ba4da6fe2d29f8fa1d4e3622/node'), ('VSCODE_PYTHON_AUTOACTIVATE_GUARD', '1'), ('DBUS_SESSION_BUS_ADDRESS', 'unix:path=/run/user/1000/bus'), ('COLORTERM', 'truecolor'), ('WSL_DISTRO_NAME', 'Ubuntu-22.04'), ('WAYLAND_DISPLAY', 'wayland-0'), ('COLCON_PREFIX_PATH', '/home/subin/subin_ws/Autonomous_Driving_Software_Final/install:/home/subin/subin_ws/ADS_Final_MissionHard/install'), ('ROS_DISTRO', 'humble'), ('LOGNAME', 'subin'), ('NAME', 'GalaxyBook4Pro-427M5'), ('WSL_INTEROP', '/run/WSL/71539_interop'), ('PULSE_SERVER', 'unix:/mnt/wslg/PulseServer'), ('_', '/usr/bin/colcon'), ('ROS_VERSION', '2'), ('TERM', 'xterm-256color'), ('ROS_LOCALHOST_ONLY', '0'), ('PATH', '/home/subin/.vscode-server/data/User/globalStorage/github.copilot-chat/debugCommand:/home/subin/.vscode-server/data/User/globalStorage/github.copilot-chat/copilotCli:/home/subin/.vscode-server/bin/618725e67565b290ba4da6fe2d29f8fa1d4e3622/bin/remote-cli:/opt/ros/humble/bin:/usr/local/sbin:/usr/local/bin:/usr/sbin:/usr/bin:/sbin:/bin:/usr/games:/usr/local/games:/usr/lib/wsl/lib:/mnt/c/Program Files/Microsoft/jdk-17.0.16.8-hotspot/bin:/mnt/c/Program Files/Eclipse Adoptium/jdk-17.0.16.8-hotspot/bin:/mnt/c/Python313/Scripts/:/mnt/c/Python313/:/mnt/c/WINDOWS/system32:/mnt/c/WINDOWS:/mnt/c/WINDOWS/System32/Wbem:/mnt/c/WINDOWS/System32/WindowsPowerShell/v1.0/:/mnt/c/WINDOWS/System32/OpenSSH/:/mnt/c/ProgramData/chocolatey/bin:/mnt/c/Program Files/Docker/Docker/resources/bin:/mnt/c/Program Files (x86)/Windows Kits/10/Windows Performance Toolkit/:/mnt/c/Program Files/Microsoft/jdk-17.0.16.8-hotspot/bin:/mnt/c/Users/soo16/OneDrive/바탕 화면/Graphviz/bin:/mnt/c/:/mnt/c/Users/soo16/AppData/Local/nvm:/mnt/c/nvm4w/nodejs:/mnt/c/Program Files/Git/cmd:/mnt/c/Program Files/MySQL/MySQL Shell 8.0/bin/:/mnt/c/Users/soo16/AppData/Local/Programs/Python/Python312/Scripts/:/mnt/c/Users/soo16/AppData/Local/Programs/Python/Python312/:/mnt/c/Users/soo16/AppData/Local/Microsoft/WindowsApps:/mnt/c/Users/soo16/AppData/Local/afreeca:/mnt/c/Users/soo16/AppData/Local/Programs/Microsoft VS Code/bin:/mnt/c/Users/soo16/AppData/Local/SOOP:/mnt/c/Users/soo16/AppData/Local/GitHubDesktop/bin:/mnt/c/Program Files/Eclipse Adoptium/jdk-17.0.16.8-hotspot/bin:/mnt/c/Users/soo16/AppData/Local/Android/Sdk/platform-tools:/mnt/c/Users/soo16/AppData/Local/nvm:/mnt/c/nvm4w/nodejs:/snap/bin'), ('XDG_RUNTIME_DIR', '/run/user/1000/'), ('DISPLAY', ':0'), ('LANG', 'C.UTF-8'), ('LS_COLORS', 'rs=0:di=01;34:ln=01;36:mh=00:pi=40;33:so=01;35:do=01;35:bd=40;33;01:cd=40;33;01:or=40;31;01:mi=00:su=37;41:sg=30;43:ca=30;41:tw=30;42:ow=34;42:st=37;44:ex=01;32:*.tar=01;31:*.tgz=01;31:*.arc=01;31:*.arj=01;31:*.taz=01;31:*.lha=01;31:*.lz4=01;31:*.lzh=01;31:*.lzma=01;31:*.tlz=01;31:*.txz=01;31:*.tzo=01;31:*.t7z=01;31:*.zip=01;31:*.z=01;31:*.dz=01;31:*.gz=01;31:*.lrz=01;31:*.lz=01;31:*.lzo=01;31:*.xz=01;31:*.zst=01;31:*.tzst=01;31:*.bz2=01;31:*.bz=01;31:*.tbz=01;31:*.tbz2=01;31:*.tz=01;31:*.deb=01;31:*.rpm=01;31:*.jar=01;31:*.war=01;31:*.ear=01;31:*.sar=01;31:*.rar=01;31:*.alz=01;31:*.ace=01;31:*.zoo=01;31:*.cpio=01;31:*.7z=01;31:*.rz=01;31:*.cab=01;31:*.wim=01;31:*.swm=01;31:*.dwm=01;31:*.esd=01;31:*.jpg=01;35:*.jpeg=01;35:*.mjpg=01;35:*.mjpeg=01;35:*.gif=01;35:*.bmp=01;35:*.pbm=01;35:*.pgm=01;35:*.ppm=01;35:*.tga=01;35:*.xbm=01;35:*.xpm=01;35:*.tif=01;35:*.tiff=01;35:*.png=01;35:*.svg=01;35:*.svgz=01;35:*.mng=01;35:*.pcx=01;35:*.mov=01;35:*.mpg=01;35:*.mpeg=01;35:*.m2v=01;35:*.mkv=01;35:*.webm=01;35:*.webp=01;35:*.ogm=01;35:*.mp4=01;35:*.m4v=01;35:*.mp4v=01;35:*.vob=01;35:*.qt=01;35:*.nuv=01;35:*.wmv=01;35:*.asf=01;35:*.rm=01;35:*.rmvb=01;35:*.flc=01;35:*.avi=01;35:*.fli=01;35:*.flv=01;35:*.gl=01;35:*.dl=01;35:*.xcf=01;35:*.xwd=01;35:*.yuv=01;35:*.cgm=01;35:*.emf=01;35:*.ogv=01;35:*.ogx=01;35:*.aac=00;36:*.au=00;36:*.flac=00;36:*.m4a=00;36:*.mid=00;36:*.midi=00;36:*.mka=00;36:*.mp3=00;36:*.mpc=00;36:*.ogg=00;36:*.ra=00;36:*.wav=00;36:*.oga=00;36:*.opus=00;36:*.spx=00;36:*.xspf=00;36:'), ('VSCODE_GIT_IPC_HANDLE', '/run/user/1000/vscode-git-c2f421b98a.sock'), ('TERM_PROGRAM', 'vscode'), ('AMENT_PREFIX_PATH', '/home/subin/subin_ws/ADS_Mission_Normal/install/ad_msgs:/home/subin/subin_ws/Autonomous_Driving_Software_Final/install/simulator:/home/subin/subin_ws/Autonomous_Driving_Software_Final/install/mission_manager:/home/subin/subin_ws/Autonomous_Driving_Software_Final/install/evaluation:/home/subin/subin_ws/Autonomous_Driving_Software_Final/install/autonomous_driving:/home/subin/subin_ws/Autonomous_Driving_Software_Final/install/ad_msgs:/home/subin/subin_ws/ADS_Final_MissionHard/install/simulator:/home/subin/subin_ws/ADS_Final_MissionHard/install/mission_manager:/home/subin/subin_ws/ADS_Final_MissionHard/install/evaluation:/home/subin/subin_ws/ADS_Final_MissionHard/install/autonomous_driving:/home/subin/subin_ws/ADS_Final_MissionHard/install/ad_msgs:/opt/ros/humble'), ('SHELL', '/bin/bash'), ('LESSCLOSE', '/usr/bin/lesspipe %s %s'), ('VSCODE_GIT_ASKPASS_EXTRA_ARGS', ''), ('PWD', '/home/subin/subin_ws/ADS_Mission_Normal/build/mission_manager'), ('XDG_DATA_DIRS', '/usr/local/share:/usr/share:/var/lib/snapd/desktop'), ('PYTHONPATH', '/home/subin/subin_ws/ADS_Mission_Normal/install/ad_msgs/local/lib/python3.10/dist-packages:/home/subin/subin_ws/Autonomous_Driving_Software_Final/install/ad_msgs/local/lib/python3.10/dist-packages:/home/subin/subin_ws/ADS_Final_MissionHard/install/ad_msgs/local/lib/python3.10/dist-packages:/opt/ros/humble/lib/python3.10/site-packages:/opt/ros/humble/local/lib/python3.10/dist-packages'), ('COLCON', '1'), ('WSL2_GUI_APPS_ENABLED', '1'), ('HOSTTYPE', 'x86_64'), ('CMAKE_PREFIX_PATH', '/home/subin/subin_ws/ADS_Mission_Normal/install/ad_msgs:/home/subin/subin_ws/Autonomous_Driving_Software_Final/install/simulator:/home/subin/subin_ws/Autonomous_Driving_Software_Final/install/mission_manager:/home/subin/subin_ws/Autonomous_Driving_Software_Final/install/evaluation:/home/subin/subin_ws/Autonomous_Driving_Software_Final/install/autonomous_driving:/home/subin/subin_ws/Autonomous_Driving_Software_Final/install/ad_msgs:/home/subin/subin_ws/ADS_Final_MissionHard/install/simulator:/home/subin/subin_ws/ADS_Final_MissionHard/install/mission_manager:/home/subin/subin_ws/ADS_Final_MissionHard/install/evaluation:/home/subin/subin_ws/ADS_Final_MissionHard/install/autonomous_driving:/home/subin/subin_ws/ADS_Final_MissionHard/install/ad_msgs:/opt/ros/humble'), ('WSLENV', 'VSCODE_WSL_EXT_LOCATION/up')]), 'shell': False}
[10.475967] (autonomous_driving) JobProgress: {'identifier': 'autonomous_driving', 'progress': 'cmake'}
[10.477847] (autonomous_driving) Command: {'cmd': ['/usr/bin/cmake', '/home/subin/subin_ws/ADS_Mission_Normal/src/app/autonomous_driving', '-DCMAKE_INSTALL_PREFIX=/home/subin/subin_ws/ADS_Mission_Normal/install/autonomous_driving'], 'cwd': '/home/subin/subin_ws/ADS_Mission_Normal/build/autonomous_driving', 'env': OrderedDict([('LESSOPEN', '| /usr/bin/lesspipe %s'), ('USER', 'subin'), ('GIT_ASKPASS', '/home/subin/.vscode-server/bin/618725e67565b290ba4da6fe2d29f8fa1d4e3622/extensions/git/dist/askpass.sh'), ('SHLVL', '1'), ('LIBGL_ALWAYS_SOFTWARE', '1'), ('LD_LIBRARY_PATH', '/home/subin/subin_ws/ADS_Mission_Normal/install/ad_msgs/lib:/home/subin/subin_ws/Autonomous_Driving_Software_Final/install/ad_msgs/lib:/home/subin/subin_ws/ADS_Final_MissionHard/install/ad_msgs/lib:/opt/ros/humble/opt/rviz_ogre_vendor/lib:/opt/ros/humble/lib/x86_64-linux-gnu:/opt/ros/humble/lib'), ('MOTD_SHOWN', 'update-motd'), ('HOME', '/home/subin'), ('OLDPWD', '/home/subin/subin_ws'), ('TERM_PROGRAM_VERSION', '1.107.0'), ('VSCODE_IPC_HOOK_CLI', '/run/user/1000/vscode-ipc-f97671c4-95e5-4510-9f32-bda01c3d6561.sock'), ('ROS_PYTHON_VERSION', '3'), ('VSCODE_GIT_ASKPASS_MAIN', '/home/subin/.vscode-server/bin/618725e67565b290ba4da6fe2d29f8fa1d4e3622/extensions/git/dist/askpass-main.js'), ('VSCODE_GIT_ASKPASS_NODE', '/home/subin/.vscode-server/bin/618725e67565b290ba4da6fe2d29f8fa1d4e3622/node'), ('VSCODE_PYTHON_AUTOACTIVATE_GUARD', '1'), ('DBUS_SESSION_BUS_ADDRESS', 'unix:path=/run/user/1000/bus'), ('COLORTERM', 'truecolor'), ('WSL_DISTRO_NAME', 'Ubuntu-22.04'), ('WAYLAND_DISPLAY', 'wayland-0'), ('COLCON_PREFIX_PATH', '/home/subin/subin_ws/Autonomous_Driving_Software_Final/install:/home/subin/subin_ws/ADS_Final_MissionHard/install'), ('ROS_DISTRO', 'humble'), ('LOGNAME', 'subin'), ('NAME', 'GalaxyBook4Pro-427M5'), ('WSL_INTEROP', '/run/WSL/71539_interop'), ('PULSE_SERVER', 'unix:/mnt/wslg/PulseServer'), ('_', '/usr/bin/colcon'), ('ROS_VERSION', '2'), ('TERM', 'xterm-256color'), ('ROS_LOCALHOST_ONLY', '0'), ('PATH', '/home/subin/.vscode-server/data/User/globalStorage/github.copilot-chat/debugCommand:/home/subin/.vscode-server/data/User/globalStorage/github.copilot-chat/copilotCli:/home/subin/.vscode-server/bin/618725e67565b290ba4da6fe2d29f8fa1d4e3622/bin/remote-cli:/opt/ros/humble/bin:/usr/local/sbin:/usr/local/bin:/usr/sbin:/usr/bin:/sbin:/bin:/usr/games:/usr/local/games:/usr/lib/wsl/lib:/mnt/c/Program Files/Microsoft/jdk-17.0.16.8-hotspot/bin:/mnt/c/Program Files/Eclipse Adoptium/jdk-17.0.16.8-hotspot/bin:/mnt/c/Python313/Scripts/:/mnt/c/Python313/:/mnt/c/WINDOWS/system32:/mnt/c/WINDOWS:/mnt/c/WINDOWS/System32/Wbem:/mnt/c/WINDOWS/System32/WindowsPowerShell/v1.0/:/mnt/c/WINDOWS/System32/OpenSSH/:/mnt/c/ProgramData/chocolatey/bin:/mnt/c/Program Files/Docker/Docker/resources/bin:/mnt/c/Program Files (x86)/Windows Kits/10/Windows Performance Toolkit/:/mnt/c/Program Files/Microsoft/jdk-17.0.16.8-hotspot/bin:/mnt/c/Users/soo16/OneDrive/바탕 화면/Graphviz/bin:/mnt/c/:/mnt/c/Users/soo16/AppData/Local/nvm:/mnt/c/nvm4w/nodejs:/mnt/c/Program Files/Git/cmd:/mnt/c/Program Files/MySQL/MySQL Shell 8.0/bin/:/mnt/c/Users/soo16/AppData/Local/Programs/Python/Python312/Scripts/:/mnt/c/Users/soo16/AppData/Local/Programs/Python/Python312/:/mnt/c/Users/soo16/AppData/Local/Microsoft/WindowsApps:/mnt/c/Users/soo16/AppData/Local/afreeca:/mnt/c/Users/soo16/AppData/Local/Programs/Microsoft VS Code/bin:/mnt/c/Users/soo16/AppData/Local/SOOP:/mnt/c/Users/soo16/AppData/Local/GitHubDesktop/bin:/mnt/c/Program Files/Eclipse Adoptium/jdk-17.0.16.8-hotspot/bin:/mnt/c/Users/soo16/AppData/Local/Android/Sdk/platform-tools:/mnt/c/Users/soo16/AppData/Local/nvm:/mnt/c/nvm4w/nodejs:/snap/bin'), ('XDG_RUNTIME_DIR', '/run/user/1000/'), ('DISPLAY', ':0'), ('LANG', 'C.UTF-8'), ('LS_COLORS', 'rs=0:di=01;34:ln=01;36:mh=00:pi=40;33:so=01;35:do=01;35:bd=40;33;01:cd=40;33;01:or=40;31;01:mi=00:su=37;41:sg=30;43:ca=30;41:tw=30;42:ow=34;42:st=37;44:ex=01;32:*.tar=01;31:*.tgz=01;31:*.arc=01;31:*.arj=01;31:*.taz=01;31:*.lha=01;31:*.lz4=01;31:*.lzh=01;31:*.lzma=01;31:*.tlz=01;31:*.txz=01;31:*.tzo=01;31:*.t7z=01;31:*.zip=01;31:*.z=01;31:*.dz=01;31:*.gz=01;31:*.lrz=01;31:*.lz=01;31:*.lzo=01;31:*.xz=01;31:*.zst=01;31:*.tzst=01;31:*.bz2=01;31:*.bz=01;31:*.tbz=01;31:*.tbz2=01;31:*.tz=01;31:*.deb=01;31:*.rpm=01;31:*.jar=01;31:*.war=01;31:*.ear=01;31:*.sar=01;31:*.rar=01;31:*.alz=01;31:*.ace=01;31:*.zoo=01;31:*.cpio=01;31:*.7z=01;31:*.rz=01;31:*.cab=01;31:*.wim=01;31:*.swm=01;31:*.dwm=01;31:*.esd=01;31:*.jpg=01;35:*.jpeg=01;35:*.mjpg=01;35:*.mjpeg=01;35:*.gif=01;35:*.bmp=01;35:*.pbm=01;35:*.pgm=01;35:*.ppm=01;35:*.tga=01;35:*.xbm=01;35:*.xpm=01;35:*.tif=01;35:*.tiff=01;35:*.png=01;35:*.svg=01;35:*.svgz=01;35:*.mng=01;35:*.pcx=01;35:*.mov=01;35:*.mpg=01;35:*.mpeg=01;35:*.m2v=01;35:*.mkv=01;35:*.webm=01;35:*.webp=01;35:*.ogm=01;35:*.mp4=01;35:*.m4v=01;35:*.mp4v=01;35:*.vob=01;35:*.qt=01;35:*.nuv=01;35:*.wmv=01;35:*.asf=01;35:*.rm=01;35:*.rmvb=01;35:*.flc=01;35:*.avi=01;35:*.fli=01;35:*.flv=01;35:*.gl=01;35:*.dl=01;35:*.xcf=01;35:*.xwd=01;35:*.yuv=01;35:*.cgm=01;35:*.emf=01;35:*.ogv=01;35:*.ogx=01;35:*.aac=00;36:*.au=00;36:*.flac=00;36:*.m4a=00;36:*.mid=00;36:*.midi=00;36:*.mka=00;36:*.mp3=00;36:*.mpc=00;36:*.ogg=00;36:*.ra=00;36:*.wav=00;36:*.oga=00;36:*.opus=00;36:*.spx=00;36:*.xspf=00;36:'), ('VSCODE_GIT_IPC_HANDLE', '/run/user/1000/vscode-git-c2f421b98a.sock'), ('TERM_PROGRAM', 'vscode'), ('AMENT_PREFIX_PATH', '/home/subin/subin_ws/ADS_Mission_Normal/install/ad_msgs:/home/subin/subin_ws/Autonomous_Driving_Software_Final/install/simulator:/home/subin/subin_ws/Autonomous_Driving_Software_Final/install/mission_manager:/home/subin/subin_ws/Autonomous_Driving_Software_Final/install/evaluation:/home/subin/subin_ws/Autonomous_Driving_Software_Final/install/autonomous_driving:/home/subin/subin_ws/Autonomous_Driving_Software_Final/install/ad_msgs:/home/subin/subin_ws/ADS_Final_MissionHard/install/simulator:/home/subin/subin_ws/ADS_Final_MissionHard/install/mission_manager:/home/subin/subin_ws/ADS_Final_MissionHard/install/evaluation:/home/subin/subin_ws/ADS_Final_MissionHard/install/autonomous_driving:/home/subin/subin_ws/ADS_Final_MissionHard/install/ad_msgs:/opt/ros/humble'), ('SHELL', '/bin/bash'), ('LESSCLOSE', '/usr/bin/lesspipe %s %s'), ('VSCODE_GIT_ASKPASS_EXTRA_ARGS', ''), ('PWD', '/home/subin/subin_ws/ADS_Mission_Normal/build/autonomous_driving'), ('XDG_DATA_DIRS', '/usr/local/share:/usr/share:/var/lib/snapd/desktop'), ('PYTHONPATH', '/home/subin/subin_ws/ADS_Mission_Normal/install/ad_msgs/local/lib/python3.10/dist-packages:/home/subin/subin_ws/Autonomous_Driving_Software_Final/install/ad_msgs/local/lib/python3.10/dist-packages:/home/subin/subin_ws/ADS_Final_MissionHard/install/ad_msgs/local/lib/python3.10/dist-packages:/opt/ros/humble/lib/python3.10/site-packages:/opt/ros/humble/local/lib/python3.10/dist-packages'), ('COLCON', '1'), ('WSL2_GUI_APPS_ENABLED', '1'), ('HOSTTYPE', 'x86_64'), ('CMAKE_PREFIX_PATH', '/home/subin/subin_ws/ADS_Mission_Normal/install/ad_msgs:/home/subin/subin_ws/Autonomous_Driving_Software_Final/install/simulator:/home/subin/subin_ws/Autonomous_Driving_Software_Final/install/mission_manager:/home/subin/subin_ws/Autonomous_Driving_Software_Final/install/evaluation:/home/subin/subin_ws/Autonomous_Driving_Software_Final/install/autonomous_driving:/home/subin/subin_ws/Autonomous_Driving_Software_Final/install/ad_msgs:/home/subin/subin_ws/ADS_Final_MissionHard/install/simulator:/home/subin/subin_ws/ADS_Final_MissionHard/install/mission_manager:/home/subin/subin_ws/ADS_Final_MissionHard/install/evaluation:/home/subin/subin_ws/ADS_Final_MissionHard/install/autonomous_driving:/home/subin/subin_ws/ADS_Final_MissionHard/install/ad_msgs:/opt/ros/humble'), ('WSLENV', 'VSCODE_WSL_EXT_LOCATION/up')]), 'shell': False}
[10.519734] (simulator) JobProgress: {'identifier': 'simulator', 'progress': 'cmake'}
[10.520763] (simulator) Command: {'cmd': ['/usr/bin/cmake', '/home/subin/subin_ws/ADS_Mission_Normal/src/app/simulator', '-DCMAKE_INSTALL_PREFIX=/home/subin/subin_ws/ADS_Mission_Normal/install/simulator'], 'cwd': '/home/subin/subin_ws/ADS_Mission_Normal/build/simulator', 'env': OrderedDict([('LESSOPEN', '| /usr/bin/lesspipe %s'), ('USER', 'subin'), ('GIT_ASKPASS', '/home/subin/.vscode-server/bin/618725e67565b290ba4da6fe2d29f8fa1d4e3622/extensions/git/dist/askpass.sh'), ('SHLVL', '1'), ('LIBGL_ALWAYS_SOFTWARE', '1'), ('LD_LIBRARY_PATH', '/home/subin/subin_ws/ADS_Mission_Normal/install/ad_msgs/lib:/home/subin/subin_ws/Autonomous_Driving_Software_Final/install/ad_msgs/lib:/home/subin/subin_ws/ADS_Final_MissionHard/install/ad_msgs/lib:/opt/ros/humble/opt/rviz_ogre_vendor/lib:/opt/ros/humble/lib/x86_64-linux-gnu:/opt/ros/humble/lib'), ('MOTD_SHOWN', 'update-motd'), ('HOME', '/home/subin'), ('OLDPWD', '/home/subin/subin_ws'), ('TERM_PROGRAM_VERSION', '1.107.0'), ('VSCODE_IPC_HOOK_CLI', '/run/user/1000/vscode-ipc-f97671c4-95e5-4510-9f32-bda01c3d6561.sock'), ('ROS_PYTHON_VERSION', '3'), ('VSCODE_GIT_ASKPASS_MAIN', '/home/subin/.vscode-server/bin/618725e67565b290ba4da6fe2d29f8fa1d4e3622/extensions/git/dist/askpass-main.js'), ('VSCODE_GIT_ASKPASS_NODE', '/home/subin/.vscode-server/bin/618725e67565b290ba4da6fe2d29f8fa1d4e3622/node'), ('VSCODE_PYTHON_AUTOACTIVATE_GUARD', '1'), ('DBUS_SESSION_BUS_ADDRESS', 'unix:path=/run/user/1000/bus'), ('COLORTERM', 'truecolor'), ('WSL_DISTRO_NAME', 'Ubuntu-22.04'), ('WAYLAND_DISPLAY', 'wayland-0'), ('COLCON_PREFIX_PATH', '/home/subin/subin_ws/Autonomous_Driving_Software_Final/install:/home/subin/subin_ws/ADS_Final_MissionHard/install'), ('ROS_DISTRO', 'humble'), ('LOGNAME', 'subin'), ('NAME', 'GalaxyBook4Pro-427M5'), ('WSL_INTEROP', '/run/WSL/71539_interop'), ('PULSE_SERVER', 'unix:/mnt/wslg/PulseServer'), ('_', '/usr/bin/colcon'), ('ROS_VERSION', '2'), ('TERM', 'xterm-256color'), ('ROS_LOCALHOST_ONLY', '0'), ('PATH', '/home/subin/.vscode-server/data/User/globalStorage/github.copilot-chat/debugCommand:/home/subin/.vscode-server/data/User/globalStorage/github.copilot-chat/copilotCli:/home/subin/.vscode-server/bin/618725e67565b290ba4da6fe2d29f8fa1d4e3622/bin/remote-cli:/opt/ros/humble/bin:/usr/local/sbin:/usr/local/bin:/usr/sbin:/usr/bin:/sbin:/bin:/usr/games:/usr/local/games:/usr/lib/wsl/lib:/mnt/c/Program Files/Microsoft/jdk-17.0.16.8-hotspot/bin:/mnt/c/Program Files/Eclipse Adoptium/jdk-17.0.16.8-hotspot/bin:/mnt/c/Python313/Scripts/:/mnt/c/Python313/:/mnt/c/WINDOWS/system32:/mnt/c/WINDOWS:/mnt/c/WINDOWS/System32/Wbem:/mnt/c/WINDOWS/System32/WindowsPowerShell/v1.0/:/mnt/c/WINDOWS/System32/OpenSSH/:/mnt/c/ProgramData/chocolatey/bin:/mnt/c/Program Files/Docker/Docker/resources/bin:/mnt/c/Program Files (x86)/Windows Kits/10/Windows Performance Toolkit/:/mnt/c/Program Files/Microsoft/jdk-17.0.16.8-hotspot/bin:/mnt/c/Users/soo16/OneDrive/바탕 화면/Graphviz/bin:/mnt/c/:/mnt/c/Users/soo16/AppData/Local/nvm:/mnt/c/nvm4w/nodejs:/mnt/c/Program Files/Git/cmd:/mnt/c/Program Files/MySQL/MySQL Shell 8.0/bin/:/mnt/c/Users/soo16/AppData/Local/Programs/Python/Python312/Scripts/:/mnt/c/Users/soo16/AppData/Local/Programs/Python/Python312/:/mnt/c/Users/soo16/AppData/Local/Microsoft/WindowsApps:/mnt/c/Users/soo16/AppData/Local/afreeca:/mnt/c/Users/soo16/AppData/Local/Programs/Microsoft VS Code/bin:/mnt/c/Users/soo16/AppData/Local/SOOP:/mnt/c/Users/soo16/AppData/Local/GitHubDesktop/bin:/mnt/c/Program Files/Eclipse Adoptium/jdk-17.0.16.8-hotspot/bin:/mnt/c/Users/soo16/AppData/Local/Android/Sdk/platform-tools:/mnt/c/Users/soo16/AppData/Local/nvm:/mnt/c/nvm4w/nodejs:/snap/bin'), ('XDG_RUNTIME_DIR', '/run/user/1000/'), ('DISPLAY', ':0'), ('LANG', 'C.UTF-8'), ('LS_COLORS', 'rs=0:di=01;34:ln=01;36:mh=00:pi=40;33:so=01;35:do=01;35:bd=40;33;01:cd=40;33;01:or=40;31;01:mi=00:su=37;41:sg=30;43:ca=30;41:tw=30;42:ow=34;42:st=37;44:ex=01;32:*.tar=01;31:*.tgz=01;31:*.arc=01;31:*.arj=01;31:*.taz=01;31:*.lha=01;31:*.lz4=01;31:*.lzh=01;31:*.lzma=01;31:*.tlz=01;31:*.txz=01;31:*.tzo=01;31:*.t7z=01;31:*.zip=01;31:*.z=01;31:*.dz=01;31:*.gz=01;31:*.lrz=01;31:*.lz=01;31:*.lzo=01;31:*.xz=01;31:*.zst=01;31:*.tzst=01;31:*.bz2=01;31:*.bz=01;31:*.tbz=01;31:*.tbz2=01;31:*.tz=01;31:*.deb=01;31:*.rpm=01;31:*.jar=01;31:*.war=01;31:*.ear=01;31:*.sar=01;31:*.rar=01;31:*.alz=01;31:*.ace=01;31:*.zoo=01;31:*.cpio=01;31:*.7z=01;31:*.rz=01;31:*.cab=01;31:*.wim=01;31:*.swm=01;31:*.dwm=01;31:*.esd=01;31:*.jpg=01;35:*.jpeg=01;35:*.mjpg=01;35:*.mjpeg=01;35:*.gif=01;35:*.bmp=01;35:*.pbm=01;35:*.pgm=01;35:*.ppm=01;35:*.tga=01;35:*.xbm=01;35:*.xpm=01;35:*.tif=01;35:*.tiff=01;35:*.png=01;35:*.svg=01;35:*.svgz=01;35:*.mng=01;35:*.pcx=01;35:*.mov=01;35:*.mpg=01;35:*.mpeg=01;35:*.m2v=01;35:*.mkv=01;35:*.webm=01;35:*.webp=01;35:*.ogm=01;35:*.mp4=01;35:*.m4v=01;35:*.mp4v=01;35:*.vob=01;35:*.qt=01;35:*.nuv=01;35:*.wmv=01;35:*.asf=01;35:*.rm=01;35:*.rmvb=01;35:*.flc=01;35:*.avi=01;35:*.fli=01;35:*.flv=01;35:*.gl=01;35:*.dl=01;35:*.xcf=01;35:*.xwd=01;35:*.yuv=01;35:*.cgm=01;35:*.emf=01;35:*.ogv=01;35:*.ogx=01;35:*.aac=00;36:*.au=00;36:*.flac=00;36:*.m4a=00;36:*.mid=00;36:*.midi=00;36:*.mka=00;36:*.mp3=00;36:*.mpc=00;36:*.ogg=00;36:*.ra=00;36:*.wav=00;36:*.oga=00;36:*.opus=00;36:*.spx=00;36:*.xspf=00;36:'), ('VSCODE_GIT_IPC_HANDLE', '/run/user/1000/vscode-git-c2f421b98a.sock'), ('TERM_PROGRAM', 'vscode'), ('AMENT_PREFIX_PATH', '/home/subin/subin_ws/ADS_Mission_Normal/install/ad_msgs:/home/subin/subin_ws/Autonomous_Driving_Software_Final/install/simulator:/home/subin/subin_ws/Autonomous_Driving_Software_Final/install/mission_manager:/home/subin/subin_ws/Autonomous_Driving_Software_Final/install/evaluation:/home/subin/subin_ws/Autonomous_Driving_Software_Final/install/autonomous_driving:/home/subin/subin_ws/Autonomous_Driving_Software_Final/install/ad_msgs:/home/subin/subin_ws/ADS_Final_MissionHard/install/simulator:/home/subin/subin_ws/ADS_Final_MissionHard/install/mission_manager:/home/subin/subin_ws/ADS_Final_MissionHard/install/evaluation:/home/subin/subin_ws/ADS_Final_MissionHard/install/autonomous_driving:/home/subin/subin_ws/ADS_Final_MissionHard/install/ad_msgs:/opt/ros/humble'), ('SHELL', '/bin/bash'), ('LESSCLOSE', '/usr/bin/lesspipe %s %s'), ('VSCODE_GIT_ASKPASS_EXTRA_ARGS', ''), ('PWD', '/home/subin/subin_ws/ADS_Mission_Normal/build/simulator'), ('XDG_DATA_DIRS', '/usr/local/share:/usr/share:/var/lib/snapd/desktop'), ('PYTHONPATH', '/home/subin/subin_ws/ADS_Mission_Normal/install/ad_msgs/local/lib/python3.10/dist-packages:/home/subin/subin_ws/Autonomous_Driving_Software_Final/install/ad_msgs/local/lib/python3.10/dist-packages:/home/subin/subin_ws/ADS_Final_MissionHard/install/ad_msgs/local/lib/python3.10/dist-packages:/opt/ros/humble/lib/python3.10/site-packages:/opt/ros/humble/local/lib/python3.10/dist-packages'), ('COLCON', '1'), ('WSL2_GUI_APPS_ENABLED', '1'), ('HOSTTYPE', 'x86_64'), ('CMAKE_PREFIX_PATH', '/home/subin/subin_ws/ADS_Mission_Normal/install/ad_msgs:/home/subin/subin_ws/Autonomous_Driving_Software_Final/install/simulator:/home/subin/subin_ws/Autonomous_Driving_Software_Final/install/mission_manager:/home/subin/subin_ws/Autonomous_Driving_Software_Final/install/evaluation:/home/subin/subin_ws/Autonomous_Driving_Software_Final/install/autonomous_driving:/home/subin/subin_ws/Autonomous_Driving_Software_Final/install/ad_msgs:/home/subin/subin_ws/ADS_Final_MissionHard/install/simulator:/home/subin/subin_ws/ADS_Final_MissionHard/install/mission_manager:/home/subin/subin_ws/ADS_Final_MissionHard/install/evaluation:/home/subin/subin_ws/ADS_Final_MissionHard/install/autonomous_driving:/home/subin/subin_ws/ADS_Final_MissionHard/install/ad_msgs:/opt/ros/humble'), ('WSLENV', 'VSCODE_WSL_EXT_LOCATION/up')]), 'shell': False}
[10.562914] (-) TimerEvent: {}
[10.630276] (evaluation) StdoutLine: {'line': b'-- The C compiler identification is GNU 11.4.0\n'}
[10.632744] (mission_manager) StdoutLine: {'line': b'-- The C compiler identification is GNU 11.4.0\n'}
[10.663083] (-) TimerEvent: {}
[10.671137] (autonomous_driving) StdoutLine: {'line': b'-- The C compiler identification is GNU 11.4.0\n'}
[10.698587] (simulator) StdoutLine: {'line': b'-- The C compiler identification is GNU 11.4.0\n'}
[10.763243] (-) TimerEvent: {}
[10.863694] (-) TimerEvent: {}
[10.964269] (-) TimerEvent: {}
[11.064884] (-) TimerEvent: {}
[11.090452] (evaluation) StdoutLine: {'line': b'-- The CXX compiler identification is GNU 11.4.0\n'}
[11.164991] (-) TimerEvent: {}
[11.179756] (mission_manager) StdoutLine: {'line': b'-- The CXX compiler identification is GNU 11.4.0\n'}
[11.180758] (autonomous_driving) StdoutLine: {'line': b'-- The CXX compiler identification is GNU 11.4.0\n'}
[11.265154] (-) TimerEvent: {}
[11.284074] (simulator) StdoutLine: {'line': b'-- The CXX compiler identification is GNU 11.4.0\n'}
[11.365328] (-) TimerEvent: {}
[11.465800] (-) TimerEvent: {}
[11.566250] (-) TimerEvent: {}
[11.572197] (evaluation) StdoutLine: {'line': b'-- Detecting C compiler ABI info\n'}
[11.656887] (autonomous_driving) StdoutLine: {'line': b'-- Detecting C compiler ABI info\n'}
[11.666157] (mission_manager) StdoutLine: {'line': b'-- Detecting C compiler ABI info\n'}
[11.666549] (-) TimerEvent: {}
[11.766971] (-) TimerEvent: {}
[11.779171] (simulator) StdoutLine: {'line': b'-- Detecting C compiler ABI info\n'}
[11.781714] (evaluation) StdoutLine: {'line': b'-- Detecting C compiler ABI info - done\n'}
[11.788316] (evaluation) StdoutLine: {'line': b'-- Check for working C compiler: /usr/bin/cc - skipped\n'}
[11.788733] (evaluation) StdoutLine: {'line': b'-- Detecting C compile features\n'}
[11.789034] (evaluation) StdoutLine: {'line': b'-- Detecting C compile features - done\n'}
[11.792513] (evaluation) StdoutLine: {'line': b'-- Detecting CXX compiler ABI info\n'}
[11.867121] (-) TimerEvent: {}
[11.885475] (autonomous_driving) StdoutLine: {'line': b'-- Detecting C compiler ABI info - done\n'}
[11.893853] (autonomous_driving) StdoutLine: {'line': b'-- Check for working C compiler: /usr/bin/cc - skipped\n'}
[11.894345] (autonomous_driving) StdoutLine: {'line': b'-- Detecting C compile features\n'}
[11.894634] (autonomous_driving) StdoutLine: {'line': b'-- Detecting C compile features - done\n'}
[11.898094] (autonomous_driving) StdoutLine: {'line': b'-- Detecting CXX compiler ABI info\n'}
[11.923383] (mission_manager) StdoutLine: {'line': b'-- Detecting C compiler ABI info - done\n'}
[11.929530] (mission_manager) StdoutLine: {'line': b'-- Check for working C compiler: /usr/bin/cc - skipped\n'}
[11.929844] (mission_manager) StdoutLine: {'line': b'-- Detecting C compile features\n'}
[11.930014] (mission_manager) StdoutLine: {'line': b'-- Detecting C compile features - done\n'}
[11.933173] (mission_manager) StdoutLine: {'line': b'-- Detecting CXX compiler ABI info\n'}
[11.967280] (-) TimerEvent: {}
[11.999406] (simulator) StdoutLine: {'line': b'-- Detecting C compiler ABI info - done\n'}
[12.006782] (simulator) StdoutLine: {'line': b'-- Check for working C compiler: /usr/bin/cc - skipped\n'}
[12.007241] (simulator) StdoutLine: {'line': b'-- Detecting C compile features\n'}
[12.007680] (simulator) StdoutLine: {'line': b'-- Detecting C compile features - done\n'}
[12.010642] (simulator) StdoutLine: {'line': b'-- Detecting CXX compiler ABI info\n'}
[12.010956] (evaluation) StdoutLine: {'line': b'-- Detecting CXX compiler ABI info - done\n'}
[12.017739] (evaluation) StdoutLine: {'line': b'-- Check for working CXX compiler: /usr/bin/c++ - skipped\n'}
[12.018167] (evaluation) StdoutLine: {'line': b'-- Detecting CXX compile features\n'}
[12.018566] (evaluation) StdoutLine: {'line': b'-- Detecting CXX compile features - done\n'}
[12.021125] (evaluation) StdoutLine: {'line': b'-- Found ament_cmake: 1.3.12 (/opt/ros/humble/share/ament_cmake/cmake)\n'}
[12.067423] (-) TimerEvent: {}
[12.145585] (autonomous_driving) StdoutLine: {'line': b'-- Detecting CXX compiler ABI info - done\n'}
[12.150928] (mission_manager) StdoutLine: {'line': b'-- Detecting CXX compiler ABI info - done\n'}
[12.153843] (autonomous_driving) StdoutLine: {'line': b'-- Check for working CXX compiler: /usr/bin/c++ - skipped\n'}
[12.154336] (autonomous_driving) StdoutLine: {'line': b'-- Detecting CXX compile features\n'}
[12.154984] (autonomous_driving) StdoutLine: {'line': b'-- Detecting CXX compile features - done\n'}
[12.157742] (autonomous_driving) StdoutLine: {'line': b'-- Found ament_cmake: 1.3.12 (/opt/ros/humble/share/ament_cmake/cmake)\n'}
[12.158189] (mission_manager) StdoutLine: {'line': b'-- Check for working CXX compiler: /usr/bin/c++ - skipped\n'}
[12.158632] (mission_manager) StdoutLine: {'line': b'-- Detecting CXX compile features\n'}
[12.159369] (mission_manager) StdoutLine: {'line': b'-- Detecting CXX compile features - done\n'}
[12.161518] (mission_manager) StdoutLine: {'line': b'-- Found ament_cmake: 1.3.12 (/opt/ros/humble/share/ament_cmake/cmake)\n'}
[12.167616] (-) TimerEvent: {}
[12.200136] (evaluation) StdoutLine: {'line': b'-- Found Python3: /usr/bin/python3 (found version "3.10.12") found components: Interpreter \n'}
[12.228636] (simulator) StdoutLine: {'line': b'-- Detecting CXX compiler ABI info - done\n'}
[12.236418] (simulator) StdoutLine: {'line': b'-- Check for working CXX compiler: /usr/bin/c++ - skipped\n'}
[12.236710] (simulator) StdoutLine: {'line': b'-- Detecting CXX compile features\n'}
[12.237261] (simulator) StdoutLine: {'line': b'-- Detecting CXX compile features - done\n'}
[12.239011] (simulator) StdoutLine: {'line': b'-- Found ament_cmake: 1.3.12 (/opt/ros/humble/share/ament_cmake/cmake)\n'}
[12.267810] (-) TimerEvent: {}
[12.298498] (evaluation) StdoutLine: {'line': b'-- Found rclcpp: 16.0.16 (/opt/ros/humble/share/rclcpp/cmake)\n'}
[12.325535] (autonomous_driving) StdoutLine: {'line': b'-- Found Python3: /usr/bin/python3 (found version "3.10.12") found components: Interpreter \n'}
[12.335597] (mission_manager) StdoutLine: {'line': b'-- Found Python3: /usr/bin/python3 (found version "3.10.12") found components: Interpreter \n'}
[12.367974] (-) TimerEvent: {}
[12.391642] (simulator) StdoutLine: {'line': b'-- Found Python3: /usr/bin/python3 (found version "3.10.12") found components: Interpreter \n'}
[12.416446] (autonomous_driving) StdoutLine: {'line': b'-- Found rclcpp: 16.0.16 (/opt/ros/humble/share/rclcpp/cmake)\n'}
[12.429774] (mission_manager) StdoutLine: {'line': b'-- Found rclcpp: 16.0.16 (/opt/ros/humble/share/rclcpp/cmake)\n'}
[12.468163] (-) TimerEvent: {}
[12.475127] (simulator) StdoutLine: {'line': b'-- Found rclcpp: 16.0.16 (/opt/ros/humble/share/rclcpp/cmake)\n'}
[12.515653] (evaluation) StdoutLine: {'line': b'-- Found rosidl_generator_c: 3.1.7 (/opt/ros/humble/share/rosidl_generator_c/cmake)\n'}
[12.519579] (evaluation) StdoutLine: {'line': b'-- Found rosidl_adapter: 3.1.7 (/opt/ros/humble/share/rosidl_adapter/cmake)\n'}
[12.527027] (evaluation) StdoutLine: {'line': b'-- Found rosidl_generator_cpp: 3.1.7 (/opt/ros/humble/share/rosidl_generator_cpp/cmake)\n'}
[12.537205] (evaluation) StdoutLine: {'line': b'-- Using all available rosidl_typesupport_c: rosidl_typesupport_fastrtps_c;rosidl_typesupport_introspection_c\n'}
[12.550436] (evaluation) StdoutLine: {'line': b'-- Using all available rosidl_typesupport_cpp: rosidl_typesupport_fastrtps_cpp;rosidl_typesupport_introspection_cpp\n'}
[12.568332] (-) TimerEvent: {}
[12.588097] (evaluation) StdoutLine: {'line': b'-- Found rmw_implementation_cmake: 6.1.2 (/opt/ros/humble/share/rmw_implementation_cmake/cmake)\n'}
[12.591141] (evaluation) StdoutLine: {'line': b'-- Found rmw_fastrtps_cpp: 6.2.9 (/opt/ros/humble/share/rmw_fastrtps_cpp/cmake)\n'}
[12.607545] (autonomous_driving) StdoutLine: {'line': b'-- Found rosidl_generator_c: 3.1.7 (/opt/ros/humble/share/rosidl_generator_c/cmake)\n'}
[12.608293] (mission_manager) StdoutLine: {'line': b'-- Found rosidl_generator_c: 3.1.7 (/opt/ros/humble/share/rosidl_generator_c/cmake)\n'}
[12.612923] (mission_manager) StdoutLine: {'line': b'-- Found rosidl_adapter: 3.1.7 (/opt/ros/humble/share/rosidl_adapter/cmake)\n'}
[12.613410] (autonomous_driving) StdoutLine: {'line': b'-- Found rosidl_adapter: 3.1.7 (/opt/ros/humble/share/rosidl_adapter/cmake)\n'}
[12.620315] (mission_manager) StdoutLine: {'line': b'-- Found rosidl_generator_cpp: 3.1.7 (/opt/ros/humble/share/rosidl_generator_cpp/cmake)\n'}
[12.621737] (autonomous_driving) StdoutLine: {'line': b'-- Found rosidl_generator_cpp: 3.1.7 (/opt/ros/humble/share/rosidl_generator_cpp/cmake)\n'}
[12.632942] (mission_manager) StdoutLine: {'line': b'-- Using all available rosidl_typesupport_c: rosidl_typesupport_fastrtps_c;rosidl_typesupport_introspection_c\n'}
[12.634696] (autonomous_driving) StdoutLine: {'line': b'-- Using all available rosidl_typesupport_c: rosidl_typesupport_fastrtps_c;rosidl_typesupport_introspection_c\n'}
[12.647716] (mission_manager) StdoutLine: {'line': b'-- Using all available rosidl_typesupport_cpp: rosidl_typesupport_fastrtps_cpp;rosidl_typesupport_introspection_cpp\n'}
[12.650658] (autonomous_driving) StdoutLine: {'line': b'-- Using all available rosidl_typesupport_cpp: rosidl_typesupport_fastrtps_cpp;rosidl_typesupport_introspection_cpp\n'}
[12.668487] (-) TimerEvent: {}
[12.688824] (mission_manager) StdoutLine: {'line': b'-- Found rmw_implementation_cmake: 6.1.2 (/opt/ros/humble/share/rmw_implementation_cmake/cmake)\n'}
[12.691217] (mission_manager) StdoutLine: {'line': b'-- Found rmw_fastrtps_cpp: 6.2.9 (/opt/ros/humble/share/rmw_fastrtps_cpp/cmake)\n'}
[12.692464] (simulator) StdoutLine: {'line': b'-- Found rosidl_generator_c: 3.1.7 (/opt/ros/humble/share/rosidl_generator_c/cmake)\n'}
[12.696083] (simulator) StdoutLine: {'line': b'-- Found rosidl_adapter: 3.1.7 (/opt/ros/humble/share/rosidl_adapter/cmake)\n'}
[12.700094] (autonomous_driving) StdoutLine: {'line': b'-- Found rmw_implementation_cmake: 6.1.2 (/opt/ros/humble/share/rmw_implementation_cmake/cmake)\n'}
[12.704130] (autonomous_driving) StdoutLine: {'line': b'-- Found rmw_fastrtps_cpp: 6.2.9 (/opt/ros/humble/share/rmw_fastrtps_cpp/cmake)\n'}
[12.707666] (simulator) StdoutLine: {'line': b'-- Found rosidl_generator_cpp: 3.1.7 (/opt/ros/humble/share/rosidl_generator_cpp/cmake)\n'}
[12.725573] (simulator) StdoutLine: {'line': b'-- Using all available rosidl_typesupport_c: rosidl_typesupport_fastrtps_c;rosidl_typesupport_introspection_c\n'}
[12.745665] (simulator) StdoutLine: {'line': b'-- Using all available rosidl_typesupport_cpp: rosidl_typesupport_fastrtps_cpp;rosidl_typesupport_introspection_cpp\n'}
[12.768677] (-) TimerEvent: {}
[12.791916] (simulator) StdoutLine: {'line': b'-- Found rmw_implementation_cmake: 6.1.2 (/opt/ros/humble/share/rmw_implementation_cmake/cmake)\n'}
[12.795102] (simulator) StdoutLine: {'line': b'-- Found rmw_fastrtps_cpp: 6.2.9 (/opt/ros/humble/share/rmw_fastrtps_cpp/cmake)\n'}
[12.868847] (-) TimerEvent: {}
[12.969286] (-) TimerEvent: {}
[13.069892] (-) TimerEvent: {}
[13.170823] (-) TimerEvent: {}
[13.271450] (-) TimerEvent: {}
[13.371863] (-) TimerEvent: {}
[13.472316] (-) TimerEvent: {}
[13.572704] (-) TimerEvent: {}
[13.657108] (evaluation) StdoutLine: {'line': b'-- Found OpenSSL: /usr/lib/x86_64-linux-gnu/libcrypto.so (found version "3.0.2")  \n'}
[13.658702] (mission_manager) StdoutLine: {'line': b'-- Found OpenSSL: /usr/lib/x86_64-linux-gnu/libcrypto.so (found version "3.0.2")  \n'}
[13.661181] (autonomous_driving) StdoutLine: {'line': b'-- Found OpenSSL: /usr/lib/x86_64-linux-gnu/libcrypto.so (found version "3.0.2")  \n'}
[13.672853] (-) TimerEvent: {}
[13.773241] (-) TimerEvent: {}
[13.873705] (-) TimerEvent: {}
[13.974360] (-) TimerEvent: {}
[14.074887] (-) TimerEvent: {}
[14.175298] (-) TimerEvent: {}
[14.275711] (-) TimerEvent: {}
[14.376193] (-) TimerEvent: {}
[14.476769] (-) TimerEvent: {}
[14.577164] (-) TimerEvent: {}
[14.600416] (simulator) StdoutLine: {'line': b'-- Found OpenSSL: /usr/lib/x86_64-linux-gnu/libcrypto.so (found version "3.0.2")  \n'}
[14.677331] (-) TimerEvent: {}
[14.735564] (mission_manager) StdoutLine: {'line': b'-- Found FastRTPS: /opt/ros/humble/include  \n'}
[14.735982] (evaluation) StdoutLine: {'line': b'-- Found FastRTPS: /opt/ros/humble/include  \n'}
[14.777479] (-) TimerEvent: {}
[14.877931] (-) TimerEvent: {}
[14.978574] (-) TimerEvent: {}
[15.079064] (-) TimerEvent: {}
[15.179455] (-) TimerEvent: {}
[15.279939] (-) TimerEvent: {}
[15.380468] (-) TimerEvent: {}
[15.480894] (-) TimerEvent: {}
[15.581339] (-) TimerEvent: {}
[15.681933] (-) TimerEvent: {}
[15.782573] (-) TimerEvent: {}
[15.882982] (-) TimerEvent: {}
[15.970104] (simulator) StdoutLine: {'line': b'-- Found FastRTPS: /opt/ros/humble/include  \n'}
[15.970648] (autonomous_driving) StdoutLine: {'line': b'-- Found FastRTPS: /opt/ros/humble/include  \n'}
[15.983180] (-) TimerEvent: {}
[16.083856] (-) TimerEvent: {}
[16.184477] (-) TimerEvent: {}
[16.285199] (-) TimerEvent: {}
[16.385752] (-) TimerEvent: {}
[16.486436] (-) TimerEvent: {}
[16.586853] (-) TimerEvent: {}
[16.687311] (-) TimerEvent: {}
[16.787929] (-) TimerEvent: {}
[16.888354] (-) TimerEvent: {}
[16.988783] (-) TimerEvent: {}
[17.065061] (evaluation) StdoutLine: {'line': b"-- Using RMW implementation 'rmw_fastrtps_cpp' as default\n"}
[17.072993] (evaluation) StdoutLine: {'line': b'-- Looking for pthread.h\n'}
[17.088949] (-) TimerEvent: {}
[17.189424] (-) TimerEvent: {}
[17.289901] (-) TimerEvent: {}
[17.295143] (evaluation) StdoutLine: {'line': b'-- Looking for pthread.h - found\n'}
[17.295699] (evaluation) StdoutLine: {'line': b'-- Performing Test CMAKE_HAVE_LIBC_PTHREAD\n'}
[17.390066] (-) TimerEvent: {}
[17.490590] (-) TimerEvent: {}
[17.542970] (evaluation) StdoutLine: {'line': b'-- Performing Test CMAKE_HAVE_LIBC_PTHREAD - Success\n'}
[17.544650] (evaluation) StdoutLine: {'line': b'-- Found Threads: TRUE  \n'}
[17.590727] (-) TimerEvent: {}
[17.596329] (evaluation) StdoutLine: {'line': b'-- Found ad_msgs: 0.0.0 (/home/subin/subin_ws/ADS_Mission_Normal/install/ad_msgs/share/ad_msgs/cmake)\n'}
[17.680144] (evaluation) StdoutLine: {'line': b'-- Found rviz_2d_overlay_msgs: 1.4.0 (/opt/ros/humble/share/rviz_2d_overlay_msgs/cmake)\n'}
[17.690404] (evaluation) StdoutLine: {'line': b'-- Found tf2: 0.25.17 (/opt/ros/humble/share/tf2/cmake)\n'}
[17.690768] (-) TimerEvent: {}
[17.697460] (evaluation) StdoutLine: {'line': b'-- Found tf2_ros: 0.25.17 (/opt/ros/humble/share/tf2_ros/cmake)\n'}
[17.783148] (evaluation) StdoutLine: {'line': b'-- Found tf2_geometry_msgs: 0.25.17 (/opt/ros/humble/share/tf2_geometry_msgs/cmake)\n'}
[17.790943] (-) TimerEvent: {}
[17.866768] (evaluation) StdoutLine: {'line': b'-- Found eigen3_cmake_module: 0.1.1 (/opt/ros/humble/share/eigen3_cmake_module/cmake)\n'}
[17.867779] (evaluation) StdoutLine: {'line': b'-- Found Eigen3: TRUE (found version "3.4.0") \n'}
[17.868137] (evaluation) StdoutLine: {'line': b'-- Ensuring Eigen3 include directory is part of orocos-kdl CMake target\n'}
[17.877932] (evaluation) StdoutLine: {'line': b'-- Found Boost: /usr/lib/x86_64-linux-gnu/cmake/Boost-1.74.0/BoostConfig.cmake (found version "1.74.0") found components: system filesystem \n'}
[17.891107] (-) TimerEvent: {}
[17.941607] (evaluation) StdoutLine: {'line': b'-- Configuring done\n'}
[17.956383] (evaluation) StdoutLine: {'line': b'-- Generating done\n'}
[17.962460] (evaluation) StdoutLine: {'line': b'-- Build files have been written to: /home/subin/subin_ws/ADS_Mission_Normal/build/evaluation\n'}
[17.973769] (evaluation) CommandEnded: {'returncode': 0}
[17.974512] (evaluation) JobProgress: {'identifier': 'evaluation', 'progress': 'build'}
[17.975156] (evaluation) Command: {'cmd': ['/usr/bin/cmake', '--build', '/home/subin/subin_ws/ADS_Mission_Normal/build/evaluation', '--', '-j22', '-l22'], 'cwd': '/home/subin/subin_ws/ADS_Mission_Normal/build/evaluation', 'env': OrderedDict([('LESSOPEN', '| /usr/bin/lesspipe %s'), ('USER', 'subin'), ('GIT_ASKPASS', '/home/subin/.vscode-server/bin/618725e67565b290ba4da6fe2d29f8fa1d4e3622/extensions/git/dist/askpass.sh'), ('SHLVL', '1'), ('LIBGL_ALWAYS_SOFTWARE', '1'), ('LD_LIBRARY_PATH', '/home/subin/subin_ws/ADS_Mission_Normal/install/ad_msgs/lib:/home/subin/subin_ws/Autonomous_Driving_Software_Final/install/ad_msgs/lib:/home/subin/subin_ws/ADS_Final_MissionHard/install/ad_msgs/lib:/opt/ros/humble/opt/rviz_ogre_vendor/lib:/opt/ros/humble/lib/x86_64-linux-gnu:/opt/ros/humble/lib'), ('MOTD_SHOWN', 'update-motd'), ('HOME', '/home/subin'), ('OLDPWD', '/home/subin/subin_ws'), ('TERM_PROGRAM_VERSION', '1.107.0'), ('VSCODE_IPC_HOOK_CLI', '/run/user/1000/vscode-ipc-f97671c4-95e5-4510-9f32-bda01c3d6561.sock'), ('ROS_PYTHON_VERSION', '3'), ('VSCODE_GIT_ASKPASS_MAIN', '/home/subin/.vscode-server/bin/618725e67565b290ba4da6fe2d29f8fa1d4e3622/extensions/git/dist/askpass-main.js'), ('VSCODE_GIT_ASKPASS_NODE', '/home/subin/.vscode-server/bin/618725e67565b290ba4da6fe2d29f8fa1d4e3622/node'), ('VSCODE_PYTHON_AUTOACTIVATE_GUARD', '1'), ('DBUS_SESSION_BUS_ADDRESS', 'unix:path=/run/user/1000/bus'), ('COLORTERM', 'truecolor'), ('WSL_DISTRO_NAME', 'Ubuntu-22.04'), ('WAYLAND_DISPLAY', 'wayland-0'), ('COLCON_PREFIX_PATH', '/home/subin/subin_ws/Autonomous_Driving_Software_Final/install:/home/subin/subin_ws/ADS_Final_MissionHard/install'), ('ROS_DISTRO', 'humble'), ('LOGNAME', 'subin'), ('NAME', 'GalaxyBook4Pro-427M5'), ('WSL_INTEROP', '/run/WSL/71539_interop'), ('PULSE_SERVER', 'unix:/mnt/wslg/PulseServer'), ('_', '/usr/bin/colcon'), ('ROS_VERSION', '2'), ('TERM', 'xterm-256color'), ('ROS_LOCALHOST_ONLY', '0'), ('PATH', '/home/subin/.vscode-server/data/User/globalStorage/github.copilot-chat/debugCommand:/home/subin/.vscode-server/data/User/globalStorage/github.copilot-chat/copilotCli:/home/subin/.vscode-server/bin/618725e67565b290ba4da6fe2d29f8fa1d4e3622/bin/remote-cli:/opt/ros/humble/bin:/usr/local/sbin:/usr/local/bin:/usr/sbin:/usr/bin:/sbin:/bin:/usr/games:/usr/local/games:/usr/lib/wsl/lib:/mnt/c/Program Files/Microsoft/jdk-17.0.16.8-hotspot/bin:/mnt/c/Program Files/Eclipse Adoptium/jdk-17.0.16.8-hotspot/bin:/mnt/c/Python313/Scripts/:/mnt/c/Python313/:/mnt/c/WINDOWS/system32:/mnt/c/WINDOWS:/mnt/c/WINDOWS/System32/Wbem:/mnt/c/WINDOWS/System32/WindowsPowerShell/v1.0/:/mnt/c/WINDOWS/System32/OpenSSH/:/mnt/c/ProgramData/chocolatey/bin:/mnt/c/Program Files/Docker/Docker/resources/bin:/mnt/c/Program Files (x86)/Windows Kits/10/Windows Performance Toolkit/:/mnt/c/Program Files/Microsoft/jdk-17.0.16.8-hotspot/bin:/mnt/c/Users/soo16/OneDrive/바탕 화면/Graphviz/bin:/mnt/c/:/mnt/c/Users/soo16/AppData/Local/nvm:/mnt/c/nvm4w/nodejs:/mnt/c/Program Files/Git/cmd:/mnt/c/Program Files/MySQL/MySQL Shell 8.0/bin/:/mnt/c/Users/soo16/AppData/Local/Programs/Python/Python312/Scripts/:/mnt/c/Users/soo16/AppData/Local/Programs/Python/Python312/:/mnt/c/Users/soo16/AppData/Local/Microsoft/WindowsApps:/mnt/c/Users/soo16/AppData/Local/afreeca:/mnt/c/Users/soo16/AppData/Local/Programs/Microsoft VS Code/bin:/mnt/c/Users/soo16/AppData/Local/SOOP:/mnt/c/Users/soo16/AppData/Local/GitHubDesktop/bin:/mnt/c/Program Files/Eclipse Adoptium/jdk-17.0.16.8-hotspot/bin:/mnt/c/Users/soo16/AppData/Local/Android/Sdk/platform-tools:/mnt/c/Users/soo16/AppData/Local/nvm:/mnt/c/nvm4w/nodejs:/snap/bin'), ('XDG_RUNTIME_DIR', '/run/user/1000/'), ('DISPLAY', ':0'), ('LANG', 'C.UTF-8'), ('LS_COLORS', 'rs=0:di=01;34:ln=01;36:mh=00:pi=40;33:so=01;35:do=01;35:bd=40;33;01:cd=40;33;01:or=40;31;01:mi=00:su=37;41:sg=30;43:ca=30;41:tw=30;42:ow=34;42:st=37;44:ex=01;32:*.tar=01;31:*.tgz=01;31:*.arc=01;31:*.arj=01;31:*.taz=01;31:*.lha=01;31:*.lz4=01;31:*.lzh=01;31:*.lzma=01;31:*.tlz=01;31:*.txz=01;31:*.tzo=01;31:*.t7z=01;31:*.zip=01;31:*.z=01;31:*.dz=01;31:*.gz=01;31:*.lrz=01;31:*.lz=01;31:*.lzo=01;31:*.xz=01;31:*.zst=01;31:*.tzst=01;31:*.bz2=01;31:*.bz=01;31:*.tbz=01;31:*.tbz2=01;31:*.tz=01;31:*.deb=01;31:*.rpm=01;31:*.jar=01;31:*.war=01;31:*.ear=01;31:*.sar=01;31:*.rar=01;31:*.alz=01;31:*.ace=01;31:*.zoo=01;31:*.cpio=01;31:*.7z=01;31:*.rz=01;31:*.cab=01;31:*.wim=01;31:*.swm=01;31:*.dwm=01;31:*.esd=01;31:*.jpg=01;35:*.jpeg=01;35:*.mjpg=01;35:*.mjpeg=01;35:*.gif=01;35:*.bmp=01;35:*.pbm=01;35:*.pgm=01;35:*.ppm=01;35:*.tga=01;35:*.xbm=01;35:*.xpm=01;35:*.tif=01;35:*.tiff=01;35:*.png=01;35:*.svg=01;35:*.svgz=01;35:*.mng=01;35:*.pcx=01;35:*.mov=01;35:*.mpg=01;35:*.mpeg=01;35:*.m2v=01;35:*.mkv=01;35:*.webm=01;35:*.webp=01;35:*.ogm=01;35:*.mp4=01;35:*.m4v=01;35:*.mp4v=01;35:*.vob=01;35:*.qt=01;35:*.nuv=01;35:*.wmv=01;35:*.asf=01;35:*.rm=01;35:*.rmvb=01;35:*.flc=01;35:*.avi=01;35:*.fli=01;35:*.flv=01;35:*.gl=01;35:*.dl=01;35:*.xcf=01;35:*.xwd=01;35:*.yuv=01;35:*.cgm=01;35:*.emf=01;35:*.ogv=01;35:*.ogx=01;35:*.aac=00;36:*.au=00;36:*.flac=00;36:*.m4a=00;36:*.mid=00;36:*.midi=00;36:*.mka=00;36:*.mp3=00;36:*.mpc=00;36:*.ogg=00;36:*.ra=00;36:*.wav=00;36:*.oga=00;36:*.opus=00;36:*.spx=00;36:*.xspf=00;36:'), ('VSCODE_GIT_IPC_HANDLE', '/run/user/1000/vscode-git-c2f421b98a.sock'), ('TERM_PROGRAM', 'vscode'), ('AMENT_PREFIX_PATH', '/home/subin/subin_ws/ADS_Mission_Normal/install/ad_msgs:/home/subin/subin_ws/Autonomous_Driving_Software_Final/install/simulator:/home/subin/subin_ws/Autonomous_Driving_Software_Final/install/mission_manager:/home/subin/subin_ws/Autonomous_Driving_Software_Final/install/evaluation:/home/subin/subin_ws/Autonomous_Driving_Software_Final/install/autonomous_driving:/home/subin/subin_ws/Autonomous_Driving_Software_Final/install/ad_msgs:/home/subin/subin_ws/ADS_Final_MissionHard/install/simulator:/home/subin/subin_ws/ADS_Final_MissionHard/install/mission_manager:/home/subin/subin_ws/ADS_Final_MissionHard/install/evaluation:/home/subin/subin_ws/ADS_Final_MissionHard/install/autonomous_driving:/home/subin/subin_ws/ADS_Final_MissionHard/install/ad_msgs:/opt/ros/humble'), ('SHELL', '/bin/bash'), ('LESSCLOSE', '/usr/bin/lesspipe %s %s'), ('VSCODE_GIT_ASKPASS_EXTRA_ARGS', ''), ('PWD', '/home/subin/subin_ws/ADS_Mission_Normal/build/evaluation'), ('XDG_DATA_DIRS', '/usr/local/share:/usr/share:/var/lib/snapd/desktop'), ('PYTHONPATH', '/home/subin/subin_ws/ADS_Mission_Normal/install/ad_msgs/local/lib/python3.10/dist-packages:/home/subin/subin_ws/Autonomous_Driving_Software_Final/install/ad_msgs/local/lib/python3.10/dist-packages:/home/subin/subin_ws/ADS_Final_MissionHard/install/ad_msgs/local/lib/python3.10/dist-packages:/opt/ros/humble/lib/python3.10/site-packages:/opt/ros/humble/local/lib/python3.10/dist-packages'), ('COLCON', '1'), ('WSL2_GUI_APPS_ENABLED', '1'), ('HOSTTYPE', 'x86_64'), ('CMAKE_PREFIX_PATH', '/home/subin/subin_ws/ADS_Mission_Normal/install/ad_msgs:/home/subin/subin_ws/Autonomous_Driving_Software_Final/install/simulator:/home/subin/subin_ws/Autonomous_Driving_Software_Final/install/mission_manager:/home/subin/subin_ws/Autonomous_Driving_Software_Final/install/evaluation:/home/subin/subin_ws/Autonomous_Driving_Software_Final/install/autonomous_driving:/home/subin/subin_ws/Autonomous_Driving_Software_Final/install/ad_msgs:/home/subin/subin_ws/ADS_Final_MissionHard/install/simulator:/home/subin/subin_ws/ADS_Final_MissionHard/install/mission_manager:/home/subin/subin_ws/ADS_Final_MissionHard/install/evaluation:/home/subin/subin_ws/ADS_Final_MissionHard/install/autonomous_driving:/home/subin/subin_ws/ADS_Final_MissionHard/install/ad_msgs:/opt/ros/humble'), ('WSLENV', 'VSCODE_WSL_EXT_LOCATION/up')]), 'shell': False}
[17.990966] (mission_manager) StdoutLine: {'line': b"-- Using RMW implementation 'rmw_fastrtps_cpp' as default\n"}
[17.991448] (-) TimerEvent: {}
[17.991683] (simulator) StdoutLine: {'line': b"-- Using RMW implementation 'rmw_fastrtps_cpp' as default\n"}
[17.991899] (autonomous_driving) StdoutLine: {'line': b"-- Using RMW implementation 'rmw_fastrtps_cpp' as default\n"}
[17.997231] (mission_manager) StdoutLine: {'line': b'-- Looking for pthread.h\n'}
[17.998102] (simulator) StdoutLine: {'line': b'-- Looking for pthread.h\n'}
[17.998545] (autonomous_driving) StdoutLine: {'line': b'-- Looking for pthread.h\n'}
[18.022255] (evaluation) StdoutLine: {'line': b'[ 33%] \x1b[32mBuilding CXX object CMakeFiles/evaluation.dir/src/evaluation_node.cpp.o\x1b[0m\n'}
[18.022830] (evaluation) StdoutLine: {'line': b'[ 66%] \x1b[32mBuilding CXX object CMakeFiles/evaluation.dir/home/subin/subin_ws/ADS_Mission_Normal/src/bsw/system/interface/interface_lane.cpp.o\x1b[0m\n'}
[18.091662] (-) TimerEvent: {}
[18.180363] (mission_manager) StdoutLine: {'line': b'-- Looking for pthread.h - found\n'}
[18.181399] (mission_manager) StdoutLine: {'line': b'-- Performing Test CMAKE_HAVE_LIBC_PTHREAD\n'}
[18.183843] (simulator) StdoutLine: {'line': b'-- Looking for pthread.h - found\n'}
[18.184421] (simulator) StdoutLine: {'line': b'-- Performing Test CMAKE_HAVE_LIBC_PTHREAD\n'}
[18.191848] (-) TimerEvent: {}
[18.234864] (autonomous_driving) StdoutLine: {'line': b'-- Looking for pthread.h - found\n'}
[18.235923] (autonomous_driving) StdoutLine: {'line': b'-- Performing Test CMAKE_HAVE_LIBC_PTHREAD\n'}
[18.292035] (-) TimerEvent: {}
[18.392699] (-) TimerEvent: {}
[18.404524] (simulator) StdoutLine: {'line': b'-- Performing Test CMAKE_HAVE_LIBC_PTHREAD - Success\n'}
[18.406586] (simulator) StdoutLine: {'line': b'-- Found Threads: TRUE  \n'}
[18.422140] (mission_manager) StdoutLine: {'line': b'-- Performing Test CMAKE_HAVE_LIBC_PTHREAD - Success\n'}
[18.424210] (mission_manager) StdoutLine: {'line': b'-- Found Threads: TRUE  \n'}
[18.436378] (autonomous_driving) StdoutLine: {'line': b'-- Performing Test CMAKE_HAVE_LIBC_PTHREAD - Success\n'}
[18.438348] (autonomous_driving) StdoutLine: {'line': b'-- Found Threads: TRUE  \n'}
[18.467108] (simulator) StdoutLine: {'line': b'-- Found visualization_msgs: 4.9.0 (/opt/ros/humble/share/visualization_msgs/cmake)\n'}
[18.480229] (mission_manager) StdoutLine: {'line': b'-- Found ad_msgs: 0.0.0 (/home/subin/subin_ws/ADS_Mission_Normal/install/ad_msgs/share/ad_msgs/cmake)\n'}
[18.480797] (autonomous_driving) StdoutLine: {'line': b'-- Found ad_msgs: 0.0.0 (/home/subin/subin_ws/ADS_Mission_Normal/install/ad_msgs/share/ad_msgs/cmake)\n'}
[18.492888] (-) TimerEvent: {}
[18.523835] (simulator) StdoutLine: {'line': b'-- Found ad_msgs: 0.0.0 (/home/subin/subin_ws/ADS_Mission_Normal/install/ad_msgs/share/ad_msgs/cmake)\n'}
[18.546488] (mission_manager) StdoutLine: {'line': b'-- Found rviz_2d_overlay_msgs: 1.4.0 (/opt/ros/humble/share/rviz_2d_overlay_msgs/cmake)\n'}
[18.557012] (mission_manager) StdoutLine: {'line': b'-- Found tf2: 0.25.17 (/opt/ros/humble/share/tf2/cmake)\n'}
[18.561644] (simulator) StdoutLine: {'line': b'-- Found tf2: 0.25.17 (/opt/ros/humble/share/tf2/cmake)\n'}
[18.564934] (mission_manager) StdoutLine: {'line': b'-- Found tf2_ros: 0.25.17 (/opt/ros/humble/share/tf2_ros/cmake)\n'}
[18.567099] (simulator) StdoutLine: {'line': b'-- Found tf2_ros: 0.25.17 (/opt/ros/humble/share/tf2_ros/cmake)\n'}
[18.585438] (autonomous_driving) StdoutLine: {'line': b'-- Found tf2: 0.25.17 (/opt/ros/humble/share/tf2/cmake)\n'}
[18.591062] (autonomous_driving) StdoutLine: {'line': b'-- Found tf2_ros: 0.25.17 (/opt/ros/humble/share/tf2_ros/cmake)\n'}
[18.592978] (-) TimerEvent: {}
[18.640713] (mission_manager) StdoutLine: {'line': b'-- Found tf2_geometry_msgs: 0.25.17 (/opt/ros/humble/share/tf2_geometry_msgs/cmake)\n'}
[18.664188] (simulator) StdoutLine: {'line': b'-- Found Boost: /usr/lib/x86_64-linux-gnu/cmake/Boost-1.74.0/BoostConfig.cmake (found version "1.74.0") found components: system filesystem \n'}
[18.693149] (-) TimerEvent: {}
[18.721495] (mission_manager) StdoutLine: {'line': b'-- Found eigen3_cmake_module: 0.1.1 (/opt/ros/humble/share/eigen3_cmake_module/cmake)\n'}
[18.723847] (mission_manager) StdoutLine: {'line': b'-- Found Eigen3: TRUE (found version "3.4.0") \n'}
[18.724183] (mission_manager) StdoutLine: {'line': b'-- Ensuring Eigen3 include directory is part of orocos-kdl CMake target\n'}
[18.735173] (mission_manager) StdoutLine: {'line': b'-- Found Boost: /usr/lib/x86_64-linux-gnu/cmake/Boost-1.74.0/BoostConfig.cmake (found version "1.74.0") found components: system filesystem \n'}
[18.746120] (simulator) StdoutLine: {'line': b'-- Configuring done\n'}
[18.764241] (autonomous_driving) StdoutLine: {'line': b'-- Configuring done\n'}
[18.787920] (simulator) StdoutLine: {'line': b'-- Generating done\n'}
[18.790755] (autonomous_driving) StdoutLine: {'line': b'-- Generating done\n'}
[18.793338] (-) TimerEvent: {}
[18.797867] (autonomous_driving) StdoutLine: {'line': b'-- Build files have been written to: /home/subin/subin_ws/ADS_Mission_Normal/build/autonomous_driving\n'}
[18.800510] (simulator) StdoutLine: {'line': b'-- Build files have been written to: /home/subin/subin_ws/ADS_Mission_Normal/build/simulator\n'}
[18.809298] (autonomous_driving) CommandEnded: {'returncode': 0}
[18.812142] (autonomous_driving) JobProgress: {'identifier': 'autonomous_driving', 'progress': 'build'}
[18.813003] (autonomous_driving) Command: {'cmd': ['/usr/bin/cmake', '--build', '/home/subin/subin_ws/ADS_Mission_Normal/build/autonomous_driving', '--', '-j22', '-l22'], 'cwd': '/home/subin/subin_ws/ADS_Mission_Normal/build/autonomous_driving', 'env': OrderedDict([('LESSOPEN', '| /usr/bin/lesspipe %s'), ('USER', 'subin'), ('GIT_ASKPASS', '/home/subin/.vscode-server/bin/618725e67565b290ba4da6fe2d29f8fa1d4e3622/extensions/git/dist/askpass.sh'), ('SHLVL', '1'), ('LIBGL_ALWAYS_SOFTWARE', '1'), ('LD_LIBRARY_PATH', '/home/subin/subin_ws/ADS_Mission_Normal/install/ad_msgs/lib:/home/subin/subin_ws/Autonomous_Driving_Software_Final/install/ad_msgs/lib:/home/subin/subin_ws/ADS_Final_MissionHard/install/ad_msgs/lib:/opt/ros/humble/opt/rviz_ogre_vendor/lib:/opt/ros/humble/lib/x86_64-linux-gnu:/opt/ros/humble/lib'), ('MOTD_SHOWN', 'update-motd'), ('HOME', '/home/subin'), ('OLDPWD', '/home/subin/subin_ws'), ('TERM_PROGRAM_VERSION', '1.107.0'), ('VSCODE_IPC_HOOK_CLI', '/run/user/1000/vscode-ipc-f97671c4-95e5-4510-9f32-bda01c3d6561.sock'), ('ROS_PYTHON_VERSION', '3'), ('VSCODE_GIT_ASKPASS_MAIN', '/home/subin/.vscode-server/bin/618725e67565b290ba4da6fe2d29f8fa1d4e3622/extensions/git/dist/askpass-main.js'), ('VSCODE_GIT_ASKPASS_NODE', '/home/subin/.vscode-server/bin/618725e67565b290ba4da6fe2d29f8fa1d4e3622/node'), ('VSCODE_PYTHON_AUTOACTIVATE_GUARD', '1'), ('DBUS_SESSION_BUS_ADDRESS', 'unix:path=/run/user/1000/bus'), ('COLORTERM', 'truecolor'), ('WSL_DISTRO_NAME', 'Ubuntu-22.04'), ('WAYLAND_DISPLAY', 'wayland-0'), ('COLCON_PREFIX_PATH', '/home/subin/subin_ws/Autonomous_Driving_Software_Final/install:/home/subin/subin_ws/ADS_Final_MissionHard/install'), ('ROS_DISTRO', 'humble'), ('LOGNAME', 'subin'), ('NAME', 'GalaxyBook4Pro-427M5'), ('WSL_INTEROP', '/run/WSL/71539_interop'), ('PULSE_SERVER', 'unix:/mnt/wslg/PulseServer'), ('_', '/usr/bin/colcon'), ('ROS_VERSION', '2'), ('TERM', 'xterm-256color'), ('ROS_LOCALHOST_ONLY', '0'), ('PATH', '/home/subin/.vscode-server/data/User/globalStorage/github.copilot-chat/debugCommand:/home/subin/.vscode-server/data/User/globalStorage/github.copilot-chat/copilotCli:/home/subin/.vscode-server/bin/618725e67565b290ba4da6fe2d29f8fa1d4e3622/bin/remote-cli:/opt/ros/humble/bin:/usr/local/sbin:/usr/local/bin:/usr/sbin:/usr/bin:/sbin:/bin:/usr/games:/usr/local/games:/usr/lib/wsl/lib:/mnt/c/Program Files/Microsoft/jdk-17.0.16.8-hotspot/bin:/mnt/c/Program Files/Eclipse Adoptium/jdk-17.0.16.8-hotspot/bin:/mnt/c/Python313/Scripts/:/mnt/c/Python313/:/mnt/c/WINDOWS/system32:/mnt/c/WINDOWS:/mnt/c/WINDOWS/System32/Wbem:/mnt/c/WINDOWS/System32/WindowsPowerShell/v1.0/:/mnt/c/WINDOWS/System32/OpenSSH/:/mnt/c/ProgramData/chocolatey/bin:/mnt/c/Program Files/Docker/Docker/resources/bin:/mnt/c/Program Files (x86)/Windows Kits/10/Windows Performance Toolkit/:/mnt/c/Program Files/Microsoft/jdk-17.0.16.8-hotspot/bin:/mnt/c/Users/soo16/OneDrive/바탕 화면/Graphviz/bin:/mnt/c/:/mnt/c/Users/soo16/AppData/Local/nvm:/mnt/c/nvm4w/nodejs:/mnt/c/Program Files/Git/cmd:/mnt/c/Program Files/MySQL/MySQL Shell 8.0/bin/:/mnt/c/Users/soo16/AppData/Local/Programs/Python/Python312/Scripts/:/mnt/c/Users/soo16/AppData/Local/Programs/Python/Python312/:/mnt/c/Users/soo16/AppData/Local/Microsoft/WindowsApps:/mnt/c/Users/soo16/AppData/Local/afreeca:/mnt/c/Users/soo16/AppData/Local/Programs/Microsoft VS Code/bin:/mnt/c/Users/soo16/AppData/Local/SOOP:/mnt/c/Users/soo16/AppData/Local/GitHubDesktop/bin:/mnt/c/Program Files/Eclipse Adoptium/jdk-17.0.16.8-hotspot/bin:/mnt/c/Users/soo16/AppData/Local/Android/Sdk/platform-tools:/mnt/c/Users/soo16/AppData/Local/nvm:/mnt/c/nvm4w/nodejs:/snap/bin'), ('XDG_RUNTIME_DIR', '/run/user/1000/'), ('DISPLAY', ':0'), ('LANG', 'C.UTF-8'), ('LS_COLORS', 'rs=0:di=01;34:ln=01;36:mh=00:pi=40;33:so=01;35:do=01;35:bd=40;33;01:cd=40;33;01:or=40;31;01:mi=00:su=37;41:sg=30;43:ca=30;41:tw=30;42:ow=34;42:st=37;44:ex=01;32:*.tar=01;31:*.tgz=01;31:*.arc=01;31:*.arj=01;31:*.taz=01;31:*.lha=01;31:*.lz4=01;31:*.lzh=01;31:*.lzma=01;31:*.tlz=01;31:*.txz=01;31:*.tzo=01;31:*.t7z=01;31:*.zip=01;31:*.z=01;31:*.dz=01;31:*.gz=01;31:*.lrz=01;31:*.lz=01;31:*.lzo=01;31:*.xz=01;31:*.zst=01;31:*.tzst=01;31:*.bz2=01;31:*.bz=01;31:*.tbz=01;31:*.tbz2=01;31:*.tz=01;31:*.deb=01;31:*.rpm=01;31:*.jar=01;31:*.war=01;31:*.ear=01;31:*.sar=01;31:*.rar=01;31:*.alz=01;31:*.ace=01;31:*.zoo=01;31:*.cpio=01;31:*.7z=01;31:*.rz=01;31:*.cab=01;31:*.wim=01;31:*.swm=01;31:*.dwm=01;31:*.esd=01;31:*.jpg=01;35:*.jpeg=01;35:*.mjpg=01;35:*.mjpeg=01;35:*.gif=01;35:*.bmp=01;35:*.pbm=01;35:*.pgm=01;35:*.ppm=01;35:*.tga=01;35:*.xbm=01;35:*.xpm=01;35:*.tif=01;35:*.tiff=01;35:*.png=01;35:*.svg=01;35:*.svgz=01;35:*.mng=01;35:*.pcx=01;35:*.mov=01;35:*.mpg=01;35:*.mpeg=01;35:*.m2v=01;35:*.mkv=01;35:*.webm=01;35:*.webp=01;35:*.ogm=01;35:*.mp4=01;35:*.m4v=01;35:*.mp4v=01;35:*.vob=01;35:*.qt=01;35:*.nuv=01;35:*.wmv=01;35:*.asf=01;35:*.rm=01;35:*.rmvb=01;35:*.flc=01;35:*.avi=01;35:*.fli=01;35:*.flv=01;35:*.gl=01;35:*.dl=01;35:*.xcf=01;35:*.xwd=01;35:*.yuv=01;35:*.cgm=01;35:*.emf=01;35:*.ogv=01;35:*.ogx=01;35:*.aac=00;36:*.au=00;36:*.flac=00;36:*.m4a=00;36:*.mid=00;36:*.midi=00;36:*.mka=00;36:*.mp3=00;36:*.mpc=00;36:*.ogg=00;36:*.ra=00;36:*.wav=00;36:*.oga=00;36:*.opus=00;36:*.spx=00;36:*.xspf=00;36:'), ('VSCODE_GIT_IPC_HANDLE', '/run/user/1000/vscode-git-c2f421b98a.sock'), ('TERM_PROGRAM', 'vscode'), ('AMENT_PREFIX_PATH', '/home/subin/subin_ws/ADS_Mission_Normal/install/ad_msgs:/home/subin/subin_ws/Autonomous_Driving_Software_Final/install/simulator:/home/subin/subin_ws/Autonomous_Driving_Software_Final/install/mission_manager:/home/subin/subin_ws/Autonomous_Driving_Software_Final/install/evaluation:/home/subin/subin_ws/Autonomous_Driving_Software_Final/install/autonomous_driving:/home/subin/subin_ws/Autonomous_Driving_Software_Final/install/ad_msgs:/home/subin/subin_ws/ADS_Final_MissionHard/install/simulator:/home/subin/subin_ws/ADS_Final_MissionHard/install/mission_manager:/home/subin/subin_ws/ADS_Final_MissionHard/install/evaluation:/home/subin/subin_ws/ADS_Final_MissionHard/install/autonomous_driving:/home/subin/subin_ws/ADS_Final_MissionHard/install/ad_msgs:/opt/ros/humble'), ('SHELL', '/bin/bash'), ('LESSCLOSE', '/usr/bin/lesspipe %s %s'), ('VSCODE_GIT_ASKPASS_EXTRA_ARGS', ''), ('PWD', '/home/subin/subin_ws/ADS_Mission_Normal/build/autonomous_driving'), ('XDG_DATA_DIRS', '/usr/local/share:/usr/share:/var/lib/snapd/desktop'), ('PYTHONPATH', '/home/subin/subin_ws/ADS_Mission_Normal/install/ad_msgs/local/lib/python3.10/dist-packages:/home/subin/subin_ws/Autonomous_Driving_Software_Final/install/ad_msgs/local/lib/python3.10/dist-packages:/home/subin/subin_ws/ADS_Final_MissionHard/install/ad_msgs/local/lib/python3.10/dist-packages:/opt/ros/humble/lib/python3.10/site-packages:/opt/ros/humble/local/lib/python3.10/dist-packages'), ('COLCON', '1'), ('WSL2_GUI_APPS_ENABLED', '1'), ('HOSTTYPE', 'x86_64'), ('CMAKE_PREFIX_PATH', '/home/subin/subin_ws/ADS_Mission_Normal/install/ad_msgs:/home/subin/subin_ws/Autonomous_Driving_Software_Final/install/simulator:/home/subin/subin_ws/Autonomous_Driving_Software_Final/install/mission_manager:/home/subin/subin_ws/Autonomous_Driving_Software_Final/install/evaluation:/home/subin/subin_ws/Autonomous_Driving_Software_Final/install/autonomous_driving:/home/subin/subin_ws/Autonomous_Driving_Software_Final/install/ad_msgs:/home/subin/subin_ws/ADS_Final_MissionHard/install/simulator:/home/subin/subin_ws/ADS_Final_MissionHard/install/mission_manager:/home/subin/subin_ws/ADS_Final_MissionHard/install/evaluation:/home/subin/subin_ws/ADS_Final_MissionHard/install/autonomous_driving:/home/subin/subin_ws/ADS_Final_MissionHard/install/ad_msgs:/opt/ros/humble'), ('WSLENV', 'VSCODE_WSL_EXT_LOCATION/up')]), 'shell': False}
[18.816622] (simulator) CommandEnded: {'returncode': 0}
[18.819286] (simulator) JobProgress: {'identifier': 'simulator', 'progress': 'build'}
[18.819862] (simulator) Command: {'cmd': ['/usr/bin/cmake', '--build', '/home/subin/subin_ws/ADS_Mission_Normal/build/simulator', '--', '-j22', '-l22'], 'cwd': '/home/subin/subin_ws/ADS_Mission_Normal/build/simulator', 'env': OrderedDict([('LESSOPEN', '| /usr/bin/lesspipe %s'), ('USER', 'subin'), ('GIT_ASKPASS', '/home/subin/.vscode-server/bin/618725e67565b290ba4da6fe2d29f8fa1d4e3622/extensions/git/dist/askpass.sh'), ('SHLVL', '1'), ('LIBGL_ALWAYS_SOFTWARE', '1'), ('LD_LIBRARY_PATH', '/home/subin/subin_ws/ADS_Mission_Normal/install/ad_msgs/lib:/home/subin/subin_ws/Autonomous_Driving_Software_Final/install/ad_msgs/lib:/home/subin/subin_ws/ADS_Final_MissionHard/install/ad_msgs/lib:/opt/ros/humble/opt/rviz_ogre_vendor/lib:/opt/ros/humble/lib/x86_64-linux-gnu:/opt/ros/humble/lib'), ('MOTD_SHOWN', 'update-motd'), ('HOME', '/home/subin'), ('OLDPWD', '/home/subin/subin_ws'), ('TERM_PROGRAM_VERSION', '1.107.0'), ('VSCODE_IPC_HOOK_CLI', '/run/user/1000/vscode-ipc-f97671c4-95e5-4510-9f32-bda01c3d6561.sock'), ('ROS_PYTHON_VERSION', '3'), ('VSCODE_GIT_ASKPASS_MAIN', '/home/subin/.vscode-server/bin/618725e67565b290ba4da6fe2d29f8fa1d4e3622/extensions/git/dist/askpass-main.js'), ('VSCODE_GIT_ASKPASS_NODE', '/home/subin/.vscode-server/bin/618725e67565b290ba4da6fe2d29f8fa1d4e3622/node'), ('VSCODE_PYTHON_AUTOACTIVATE_GUARD', '1'), ('DBUS_SESSION_BUS_ADDRESS', 'unix:path=/run/user/1000/bus'), ('COLORTERM', 'truecolor'), ('WSL_DISTRO_NAME', 'Ubuntu-22.04'), ('WAYLAND_DISPLAY', 'wayland-0'), ('COLCON_PREFIX_PATH', '/home/subin/subin_ws/Autonomous_Driving_Software_Final/install:/home/subin/subin_ws/ADS_Final_MissionHard/install'), ('ROS_DISTRO', 'humble'), ('LOGNAME', 'subin'), ('NAME', 'GalaxyBook4Pro-427M5'), ('WSL_INTEROP', '/run/WSL/71539_interop'), ('PULSE_SERVER', 'unix:/mnt/wslg/PulseServer'), ('_', '/usr/bin/colcon'), ('ROS_VERSION', '2'), ('TERM', 'xterm-256color'), ('ROS_LOCALHOST_ONLY', '0'), ('PATH', '/home/subin/.vscode-server/data/User/globalStorage/github.copilot-chat/debugCommand:/home/subin/.vscode-server/data/User/globalStorage/github.copilot-chat/copilotCli:/home/subin/.vscode-server/bin/618725e67565b290ba4da6fe2d29f8fa1d4e3622/bin/remote-cli:/opt/ros/humble/bin:/usr/local/sbin:/usr/local/bin:/usr/sbin:/usr/bin:/sbin:/bin:/usr/games:/usr/local/games:/usr/lib/wsl/lib:/mnt/c/Program Files/Microsoft/jdk-17.0.16.8-hotspot/bin:/mnt/c/Program Files/Eclipse Adoptium/jdk-17.0.16.8-hotspot/bin:/mnt/c/Python313/Scripts/:/mnt/c/Python313/:/mnt/c/WINDOWS/system32:/mnt/c/WINDOWS:/mnt/c/WINDOWS/System32/Wbem:/mnt/c/WINDOWS/System32/WindowsPowerShell/v1.0/:/mnt/c/WINDOWS/System32/OpenSSH/:/mnt/c/ProgramData/chocolatey/bin:/mnt/c/Program Files/Docker/Docker/resources/bin:/mnt/c/Program Files (x86)/Windows Kits/10/Windows Performance Toolkit/:/mnt/c/Program Files/Microsoft/jdk-17.0.16.8-hotspot/bin:/mnt/c/Users/soo16/OneDrive/바탕 화면/Graphviz/bin:/mnt/c/:/mnt/c/Users/soo16/AppData/Local/nvm:/mnt/c/nvm4w/nodejs:/mnt/c/Program Files/Git/cmd:/mnt/c/Program Files/MySQL/MySQL Shell 8.0/bin/:/mnt/c/Users/soo16/AppData/Local/Programs/Python/Python312/Scripts/:/mnt/c/Users/soo16/AppData/Local/Programs/Python/Python312/:/mnt/c/Users/soo16/AppData/Local/Microsoft/WindowsApps:/mnt/c/Users/soo16/AppData/Local/afreeca:/mnt/c/Users/soo16/AppData/Local/Programs/Microsoft VS Code/bin:/mnt/c/Users/soo16/AppData/Local/SOOP:/mnt/c/Users/soo16/AppData/Local/GitHubDesktop/bin:/mnt/c/Program Files/Eclipse Adoptium/jdk-17.0.16.8-hotspot/bin:/mnt/c/Users/soo16/AppData/Local/Android/Sdk/platform-tools:/mnt/c/Users/soo16/AppData/Local/nvm:/mnt/c/nvm4w/nodejs:/snap/bin'), ('XDG_RUNTIME_DIR', '/run/user/1000/'), ('DISPLAY', ':0'), ('LANG', 'C.UTF-8'), ('LS_COLORS', 'rs=0:di=01;34:ln=01;36:mh=00:pi=40;33:so=01;35:do=01;35:bd=40;33;01:cd=40;33;01:or=40;31;01:mi=00:su=37;41:sg=30;43:ca=30;41:tw=30;42:ow=34;42:st=37;44:ex=01;32:*.tar=01;31:*.tgz=01;31:*.arc=01;31:*.arj=01;31:*.taz=01;31:*.lha=01;31:*.lz4=01;31:*.lzh=01;31:*.lzma=01;31:*.tlz=01;31:*.txz=01;31:*.tzo=01;31:*.t7z=01;31:*.zip=01;31:*.z=01;31:*.dz=01;31:*.gz=01;31:*.lrz=01;31:*.lz=01;31:*.lzo=01;31:*.xz=01;31:*.zst=01;31:*.tzst=01;31:*.bz2=01;31:*.bz=01;31:*.tbz=01;31:*.tbz2=01;31:*.tz=01;31:*.deb=01;31:*.rpm=01;31:*.jar=01;31:*.war=01;31:*.ear=01;31:*.sar=01;31:*.rar=01;31:*.alz=01;31:*.ace=01;31:*.zoo=01;31:*.cpio=01;31:*.7z=01;31:*.rz=01;31:*.cab=01;31:*.wim=01;31:*.swm=01;31:*.dwm=01;31:*.esd=01;31:*.jpg=01;35:*.jpeg=01;35:*.mjpg=01;35:*.mjpeg=01;35:*.gif=01;35:*.bmp=01;35:*.pbm=01;35:*.pgm=01;35:*.ppm=01;35:*.tga=01;35:*.xbm=01;35:*.xpm=01;35:*.tif=01;35:*.tiff=01;35:*.png=01;35:*.svg=01;35:*.svgz=01;35:*.mng=01;35:*.pcx=01;35:*.mov=01;35:*.mpg=01;35:*.mpeg=01;35:*.m2v=01;35:*.mkv=01;35:*.webm=01;35:*.webp=01;35:*.ogm=01;35:*.mp4=01;35:*.m4v=01;35:*.mp4v=01;35:*.vob=01;35:*.qt=01;35:*.nuv=01;35:*.wmv=01;35:*.asf=01;35:*.rm=01;35:*.rmvb=01;35:*.flc=01;35:*.avi=01;35:*.fli=01;35:*.flv=01;35:*.gl=01;35:*.dl=01;35:*.xcf=01;35:*.xwd=01;35:*.yuv=01;35:*.cgm=01;35:*.emf=01;35:*.ogv=01;35:*.ogx=01;35:*.aac=00;36:*.au=00;36:*.flac=00;36:*.m4a=00;36:*.mid=00;36:*.midi=00;36:*.mka=00;36:*.mp3=00;36:*.mpc=00;36:*.ogg=00;36:*.ra=00;36:*.wav=00;36:*.oga=00;36:*.opus=00;36:*.spx=00;36:*.xspf=00;36:'), ('VSCODE_GIT_IPC_HANDLE', '/run/user/1000/vscode-git-c2f421b98a.sock'), ('TERM_PROGRAM', 'vscode'), ('AMENT_PREFIX_PATH', '/home/subin/subin_ws/ADS_Mission_Normal/install/ad_msgs:/home/subin/subin_ws/Autonomous_Driving_Software_Final/install/simulator:/home/subin/subin_ws/Autonomous_Driving_Software_Final/install/mission_manager:/home/subin/subin_ws/Autonomous_Driving_Software_Final/install/evaluation:/home/subin/subin_ws/Autonomous_Driving_Software_Final/install/autonomous_driving:/home/subin/subin_ws/Autonomous_Driving_Software_Final/install/ad_msgs:/home/subin/subin_ws/ADS_Final_MissionHard/install/simulator:/home/subin/subin_ws/ADS_Final_MissionHard/install/mission_manager:/home/subin/subin_ws/ADS_Final_MissionHard/install/evaluation:/home/subin/subin_ws/ADS_Final_MissionHard/install/autonomous_driving:/home/subin/subin_ws/ADS_Final_MissionHard/install/ad_msgs:/opt/ros/humble'), ('SHELL', '/bin/bash'), ('LESSCLOSE', '/usr/bin/lesspipe %s %s'), ('VSCODE_GIT_ASKPASS_EXTRA_ARGS', ''), ('PWD', '/home/subin/subin_ws/ADS_Mission_Normal/build/simulator'), ('XDG_DATA_DIRS', '/usr/local/share:/usr/share:/var/lib/snapd/desktop'), ('PYTHONPATH', '/home/subin/subin_ws/ADS_Mission_Normal/install/ad_msgs/local/lib/python3.10/dist-packages:/home/subin/subin_ws/Autonomous_Driving_Software_Final/install/ad_msgs/local/lib/python3.10/dist-packages:/home/subin/subin_ws/ADS_Final_MissionHard/install/ad_msgs/local/lib/python3.10/dist-packages:/opt/ros/humble/lib/python3.10/site-packages:/opt/ros/humble/local/lib/python3.10/dist-packages'), ('COLCON', '1'), ('WSL2_GUI_APPS_ENABLED', '1'), ('HOSTTYPE', 'x86_64'), ('CMAKE_PREFIX_PATH', '/home/subin/subin_ws/ADS_Mission_Normal/install/ad_msgs:/home/subin/subin_ws/Autonomous_Driving_Software_Final/install/simulator:/home/subin/subin_ws/Autonomous_Driving_Software_Final/install/mission_manager:/home/subin/subin_ws/Autonomous_Driving_Software_Final/install/evaluation:/home/subin/subin_ws/Autonomous_Driving_Software_Final/install/autonomous_driving:/home/subin/subin_ws/Autonomous_Driving_Software_Final/install/ad_msgs:/home/subin/subin_ws/ADS_Final_MissionHard/install/simulator:/home/subin/subin_ws/ADS_Final_MissionHard/install/mission_manager:/home/subin/subin_ws/ADS_Final_MissionHard/install/evaluation:/home/subin/subin_ws/ADS_Final_MissionHard/install/autonomous_driving:/home/subin/subin_ws/ADS_Final_MissionHard/install/ad_msgs:/opt/ros/humble'), ('WSLENV', 'VSCODE_WSL_EXT_LOCATION/up')]), 'shell': False}
[18.824386] (mission_manager) StdoutLine: {'line': b'-- Configuring done\n'}
[18.849868] (mission_manager) StdoutLine: {'line': b'-- Generating done\n'}
[18.857586] (mission_manager) StdoutLine: {'line': b'-- Build files have been written to: /home/subin/subin_ws/ADS_Mission_Normal/build/mission_manager\n'}
[18.876942] (autonomous_driving) StdoutLine: {'line': b'[ 14%] \x1b[32mBuilding CXX object CMakeFiles/planning_node.dir/src/planning_node.cpp.o\x1b[0m\n'}
[18.878589] (autonomous_driving) StdoutLine: {'line': b'[ 28%] \x1b[32mBuilding CXX object CMakeFiles/planning_node.dir/src/frenet_converter.cpp.o\x1b[0m\n'}
[18.878751] (mission_manager) CommandEnded: {'returncode': 0}
[18.879506] (mission_manager) JobProgress: {'identifier': 'mission_manager', 'progress': 'build'}
[18.881417] (autonomous_driving) StdoutLine: {'line': b'[ 42%] \x1b[32mBuilding CXX object CMakeFiles/control_node.dir/src/control_node.cpp.o\x1b[0m\n'}
[18.882345] (mission_manager) Command: {'cmd': ['/usr/bin/cmake', '--build', '/home/subin/subin_ws/ADS_Mission_Normal/build/mission_manager', '--', '-j22', '-l22'], 'cwd': '/home/subin/subin_ws/ADS_Mission_Normal/build/mission_manager', 'env': OrderedDict([('LESSOPEN', '| /usr/bin/lesspipe %s'), ('USER', 'subin'), ('GIT_ASKPASS', '/home/subin/.vscode-server/bin/618725e67565b290ba4da6fe2d29f8fa1d4e3622/extensions/git/dist/askpass.sh'), ('SHLVL', '1'), ('LIBGL_ALWAYS_SOFTWARE', '1'), ('LD_LIBRARY_PATH', '/home/subin/subin_ws/ADS_Mission_Normal/install/ad_msgs/lib:/home/subin/subin_ws/Autonomous_Driving_Software_Final/install/ad_msgs/lib:/home/subin/subin_ws/ADS_Final_MissionHard/install/ad_msgs/lib:/opt/ros/humble/opt/rviz_ogre_vendor/lib:/opt/ros/humble/lib/x86_64-linux-gnu:/opt/ros/humble/lib'), ('MOTD_SHOWN', 'update-motd'), ('HOME', '/home/subin'), ('OLDPWD', '/home/subin/subin_ws'), ('TERM_PROGRAM_VERSION', '1.107.0'), ('VSCODE_IPC_HOOK_CLI', '/run/user/1000/vscode-ipc-f97671c4-95e5-4510-9f32-bda01c3d6561.sock'), ('ROS_PYTHON_VERSION', '3'), ('VSCODE_GIT_ASKPASS_MAIN', '/home/subin/.vscode-server/bin/618725e67565b290ba4da6fe2d29f8fa1d4e3622/extensions/git/dist/askpass-main.js'), ('VSCODE_GIT_ASKPASS_NODE', '/home/subin/.vscode-server/bin/618725e67565b290ba4da6fe2d29f8fa1d4e3622/node'), ('VSCODE_PYTHON_AUTOACTIVATE_GUARD', '1'), ('DBUS_SESSION_BUS_ADDRESS', 'unix:path=/run/user/1000/bus'), ('COLORTERM', 'truecolor'), ('WSL_DISTRO_NAME', 'Ubuntu-22.04'), ('WAYLAND_DISPLAY', 'wayland-0'), ('COLCON_PREFIX_PATH', '/home/subin/subin_ws/Autonomous_Driving_Software_Final/install:/home/subin/subin_ws/ADS_Final_MissionHard/install'), ('ROS_DISTRO', 'humble'), ('LOGNAME', 'subin'), ('NAME', 'GalaxyBook4Pro-427M5'), ('WSL_INTEROP', '/run/WSL/71539_interop'), ('PULSE_SERVER', 'unix:/mnt/wslg/PulseServer'), ('_', '/usr/bin/colcon'), ('ROS_VERSION', '2'), ('TERM', 'xterm-256color'), ('ROS_LOCALHOST_ONLY', '0'), ('PATH', '/home/subin/.vscode-server/data/User/globalStorage/github.copilot-chat/debugCommand:/home/subin/.vscode-server/data/User/globalStorage/github.copilot-chat/copilotCli:/home/subin/.vscode-server/bin/618725e67565b290ba4da6fe2d29f8fa1d4e3622/bin/remote-cli:/opt/ros/humble/bin:/usr/local/sbin:/usr/local/bin:/usr/sbin:/usr/bin:/sbin:/bin:/usr/games:/usr/local/games:/usr/lib/wsl/lib:/mnt/c/Program Files/Microsoft/jdk-17.0.16.8-hotspot/bin:/mnt/c/Program Files/Eclipse Adoptium/jdk-17.0.16.8-hotspot/bin:/mnt/c/Python313/Scripts/:/mnt/c/Python313/:/mnt/c/WINDOWS/system32:/mnt/c/WINDOWS:/mnt/c/WINDOWS/System32/Wbem:/mnt/c/WINDOWS/System32/WindowsPowerShell/v1.0/:/mnt/c/WINDOWS/System32/OpenSSH/:/mnt/c/ProgramData/chocolatey/bin:/mnt/c/Program Files/Docker/Docker/resources/bin:/mnt/c/Program Files (x86)/Windows Kits/10/Windows Performance Toolkit/:/mnt/c/Program Files/Microsoft/jdk-17.0.16.8-hotspot/bin:/mnt/c/Users/soo16/OneDrive/바탕 화면/Graphviz/bin:/mnt/c/:/mnt/c/Users/soo16/AppData/Local/nvm:/mnt/c/nvm4w/nodejs:/mnt/c/Program Files/Git/cmd:/mnt/c/Program Files/MySQL/MySQL Shell 8.0/bin/:/mnt/c/Users/soo16/AppData/Local/Programs/Python/Python312/Scripts/:/mnt/c/Users/soo16/AppData/Local/Programs/Python/Python312/:/mnt/c/Users/soo16/AppData/Local/Microsoft/WindowsApps:/mnt/c/Users/soo16/AppData/Local/afreeca:/mnt/c/Users/soo16/AppData/Local/Programs/Microsoft VS Code/bin:/mnt/c/Users/soo16/AppData/Local/SOOP:/mnt/c/Users/soo16/AppData/Local/GitHubDesktop/bin:/mnt/c/Program Files/Eclipse Adoptium/jdk-17.0.16.8-hotspot/bin:/mnt/c/Users/soo16/AppData/Local/Android/Sdk/platform-tools:/mnt/c/Users/soo16/AppData/Local/nvm:/mnt/c/nvm4w/nodejs:/snap/bin'), ('XDG_RUNTIME_DIR', '/run/user/1000/'), ('DISPLAY', ':0'), ('LANG', 'C.UTF-8'), ('LS_COLORS', 'rs=0:di=01;34:ln=01;36:mh=00:pi=40;33:so=01;35:do=01;35:bd=40;33;01:cd=40;33;01:or=40;31;01:mi=00:su=37;41:sg=30;43:ca=30;41:tw=30;42:ow=34;42:st=37;44:ex=01;32:*.tar=01;31:*.tgz=01;31:*.arc=01;31:*.arj=01;31:*.taz=01;31:*.lha=01;31:*.lz4=01;31:*.lzh=01;31:*.lzma=01;31:*.tlz=01;31:*.txz=01;31:*.tzo=01;31:*.t7z=01;31:*.zip=01;31:*.z=01;31:*.dz=01;31:*.gz=01;31:*.lrz=01;31:*.lz=01;31:*.lzo=01;31:*.xz=01;31:*.zst=01;31:*.tzst=01;31:*.bz2=01;31:*.bz=01;31:*.tbz=01;31:*.tbz2=01;31:*.tz=01;31:*.deb=01;31:*.rpm=01;31:*.jar=01;31:*.war=01;31:*.ear=01;31:*.sar=01;31:*.rar=01;31:*.alz=01;31:*.ace=01;31:*.zoo=01;31:*.cpio=01;31:*.7z=01;31:*.rz=01;31:*.cab=01;31:*.wim=01;31:*.swm=01;31:*.dwm=01;31:*.esd=01;31:*.jpg=01;35:*.jpeg=01;35:*.mjpg=01;35:*.mjpeg=01;35:*.gif=01;35:*.bmp=01;35:*.pbm=01;35:*.pgm=01;35:*.ppm=01;35:*.tga=01;35:*.xbm=01;35:*.xpm=01;35:*.tif=01;35:*.tiff=01;35:*.png=01;35:*.svg=01;35:*.svgz=01;35:*.mng=01;35:*.pcx=01;35:*.mov=01;35:*.mpg=01;35:*.mpeg=01;35:*.m2v=01;35:*.mkv=01;35:*.webm=01;35:*.webp=01;35:*.ogm=01;35:*.mp4=01;35:*.m4v=01;35:*.mp4v=01;35:*.vob=01;35:*.qt=01;35:*.nuv=01;35:*.wmv=01;35:*.asf=01;35:*.rm=01;35:*.rmvb=01;35:*.flc=01;35:*.avi=01;35:*.fli=01;35:*.flv=01;35:*.gl=01;35:*.dl=01;35:*.xcf=01;35:*.xwd=01;35:*.yuv=01;35:*.cgm=01;35:*.emf=01;35:*.ogv=01;35:*.ogx=01;35:*.aac=00;36:*.au=00;36:*.flac=00;36:*.m4a=00;36:*.mid=00;36:*.midi=00;36:*.mka=00;36:*.mp3=00;36:*.mpc=00;36:*.ogg=00;36:*.ra=00;36:*.wav=00;36:*.oga=00;36:*.opus=00;36:*.spx=00;36:*.xspf=00;36:'), ('VSCODE_GIT_IPC_HANDLE', '/run/user/1000/vscode-git-c2f421b98a.sock'), ('TERM_PROGRAM', 'vscode'), ('AMENT_PREFIX_PATH', '/home/subin/subin_ws/ADS_Mission_Normal/install/ad_msgs:/home/subin/subin_ws/Autonomous_Driving_Software_Final/install/simulator:/home/subin/subin_ws/Autonomous_Driving_Software_Final/install/mission_manager:/home/subin/subin_ws/Autonomous_Driving_Software_Final/install/evaluation:/home/subin/subin_ws/Autonomous_Driving_Software_Final/install/autonomous_driving:/home/subin/subin_ws/Autonomous_Driving_Software_Final/install/ad_msgs:/home/subin/subin_ws/ADS_Final_MissionHard/install/simulator:/home/subin/subin_ws/ADS_Final_MissionHard/install/mission_manager:/home/subin/subin_ws/ADS_Final_MissionHard/install/evaluation:/home/subin/subin_ws/ADS_Final_MissionHard/install/autonomous_driving:/home/subin/subin_ws/ADS_Final_MissionHard/install/ad_msgs:/opt/ros/humble'), ('SHELL', '/bin/bash'), ('LESSCLOSE', '/usr/bin/lesspipe %s %s'), ('VSCODE_GIT_ASKPASS_EXTRA_ARGS', ''), ('PWD', '/home/subin/subin_ws/ADS_Mission_Normal/build/mission_manager'), ('XDG_DATA_DIRS', '/usr/local/share:/usr/share:/var/lib/snapd/desktop'), ('PYTHONPATH', '/home/subin/subin_ws/ADS_Mission_Normal/install/ad_msgs/local/lib/python3.10/dist-packages:/home/subin/subin_ws/Autonomous_Driving_Software_Final/install/ad_msgs/local/lib/python3.10/dist-packages:/home/subin/subin_ws/ADS_Final_MissionHard/install/ad_msgs/local/lib/python3.10/dist-packages:/opt/ros/humble/lib/python3.10/site-packages:/opt/ros/humble/local/lib/python3.10/dist-packages'), ('COLCON', '1'), ('WSL2_GUI_APPS_ENABLED', '1'), ('HOSTTYPE', 'x86_64'), ('CMAKE_PREFIX_PATH', '/home/subin/subin_ws/ADS_Mission_Normal/install/ad_msgs:/home/subin/subin_ws/Autonomous_Driving_Software_Final/install/simulator:/home/subin/subin_ws/Autonomous_Driving_Software_Final/install/mission_manager:/home/subin/subin_ws/Autonomous_Driving_Software_Final/install/evaluation:/home/subin/subin_ws/Autonomous_Driving_Software_Final/install/autonomous_driving:/home/subin/subin_ws/Autonomous_Driving_Software_Final/install/ad_msgs:/home/subin/subin_ws/ADS_Final_MissionHard/install/simulator:/home/subin/subin_ws/ADS_Final_MissionHard/install/mission_manager:/home/subin/subin_ws/ADS_Final_MissionHard/install/evaluation:/home/subin/subin_ws/ADS_Final_MissionHard/install/autonomous_driving:/home/subin/subin_ws/ADS_Final_MissionHard/install/ad_msgs:/opt/ros/humble'), ('WSLENV', 'VSCODE_WSL_EXT_LOCATION/up')]), 'shell': False}
[18.883017] (autonomous_driving) StdoutLine: {'line': b'[ 57%] \x1b[32mBuilding CXX object CMakeFiles/perception_node.dir/src/perception_node.cpp.o\x1b[0m\n'}
[18.883220] (simulator) StdoutLine: {'line': b'[ 14%] \x1b[32mBuilding CXX object CMakeFiles/display.dir/src/display/display_node.cpp.o\x1b[0m\n'}
[18.883360] (simulator) StdoutLine: {'line': b'[ 28%] \x1b[32mBuilding CXX object CMakeFiles/vehicle.dir/src/vehicle/vehicle_simulator_node.cpp.o\x1b[0m\n'}
[18.884389] (simulator) StdoutLine: {'line': b'[ 42%] \x1b[32mBuilding CXX object CMakeFiles/lane_detection.dir/home/subin/subin_ws/ADS_Mission_Normal/src/bsw/system/interface/interface_lane.cpp.o\x1b[0m\n'}
[18.884588] (simulator) StdoutLine: {'line': b'[ 57%] \x1b[32mBuilding CXX object CMakeFiles/lane_detection.dir/src/lane_detection/lane_detection_node.cpp.o\x1b[0m\n'}
[18.893541] (-) TimerEvent: {}
[18.916348] (evaluation) StderrLine: {'line': b'\x1b[01m\x1b[K/home/subin/subin_ws/ADS_Mission_Normal/src/bsw/system/interface/interface_lane.cpp:\x1b[m\x1b[K In member function \xe2\x80\x98\x1b[01m\x1b[Kbool SLanes::ImportLaneCsvFile(std::string)\x1b[m\x1b[K\xe2\x80\x99:\n'}
[18.916735] (evaluation) StderrLine: {'line': b'\x1b[01m\x1b[K/home/subin/subin_ws/ADS_Mission_Normal/src/bsw/system/interface/interface_lane.cpp:26:9:\x1b[m\x1b[K \x1b[01;35m\x1b[Kwarning: \x1b[m\x1b[Kunused variable \xe2\x80\x98\x1b[01m\x1b[KnLaneID\x1b[m\x1b[K\xe2\x80\x99 [\x1b[01;35m\x1b[K\x1b]8;;https://gcc.gnu.org/onlinedocs/gcc/Warning-Options.html#index-Wunused-variable\x07-Wunused-variable\x1b]8;;\x07\x1b[m\x1b[K]\n'}
[18.916850] (evaluation) StderrLine: {'line': b'   26 |     int \x1b[01;35m\x1b[KnLaneID\x1b[m\x1b[K = 0;\n'}
[18.916937] (evaluation) StderrLine: {'line': b'      |         \x1b[01;35m\x1b[K^~~~~~~\x1b[m\x1b[K\n'}
[18.955780] (mission_manager) StdoutLine: {'line': b'[ 33%] \x1b[32mBuilding CXX object CMakeFiles/mission_manager.dir/src/mission_manager_node.cpp.o\x1b[0m\n'}
[18.957062] (mission_manager) StdoutLine: {'line': b'[ 66%] \x1b[32mBuilding CXX object CMakeFiles/mission_manager.dir/home/subin/subin_ws/ADS_Mission_Normal/src/bsw/system/interface/interface_lane.cpp.o\x1b[0m\n'}
[18.993839] (-) TimerEvent: {}
[19.094569] (-) TimerEvent: {}
[19.195197] (-) TimerEvent: {}
[19.295742] (-) TimerEvent: {}
[19.396313] (-) TimerEvent: {}
[19.497004] (-) TimerEvent: {}
[19.597618] (-) TimerEvent: {}
[19.707034] (-) TimerEvent: {}
[19.807668] (-) TimerEvent: {}
[19.908405] (-) TimerEvent: {}
[20.009103] (-) TimerEvent: {}
[20.052005] (simulator) StderrLine: {'line': b'\x1b[01m\x1b[K/home/subin/subin_ws/ADS_Mission_Normal/src/bsw/system/interface/interface_lane.cpp:\x1b[m\x1b[K In member function \xe2\x80\x98\x1b[01m\x1b[Kbool SLanes::ImportLaneCsvFile(std::string)\x1b[m\x1b[K\xe2\x80\x99:\n'}
[20.052368] (simulator) StderrLine: {'line': b'\x1b[01m\x1b[K/home/subin/subin_ws/ADS_Mission_Normal/src/bsw/system/interface/interface_lane.cpp:26:9:\x1b[m\x1b[K \x1b[01;35m\x1b[Kwarning: \x1b[m\x1b[Kunused variable \xe2\x80\x98\x1b[01m\x1b[KnLaneID\x1b[m\x1b[K\xe2\x80\x99 [\x1b[01;35m\x1b[K\x1b]8;;https://gcc.gnu.org/onlinedocs/gcc/Warning-Options.html#index-Wunused-variable\x07-Wunused-variable\x1b]8;;\x07\x1b[m\x1b[K]\n'}
[20.052462] (simulator) StderrLine: {'line': b'   26 |     int \x1b[01;35m\x1b[KnLaneID\x1b[m\x1b[K = 0;\n'}
[20.052530] (simulator) StderrLine: {'line': b'      |         \x1b[01;35m\x1b[K^~~~~~~\x1b[m\x1b[K\n'}
[20.109305] (-) TimerEvent: {}
[20.136217] (mission_manager) StderrLine: {'line': b'\x1b[01m\x1b[K/home/subin/subin_ws/ADS_Mission_Normal/src/bsw/system/interface/interface_lane.cpp:\x1b[m\x1b[K In member function \xe2\x80\x98\x1b[01m\x1b[Kbool SLanes::ImportLaneCsvFile(std::string)\x1b[m\x1b[K\xe2\x80\x99:\n'}
[20.136601] (mission_manager) StderrLine: {'line': b'\x1b[01m\x1b[K/home/subin/subin_ws/ADS_Mission_Normal/src/bsw/system/interface/interface_lane.cpp:26:9:\x1b[m\x1b[K \x1b[01;35m\x1b[Kwarning: \x1b[m\x1b[Kunused variable \xe2\x80\x98\x1b[01m\x1b[KnLaneID\x1b[m\x1b[K\xe2\x80\x99 [\x1b[01;35m\x1b[K\x1b]8;;https://gcc.gnu.org/onlinedocs/gcc/Warning-Options.html#index-Wunused-variable\x07-Wunused-variable\x1b]8;;\x07\x1b[m\x1b[K]\n'}
[20.136704] (mission_manager) StderrLine: {'line': b'   26 |     int \x1b[01;35m\x1b[KnLaneID\x1b[m\x1b[K = 0;\n'}
[20.136771] (mission_manager) StderrLine: {'line': b'      |         \x1b[01;35m\x1b[K^~~~~~~\x1b[m\x1b[K\n'}
[20.209487] (-) TimerEvent: {}
[20.310015] (-) TimerEvent: {}
[20.410596] (-) TimerEvent: {}
[20.511160] (-) TimerEvent: {}
[20.611732] (-) TimerEvent: {}
[20.712268] (-) TimerEvent: {}
[20.812825] (-) TimerEvent: {}
[20.913849] (-) TimerEvent: {}
[21.014464] (-) TimerEvent: {}
[21.115019] (-) TimerEvent: {}
[21.215557] (-) TimerEvent: {}
[21.315996] (-) TimerEvent: {}
[21.416380] (-) TimerEvent: {}
[21.517018] (-) TimerEvent: {}
[21.617549] (-) TimerEvent: {}
[21.718020] (-) TimerEvent: {}
[21.818509] (-) TimerEvent: {}
[21.919032] (-) TimerEvent: {}
[22.021504] (-) TimerEvent: {}
[22.123889] (-) TimerEvent: {}
[22.224336] (-) TimerEvent: {}
[22.324893] (-) TimerEvent: {}
[22.425341] (-) TimerEvent: {}
[22.525936] (-) TimerEvent: {}
[22.630302] (-) TimerEvent: {}
[22.730831] (-) TimerEvent: {}
[22.834350] (-) TimerEvent: {}
[22.938360] (-) TimerEvent: {}
[23.045143] (-) TimerEvent: {}
[23.145672] (-) TimerEvent: {}
[23.246239] (-) TimerEvent: {}
[23.348738] (-) TimerEvent: {}
[23.449175] (-) TimerEvent: {}
[23.549578] (-) TimerEvent: {}
[23.665411] (-) TimerEvent: {}
[23.770913] (-) TimerEvent: {}
[23.871390] (-) TimerEvent: {}
[23.971772] (-) TimerEvent: {}
[24.072601] (-) TimerEvent: {}
[24.173087] (-) TimerEvent: {}
[24.246454] (simulator) StderrLine: {'line': b'\x1b[01m\x1b[K/home/subin/subin_ws/ADS_Mission_Normal/src/app/simulator/src/display/display_node.cpp:\x1b[m\x1b[K In member function \xe2\x80\x98\x1b[01m\x1b[Kvoid Display::DisplayROILanes(const LanePointDataArray&, const rclcpp::Time&)\x1b[m\x1b[K\xe2\x80\x99:\n'}
[24.246756] (simulator) StderrLine: {'line': b'\x1b[01m\x1b[K/home/subin/subin_ws/ADS_Mission_Normal/src/app/simulator/src/display/display_node.cpp:380:9:\x1b[m\x1b[K \x1b[01;35m\x1b[Kwarning: \x1b[m\x1b[Kunused variable \xe2\x80\x98\x1b[01m\x1b[Kid\x1b[m\x1b[K\xe2\x80\x99 [\x1b[01;35m\x1b[K\x1b]8;;https://gcc.gnu.org/onlinedocs/gcc/Warning-Options.html#index-Wunused-variable\x07-Wunused-variable\x1b]8;;\x07\x1b[m\x1b[K]\n'}
[24.246890] (simulator) StderrLine: {'line': b'  380 |     int \x1b[01;35m\x1b[Kid\x1b[m\x1b[K = 0;\n'}
[24.246969] (simulator) StderrLine: {'line': b'      |         \x1b[01;35m\x1b[K^~\x1b[m\x1b[K\n'}
[24.273531] (-) TimerEvent: {}
[24.375562] (-) TimerEvent: {}
[24.482740] (-) TimerEvent: {}
[24.586833] (-) TimerEvent: {}
[24.687462] (-) TimerEvent: {}
[24.788150] (-) TimerEvent: {}
[24.893522] (-) TimerEvent: {}
[24.999858] (-) TimerEvent: {}
[25.100242] (-) TimerEvent: {}
[25.200689] (-) TimerEvent: {}
[25.302182] (-) TimerEvent: {}
[25.404468] (-) TimerEvent: {}
[25.505457] (-) TimerEvent: {}
[25.606154] (-) TimerEvent: {}
[25.706770] (-) TimerEvent: {}
[25.807448] (-) TimerEvent: {}
[25.908132] (-) TimerEvent: {}
[26.008642] (-) TimerEvent: {}
[26.040031] (autonomous_driving) StderrLine: {'line': b'\x1b[01m\x1b[K/home/subin/subin_ws/ADS_Mission_Normal/src/app/autonomous_driving/src/control_node.cpp:\x1b[m\x1b[K In member function \xe2\x80\x98\x1b[01m\x1b[Kvoid ControlNode::Init(const rclcpp::Time&)\x1b[m\x1b[K\xe2\x80\x99:\n'}
[26.040427] (autonomous_driving) StderrLine: {'line': b'\x1b[01m\x1b[K/home/subin/subin_ws/ADS_Mission_Normal/src/app/autonomous_driving/src/control_node.cpp:106:44:\x1b[m\x1b[K \x1b[01;35m\x1b[Kwarning: \x1b[m\x1b[Kunused parameter \xe2\x80\x98\x1b[01m\x1b[Kcurrent_time\x1b[m\x1b[K\xe2\x80\x99 [\x1b[01;35m\x1b[K\x1b]8;;https://gcc.gnu.org/onlinedocs/gcc/Warning-Options.html#index-Wunused-parameter\x07-Wunused-parameter\x1b]8;;\x07\x1b[m\x1b[K]\n'}
[26.040522] (autonomous_driving) StderrLine: {'line': b'  106 | void ControlNode::Init(\x1b[01;35m\x1b[Kconst rclcpp::Time &current_time\x1b[m\x1b[K) {}\n'}
[26.040591] (autonomous_driving) StderrLine: {'line': b'      |                        \x1b[01;35m\x1b[K~~~~~~~~~~~~~~~~~~~~^~~~~~~~~~~~\x1b[m\x1b[K\n'}
[26.055724] (autonomous_driving) StderrLine: {'line': b'\x1b[01m\x1b[K/home/subin/subin_ws/ADS_Mission_Normal/src/app/autonomous_driving/src/control_node.cpp:\x1b[m\x1b[K In member function \xe2\x80\x98\x1b[01m\x1b[Kdouble ControlNode::LateralControl(const interface::VehicleState&, const interface::PolyfitLane&, const AutonomousDrivingConfig&)\x1b[m\x1b[K\xe2\x80\x99:\n'}
[26.056047] (autonomous_driving) StderrLine: {'line': b'\x1b[01m\x1b[K/home/subin/subin_ws/ADS_Mission_Normal/src/app/autonomous_driving/src/control_node.cpp:233:67:\x1b[m\x1b[K \x1b[01;35m\x1b[Kwarning: \x1b[m\x1b[Kunused parameter \xe2\x80\x98\x1b[01m\x1b[Kvehicle_state\x1b[m\x1b[K\xe2\x80\x99 [\x1b[01;35m\x1b[K\x1b]8;;https://gcc.gnu.org/onlinedocs/gcc/Warning-Options.html#index-Wunused-parameter\x07-Wunused-parameter\x1b]8;;\x07\x1b[m\x1b[K]\n'}
[26.056135] (autonomous_driving) StderrLine: {'line': b'  233 | double ControlNode::LateralControl(\x1b[01;35m\x1b[Kconst interface::VehicleState &vehicle_state\x1b[m\x1b[K, const interface::PolyfitLane &driving_way_real, const AutonomousDrivingConfig &cfg) {\n'}
[26.056257] (autonomous_driving) StderrLine: {'line': b'      |                                    \x1b[01;35m\x1b[K~~~~~~~~~~~~~~~~~~~~~~~~~~~~~~~^~~~~~~~~~~~~\x1b[m\x1b[K\n'}
[26.108836] (-) TimerEvent: {}
[26.209577] (-) TimerEvent: {}
[26.310229] (-) TimerEvent: {}
[26.341215] (autonomous_driving) StderrLine: {'line': b'\x1b[01m\x1b[K/home/subin/subin_ws/ADS_Mission_Normal/src/app/autonomous_driving/src/planning_node.cpp:\x1b[m\x1b[K In member function \xe2\x80\x98\x1b[01m\x1b[Kvoid PlanningNode::Init(const rclcpp::Time&)\x1b[m\x1b[K\xe2\x80\x99:\n'}
[26.341645] (autonomous_driving) StderrLine: {'line': b'\x1b[01m\x1b[K/home/subin/subin_ws/ADS_Mission_Normal/src/app/autonomous_driving/src/planning_node.cpp:94:45:\x1b[m\x1b[K \x1b[01;35m\x1b[Kwarning: \x1b[m\x1b[Kunused parameter \xe2\x80\x98\x1b[01m\x1b[Kcurrent_time\x1b[m\x1b[K\xe2\x80\x99 [\x1b[01;35m\x1b[K\x1b]8;;https://gcc.gnu.org/onlinedocs/gcc/Warning-Options.html#index-Wunused-parameter\x07-Wunused-parameter\x1b]8;;\x07\x1b[m\x1b[K]\n'}
[26.341910] (autonomous_driving) StderrLine: {'line': b'   94 | void PlanningNode::Init(\x1b[01;35m\x1b[Kconst rclcpp::Time &current_time\x1b[m\x1b[K) {\n'}
[26.342044] (autonomous_driving) StderrLine: {'line': b'      |                         \x1b[01;35m\x1b[K~~~~~~~~~~~~~~~~~~~~^~~~~~~~~~~~\x1b[m\x1b[K\n'}
[26.374931] (autonomous_driving) StderrLine: {'line': b'\x1b[01m\x1b[K/home/subin/subin_ws/ADS_Mission_Normal/src/app/autonomous_driving/src/planning_node.cpp:\x1b[m\x1b[K In member function \xe2\x80\x98\x1b[01m\x1b[Kdouble PlanningNode::VelocityPlanning(const interface::VehicleState&, const interface::Lane&, const interface::Mission&, const interface::PolyfitLane&, const PlanningNode::BehaviorContext&)\x1b[m\x1b[K\xe2\x80\x99:\n'}
[26.375384] (autonomous_driving) StderrLine: {'line': b'\x1b[01m\x1b[K/home/subin/subin_ws/ADS_Mission_Normal/src/app/autonomous_driving/src/planning_node.cpp:456:12:\x1b[m\x1b[K \x1b[01;35m\x1b[Kwarning: \x1b[m\x1b[Kunused variable \xe2\x80\x98\x1b[01m\x1b[Ka3\x1b[m\x1b[K\xe2\x80\x99 [\x1b[01;35m\x1b[K\x1b]8;;https://gcc.gnu.org/onlinedocs/gcc/Warning-Options.html#index-Wunused-variable\x07-Wunused-variable\x1b]8;;\x07\x1b[m\x1b[K]\n'}
[26.375567] (autonomous_driving) StderrLine: {'line': b'  456 |     double \x1b[01;35m\x1b[Ka3\x1b[m\x1b[K = driving_way_real.a3;\n'}
[26.375671] (autonomous_driving) StderrLine: {'line': b'      |            \x1b[01;35m\x1b[K^~\x1b[m\x1b[K\n'}
[26.375754] (autonomous_driving) StderrLine: {'line': b'\x1b[01m\x1b[K/home/subin/subin_ws/ADS_Mission_Normal/src/app/autonomous_driving/src/planning_node.cpp:458:12:\x1b[m\x1b[K \x1b[01;35m\x1b[Kwarning: \x1b[m\x1b[Kunused variable \xe2\x80\x98\x1b[01m\x1b[Ka1\x1b[m\x1b[K\xe2\x80\x99 [\x1b[01;35m\x1b[K\x1b]8;;https://gcc.gnu.org/onlinedocs/gcc/Warning-Options.html#index-Wunused-variable\x07-Wunused-variable\x1b]8;;\x07\x1b[m\x1b[K]\n'}
[26.375830] (autonomous_driving) StderrLine: {'line': b'  458 |     double \x1b[01;35m\x1b[Ka1\x1b[m\x1b[K = driving_way_real.a1;\n'}
[26.375895] (autonomous_driving) StderrLine: {'line': b'      |            \x1b[01;35m\x1b[K^~\x1b[m\x1b[K\n'}
[26.375958] (autonomous_driving) StderrLine: {'line': b'\x1b[01m\x1b[K/home/subin/subin_ws/ADS_Mission_Normal/src/app/autonomous_driving/src/planning_node.cpp:459:12:\x1b[m\x1b[K \x1b[01;35m\x1b[Kwarning: \x1b[m\x1b[Kunused variable \xe2\x80\x98\x1b[01m\x1b[Ka0\x1b[m\x1b[K\xe2\x80\x99 [\x1b[01;35m\x1b[K\x1b]8;;https://gcc.gnu.org/onlinedocs/gcc/Warning-Options.html#index-Wunused-variable\x07-Wunused-variable\x1b]8;;\x07\x1b[m\x1b[K]\n'}
[26.376021] (autonomous_driving) StderrLine: {'line': b'  459 |     double \x1b[01;35m\x1b[Ka0\x1b[m\x1b[K = driving_way_real.a0;\n'}
[26.376080] (autonomous_driving) StderrLine: {'line': b'      |            \x1b[01;35m\x1b[K^~\x1b[m\x1b[K\n'}
[26.376137] (autonomous_driving) StderrLine: {'line': b'\x1b[01m\x1b[K/home/subin/subin_ws/ADS_Mission_Normal/src/app/autonomous_driving/src/planning_node.cpp:440:108:\x1b[m\x1b[K \x1b[01;35m\x1b[Kwarning: \x1b[m\x1b[Kunused parameter \xe2\x80\x98\x1b[01m\x1b[Klane_points\x1b[m\x1b[K\xe2\x80\x99 [\x1b[01;35m\x1b[K\x1b]8;;https://gcc.gnu.org/onlinedocs/gcc/Warning-Options.html#index-Wunused-parameter\x07-Wunused-parameter\x1b]8;;\x07\x1b[m\x1b[K]\n'}
[26.376198] (autonomous_driving) StderrLine: {'line': b'  440 | double PlanningNode::VelocityPlanning(const interface::VehicleState &vehicle_state, \x1b[01;35m\x1b[Kconst interface::Lane &lane_points\x1b[m\x1b[K, const interface::Mission &mission, const interface::PolyfitLane &driving_way_real, const BehaviorContext &ctx) {\n'}
[26.376273] (autonomous_driving) StderrLine: {'line': b'      |                                                                                     \x1b[01;35m\x1b[K~~~~~~~~~~~~~~~~~~~~~~~^~~~~~~~~~~\x1b[m\x1b[K\n'}
[26.410404] (-) TimerEvent: {}
[26.511021] (-) TimerEvent: {}
[26.611679] (-) TimerEvent: {}
[26.712143] (-) TimerEvent: {}
[26.812769] (-) TimerEvent: {}
[26.913376] (-) TimerEvent: {}
[27.013826] (-) TimerEvent: {}
[27.114320] (-) TimerEvent: {}
[27.214930] (-) TimerEvent: {}
[27.315497] (-) TimerEvent: {}
[27.416179] (-) TimerEvent: {}
[27.516751] (-) TimerEvent: {}
[27.617459] (-) TimerEvent: {}
[27.717932] (-) TimerEvent: {}
[27.818533] (-) TimerEvent: {}
[27.919236] (-) TimerEvent: {}
[28.019803] (-) TimerEvent: {}
[28.120478] (-) TimerEvent: {}
[28.221015] (-) TimerEvent: {}
[28.321599] (-) TimerEvent: {}
[28.422283] (-) TimerEvent: {}
[28.523094] (-) TimerEvent: {}
[28.623759] (-) TimerEvent: {}
[28.724401] (-) TimerEvent: {}
[28.825002] (-) TimerEvent: {}
[28.925640] (-) TimerEvent: {}
[29.037103] (-) TimerEvent: {}
[29.139680] (-) TimerEvent: {}
[29.240670] (-) TimerEvent: {}
[29.341517] (-) TimerEvent: {}
[29.442342] (-) TimerEvent: {}
[29.543032] (-) TimerEvent: {}
[29.643489] (-) TimerEvent: {}
[29.744103] (-) TimerEvent: {}
[29.844793] (-) TimerEvent: {}
[29.945449] (-) TimerEvent: {}
[30.046058] (-) TimerEvent: {}
[30.146837] (-) TimerEvent: {}
[30.247476] (-) TimerEvent: {}
[30.348014] (-) TimerEvent: {}
[30.448551] (-) TimerEvent: {}
[30.549154] (-) TimerEvent: {}
[30.649783] (-) TimerEvent: {}
[30.750499] (-) TimerEvent: {}
[30.851038] (-) TimerEvent: {}
[30.951642] (-) TimerEvent: {}
[31.052151] (-) TimerEvent: {}
[31.152640] (-) TimerEvent: {}
[31.253220] (-) TimerEvent: {}
[31.353765] (-) TimerEvent: {}
[31.454404] (-) TimerEvent: {}
[31.555056] (-) TimerEvent: {}
[31.655699] (-) TimerEvent: {}
[31.756117] (-) TimerEvent: {}
[31.856589] (-) TimerEvent: {}
[31.957206] (-) TimerEvent: {}
[32.057631] (-) TimerEvent: {}
[32.158054] (-) TimerEvent: {}
[32.258498] (-) TimerEvent: {}
[32.358902] (-) TimerEvent: {}
[32.459489] (-) TimerEvent: {}
[32.560162] (-) TimerEvent: {}
[32.660726] (-) TimerEvent: {}
[32.761142] (-) TimerEvent: {}
[32.861608] (-) TimerEvent: {}
[32.962227] (-) TimerEvent: {}
[33.062825] (-) TimerEvent: {}
[33.163495] (-) TimerEvent: {}
[33.263890] (-) TimerEvent: {}
[33.364292] (-) TimerEvent: {}
[33.464726] (-) TimerEvent: {}
[33.565188] (-) TimerEvent: {}
[33.665800] (-) TimerEvent: {}
[33.766472] (-) TimerEvent: {}
[33.867192] (-) TimerEvent: {}
[33.967887] (-) TimerEvent: {}
[34.068441] (-) TimerEvent: {}
[34.168919] (-) TimerEvent: {}
[34.269504] (-) TimerEvent: {}
[34.369970] (-) TimerEvent: {}
[34.470689] (-) TimerEvent: {}
[34.511721] (simulator) StdoutLine: {'line': b'[ 71%] \x1b[32m\x1b[1mLinking CXX executable lane_detection\x1b[0m\n'}
[34.570891] (-) TimerEvent: {}
[34.671548] (-) TimerEvent: {}
[34.772257] (-) TimerEvent: {}
[34.872869] (-) TimerEvent: {}
[34.973595] (-) TimerEvent: {}
[35.074283] (-) TimerEvent: {}
[35.174758] (-) TimerEvent: {}
[35.275215] (-) TimerEvent: {}
[35.375676] (-) TimerEvent: {}
[35.407218] (simulator) StdoutLine: {'line': b'[ 71%] Built target lane_detection\n'}
[35.475865] (-) TimerEvent: {}
[35.576462] (-) TimerEvent: {}
[35.677183] (-) TimerEvent: {}
[35.777680] (-) TimerEvent: {}
[35.878400] (-) TimerEvent: {}
[35.979150] (-) TimerEvent: {}
[36.079835] (-) TimerEvent: {}
[36.180464] (-) TimerEvent: {}
[36.280942] (-) TimerEvent: {}
[36.381390] (-) TimerEvent: {}
[36.481793] (-) TimerEvent: {}
[36.582182] (-) TimerEvent: {}
[36.682692] (-) TimerEvent: {}
[36.783175] (-) TimerEvent: {}
[36.883810] (-) TimerEvent: {}
[36.984508] (-) TimerEvent: {}
[37.085261] (-) TimerEvent: {}
[37.185969] (-) TimerEvent: {}
[37.286728] (-) TimerEvent: {}
[37.387329] (-) TimerEvent: {}
[37.487980] (-) TimerEvent: {}
[37.588528] (-) TimerEvent: {}
[37.689116] (-) TimerEvent: {}
[37.789839] (-) TimerEvent: {}
[37.889803] (evaluation) StdoutLine: {'line': b'[100%] \x1b[32m\x1b[1mLinking CXX executable evaluation\x1b[0m\n'}
[37.890283] (-) TimerEvent: {}
[37.990831] (-) TimerEvent: {}
[38.091451] (-) TimerEvent: {}
[38.192059] (-) TimerEvent: {}
[38.292588] (-) TimerEvent: {}
[38.393177] (-) TimerEvent: {}
[38.493864] (-) TimerEvent: {}
[38.594353] (-) TimerEvent: {}
[38.694813] (-) TimerEvent: {}
[38.795250] (-) TimerEvent: {}
[38.878872] (simulator) StdoutLine: {'line': b'[ 85%] \x1b[32m\x1b[1mLinking CXX executable vehicle\x1b[0m\n'}
[38.895463] (-) TimerEvent: {}
[38.996161] (-) TimerEvent: {}
[39.096909] (-) TimerEvent: {}
[39.128290] (evaluation) StdoutLine: {'line': b'[100%] Built target evaluation\n'}
[39.143151] (evaluation) CommandEnded: {'returncode': 0}
[39.144545] (evaluation) JobProgress: {'identifier': 'evaluation', 'progress': 'install'}
[39.145737] (evaluation) Command: {'cmd': ['/usr/bin/cmake', '--install', '/home/subin/subin_ws/ADS_Mission_Normal/build/evaluation'], 'cwd': '/home/subin/subin_ws/ADS_Mission_Normal/build/evaluation', 'env': OrderedDict([('LESSOPEN', '| /usr/bin/lesspipe %s'), ('USER', 'subin'), ('GIT_ASKPASS', '/home/subin/.vscode-server/bin/618725e67565b290ba4da6fe2d29f8fa1d4e3622/extensions/git/dist/askpass.sh'), ('SHLVL', '1'), ('LIBGL_ALWAYS_SOFTWARE', '1'), ('LD_LIBRARY_PATH', '/home/subin/subin_ws/ADS_Mission_Normal/install/ad_msgs/lib:/home/subin/subin_ws/Autonomous_Driving_Software_Final/install/ad_msgs/lib:/home/subin/subin_ws/ADS_Final_MissionHard/install/ad_msgs/lib:/opt/ros/humble/opt/rviz_ogre_vendor/lib:/opt/ros/humble/lib/x86_64-linux-gnu:/opt/ros/humble/lib'), ('MOTD_SHOWN', 'update-motd'), ('HOME', '/home/subin'), ('OLDPWD', '/home/subin/subin_ws'), ('TERM_PROGRAM_VERSION', '1.107.0'), ('VSCODE_IPC_HOOK_CLI', '/run/user/1000/vscode-ipc-f97671c4-95e5-4510-9f32-bda01c3d6561.sock'), ('ROS_PYTHON_VERSION', '3'), ('VSCODE_GIT_ASKPASS_MAIN', '/home/subin/.vscode-server/bin/618725e67565b290ba4da6fe2d29f8fa1d4e3622/extensions/git/dist/askpass-main.js'), ('VSCODE_GIT_ASKPASS_NODE', '/home/subin/.vscode-server/bin/618725e67565b290ba4da6fe2d29f8fa1d4e3622/node'), ('VSCODE_PYTHON_AUTOACTIVATE_GUARD', '1'), ('DBUS_SESSION_BUS_ADDRESS', 'unix:path=/run/user/1000/bus'), ('COLORTERM', 'truecolor'), ('WSL_DISTRO_NAME', 'Ubuntu-22.04'), ('WAYLAND_DISPLAY', 'wayland-0'), ('COLCON_PREFIX_PATH', '/home/subin/subin_ws/Autonomous_Driving_Software_Final/install:/home/subin/subin_ws/ADS_Final_MissionHard/install'), ('ROS_DISTRO', 'humble'), ('LOGNAME', 'subin'), ('NAME', 'GalaxyBook4Pro-427M5'), ('WSL_INTEROP', '/run/WSL/71539_interop'), ('PULSE_SERVER', 'unix:/mnt/wslg/PulseServer'), ('_', '/usr/bin/colcon'), ('ROS_VERSION', '2'), ('TERM', 'xterm-256color'), ('ROS_LOCALHOST_ONLY', '0'), ('PATH', '/home/subin/.vscode-server/data/User/globalStorage/github.copilot-chat/debugCommand:/home/subin/.vscode-server/data/User/globalStorage/github.copilot-chat/copilotCli:/home/subin/.vscode-server/bin/618725e67565b290ba4da6fe2d29f8fa1d4e3622/bin/remote-cli:/opt/ros/humble/bin:/usr/local/sbin:/usr/local/bin:/usr/sbin:/usr/bin:/sbin:/bin:/usr/games:/usr/local/games:/usr/lib/wsl/lib:/mnt/c/Program Files/Microsoft/jdk-17.0.16.8-hotspot/bin:/mnt/c/Program Files/Eclipse Adoptium/jdk-17.0.16.8-hotspot/bin:/mnt/c/Python313/Scripts/:/mnt/c/Python313/:/mnt/c/WINDOWS/system32:/mnt/c/WINDOWS:/mnt/c/WINDOWS/System32/Wbem:/mnt/c/WINDOWS/System32/WindowsPowerShell/v1.0/:/mnt/c/WINDOWS/System32/OpenSSH/:/mnt/c/ProgramData/chocolatey/bin:/mnt/c/Program Files/Docker/Docker/resources/bin:/mnt/c/Program Files (x86)/Windows Kits/10/Windows Performance Toolkit/:/mnt/c/Program Files/Microsoft/jdk-17.0.16.8-hotspot/bin:/mnt/c/Users/soo16/OneDrive/바탕 화면/Graphviz/bin:/mnt/c/:/mnt/c/Users/soo16/AppData/Local/nvm:/mnt/c/nvm4w/nodejs:/mnt/c/Program Files/Git/cmd:/mnt/c/Program Files/MySQL/MySQL Shell 8.0/bin/:/mnt/c/Users/soo16/AppData/Local/Programs/Python/Python312/Scripts/:/mnt/c/Users/soo16/AppData/Local/Programs/Python/Python312/:/mnt/c/Users/soo16/AppData/Local/Microsoft/WindowsApps:/mnt/c/Users/soo16/AppData/Local/afreeca:/mnt/c/Users/soo16/AppData/Local/Programs/Microsoft VS Code/bin:/mnt/c/Users/soo16/AppData/Local/SOOP:/mnt/c/Users/soo16/AppData/Local/GitHubDesktop/bin:/mnt/c/Program Files/Eclipse Adoptium/jdk-17.0.16.8-hotspot/bin:/mnt/c/Users/soo16/AppData/Local/Android/Sdk/platform-tools:/mnt/c/Users/soo16/AppData/Local/nvm:/mnt/c/nvm4w/nodejs:/snap/bin'), ('XDG_RUNTIME_DIR', '/run/user/1000/'), ('DISPLAY', ':0'), ('LANG', 'C.UTF-8'), ('LS_COLORS', 'rs=0:di=01;34:ln=01;36:mh=00:pi=40;33:so=01;35:do=01;35:bd=40;33;01:cd=40;33;01:or=40;31;01:mi=00:su=37;41:sg=30;43:ca=30;41:tw=30;42:ow=34;42:st=37;44:ex=01;32:*.tar=01;31:*.tgz=01;31:*.arc=01;31:*.arj=01;31:*.taz=01;31:*.lha=01;31:*.lz4=01;31:*.lzh=01;31:*.lzma=01;31:*.tlz=01;31:*.txz=01;31:*.tzo=01;31:*.t7z=01;31:*.zip=01;31:*.z=01;31:*.dz=01;31:*.gz=01;31:*.lrz=01;31:*.lz=01;31:*.lzo=01;31:*.xz=01;31:*.zst=01;31:*.tzst=01;31:*.bz2=01;31:*.bz=01;31:*.tbz=01;31:*.tbz2=01;31:*.tz=01;31:*.deb=01;31:*.rpm=01;31:*.jar=01;31:*.war=01;31:*.ear=01;31:*.sar=01;31:*.rar=01;31:*.alz=01;31:*.ace=01;31:*.zoo=01;31:*.cpio=01;31:*.7z=01;31:*.rz=01;31:*.cab=01;31:*.wim=01;31:*.swm=01;31:*.dwm=01;31:*.esd=01;31:*.jpg=01;35:*.jpeg=01;35:*.mjpg=01;35:*.mjpeg=01;35:*.gif=01;35:*.bmp=01;35:*.pbm=01;35:*.pgm=01;35:*.ppm=01;35:*.tga=01;35:*.xbm=01;35:*.xpm=01;35:*.tif=01;35:*.tiff=01;35:*.png=01;35:*.svg=01;35:*.svgz=01;35:*.mng=01;35:*.pcx=01;35:*.mov=01;35:*.mpg=01;35:*.mpeg=01;35:*.m2v=01;35:*.mkv=01;35:*.webm=01;35:*.webp=01;35:*.ogm=01;35:*.mp4=01;35:*.m4v=01;35:*.mp4v=01;35:*.vob=01;35:*.qt=01;35:*.nuv=01;35:*.wmv=01;35:*.asf=01;35:*.rm=01;35:*.rmvb=01;35:*.flc=01;35:*.avi=01;35:*.fli=01;35:*.flv=01;35:*.gl=01;35:*.dl=01;35:*.xcf=01;35:*.xwd=01;35:*.yuv=01;35:*.cgm=01;35:*.emf=01;35:*.ogv=01;35:*.ogx=01;35:*.aac=00;36:*.au=00;36:*.flac=00;36:*.m4a=00;36:*.mid=00;36:*.midi=00;36:*.mka=00;36:*.mp3=00;36:*.mpc=00;36:*.ogg=00;36:*.ra=00;36:*.wav=00;36:*.oga=00;36:*.opus=00;36:*.spx=00;36:*.xspf=00;36:'), ('VSCODE_GIT_IPC_HANDLE', '/run/user/1000/vscode-git-c2f421b98a.sock'), ('TERM_PROGRAM', 'vscode'), ('AMENT_PREFIX_PATH', '/home/subin/subin_ws/ADS_Mission_Normal/install/ad_msgs:/home/subin/subin_ws/Autonomous_Driving_Software_Final/install/simulator:/home/subin/subin_ws/Autonomous_Driving_Software_Final/install/mission_manager:/home/subin/subin_ws/Autonomous_Driving_Software_Final/install/evaluation:/home/subin/subin_ws/Autonomous_Driving_Software_Final/install/autonomous_driving:/home/subin/subin_ws/Autonomous_Driving_Software_Final/install/ad_msgs:/home/subin/subin_ws/ADS_Final_MissionHard/install/simulator:/home/subin/subin_ws/ADS_Final_MissionHard/install/mission_manager:/home/subin/subin_ws/ADS_Final_MissionHard/install/evaluation:/home/subin/subin_ws/ADS_Final_MissionHard/install/autonomous_driving:/home/subin/subin_ws/ADS_Final_MissionHard/install/ad_msgs:/opt/ros/humble'), ('SHELL', '/bin/bash'), ('LESSCLOSE', '/usr/bin/lesspipe %s %s'), ('VSCODE_GIT_ASKPASS_EXTRA_ARGS', ''), ('PWD', '/home/subin/subin_ws/ADS_Mission_Normal/build/evaluation'), ('XDG_DATA_DIRS', '/usr/local/share:/usr/share:/var/lib/snapd/desktop'), ('PYTHONPATH', '/home/subin/subin_ws/ADS_Mission_Normal/install/ad_msgs/local/lib/python3.10/dist-packages:/home/subin/subin_ws/Autonomous_Driving_Software_Final/install/ad_msgs/local/lib/python3.10/dist-packages:/home/subin/subin_ws/ADS_Final_MissionHard/install/ad_msgs/local/lib/python3.10/dist-packages:/opt/ros/humble/lib/python3.10/site-packages:/opt/ros/humble/local/lib/python3.10/dist-packages'), ('COLCON', '1'), ('WSL2_GUI_APPS_ENABLED', '1'), ('HOSTTYPE', 'x86_64'), ('CMAKE_PREFIX_PATH', '/home/subin/subin_ws/ADS_Mission_Normal/install/ad_msgs:/home/subin/subin_ws/Autonomous_Driving_Software_Final/install/simulator:/home/subin/subin_ws/Autonomous_Driving_Software_Final/install/mission_manager:/home/subin/subin_ws/Autonomous_Driving_Software_Final/install/evaluation:/home/subin/subin_ws/Autonomous_Driving_Software_Final/install/autonomous_driving:/home/subin/subin_ws/Autonomous_Driving_Software_Final/install/ad_msgs:/home/subin/subin_ws/ADS_Final_MissionHard/install/simulator:/home/subin/subin_ws/ADS_Final_MissionHard/install/mission_manager:/home/subin/subin_ws/ADS_Final_MissionHard/install/evaluation:/home/subin/subin_ws/ADS_Final_MissionHard/install/autonomous_driving:/home/subin/subin_ws/ADS_Final_MissionHard/install/ad_msgs:/opt/ros/humble'), ('WSLENV', 'VSCODE_WSL_EXT_LOCATION/up')]), 'shell': False}
[39.157016] (evaluation) StdoutLine: {'line': b'-- Install configuration: ""\n'}
[39.157879] (evaluation) StdoutLine: {'line': b'-- Installing: /home/subin/subin_ws/ADS_Mission_Normal/install/evaluation/lib/evaluation/evaluation\n'}
[39.162995] (evaluation) StdoutLine: {'line': b'-- Set runtime path of "/home/subin/subin_ws/ADS_Mission_Normal/install/evaluation/lib/evaluation/evaluation" to ""\n'}
[39.163196] (evaluation) StdoutLine: {'line': b'-- Installing: /home/subin/subin_ws/ADS_Mission_Normal/install/evaluation/share/evaluation/launch\n'}
[39.163906] (evaluation) StdoutLine: {'line': b'-- Installing: /home/subin/subin_ws/ADS_Mission_Normal/install/evaluation/share/evaluation/launch/evaluation.launch.xml\n'}
[39.165867] (evaluation) StdoutLine: {'line': b'-- Installing: /home/subin/subin_ws/ADS_Mission_Normal/install/evaluation/share/ament_index/resource_index/package_run_dependencies/evaluation\n'}
[39.166581] (evaluation) StdoutLine: {'line': b'-- Installing: /home/subin/subin_ws/ADS_Mission_Normal/install/evaluation/share/ament_index/resource_index/parent_prefix_path/evaluation\n'}
[39.167067] (evaluation) StdoutLine: {'line': b'-- Installing: /home/subin/subin_ws/ADS_Mission_Normal/install/evaluation/share/evaluation/environment/ament_prefix_path.sh\n'}
[39.167390] (evaluation) StdoutLine: {'line': b'-- Installing: /home/subin/subin_ws/ADS_Mission_Normal/install/evaluation/share/evaluation/environment/ament_prefix_path.dsv\n'}
[39.167713] (evaluation) StdoutLine: {'line': b'-- Installing: /home/subin/subin_ws/ADS_Mission_Normal/install/evaluation/share/evaluation/environment/path.sh\n'}
[39.167942] (evaluation) StdoutLine: {'line': b'-- Installing: /home/subin/subin_ws/ADS_Mission_Normal/install/evaluation/share/evaluation/environment/path.dsv\n'}
[39.168350] (evaluation) StdoutLine: {'line': b'-- Installing: /home/subin/subin_ws/ADS_Mission_Normal/install/evaluation/share/evaluation/local_setup.bash\n'}
[39.168874] (evaluation) StdoutLine: {'line': b'-- Installing: /home/subin/subin_ws/ADS_Mission_Normal/install/evaluation/share/evaluation/local_setup.sh\n'}
[39.169181] (evaluation) StdoutLine: {'line': b'-- Installing: /home/subin/subin_ws/ADS_Mission_Normal/install/evaluation/share/evaluation/local_setup.zsh\n'}
[39.169393] (evaluation) StdoutLine: {'line': b'-- Installing: /home/subin/subin_ws/ADS_Mission_Normal/install/evaluation/share/evaluation/local_setup.dsv\n'}
[39.169619] (evaluation) StdoutLine: {'line': b'-- Installing: /home/subin/subin_ws/ADS_Mission_Normal/install/evaluation/share/evaluation/package.dsv\n'}
[39.171204] (evaluation) StdoutLine: {'line': b'-- Installing: /home/subin/subin_ws/ADS_Mission_Normal/install/evaluation/share/ament_index/resource_index/packages/evaluation\n'}
[39.172115] (evaluation) StdoutLine: {'line': b'-- Installing: /home/subin/subin_ws/ADS_Mission_Normal/install/evaluation/share/evaluation/cmake/evaluationConfig.cmake\n'}
[39.172387] (evaluation) StdoutLine: {'line': b'-- Installing: /home/subin/subin_ws/ADS_Mission_Normal/install/evaluation/share/evaluation/cmake/evaluationConfig-version.cmake\n'}
[39.172727] (evaluation) StdoutLine: {'line': b'-- Installing: /home/subin/subin_ws/ADS_Mission_Normal/install/evaluation/share/evaluation/package.xml\n'}
[39.176043] (evaluation) CommandEnded: {'returncode': 0}
[39.197406] (-) TimerEvent: {}
[39.203201] (evaluation) JobEnded: {'identifier': 'evaluation', 'rc': 0}
[39.297617] (-) TimerEvent: {}
[39.398259] (-) TimerEvent: {}
[39.498900] (-) TimerEvent: {}
[39.599515] (-) TimerEvent: {}
[39.700020] (-) TimerEvent: {}
[39.800689] (-) TimerEvent: {}
[39.901371] (-) TimerEvent: {}
[40.002159] (-) TimerEvent: {}
[40.044441] (simulator) StdoutLine: {'line': b'[ 85%] Built target vehicle\n'}
[40.102428] (-) TimerEvent: {}
[40.203109] (-) TimerEvent: {}
[40.264473] (mission_manager) StdoutLine: {'line': b'[100%] \x1b[32m\x1b[1mLinking CXX executable mission_manager\x1b[0m\n'}
[40.303306] (-) TimerEvent: {}
[40.403968] (-) TimerEvent: {}
[40.504581] (-) TimerEvent: {}
[40.605063] (-) TimerEvent: {}
[40.705579] (-) TimerEvent: {}
[40.806076] (-) TimerEvent: {}
[40.906570] (-) TimerEvent: {}
[41.007251] (-) TimerEvent: {}
[41.107913] (-) TimerEvent: {}
[41.208583] (-) TimerEvent: {}
[41.286666] (mission_manager) StdoutLine: {'line': b'[100%] Built target mission_manager\n'}
[41.298321] (mission_manager) CommandEnded: {'returncode': 0}
[41.299349] (mission_manager) JobProgress: {'identifier': 'mission_manager', 'progress': 'install'}
[41.300358] (mission_manager) Command: {'cmd': ['/usr/bin/cmake', '--install', '/home/subin/subin_ws/ADS_Mission_Normal/build/mission_manager'], 'cwd': '/home/subin/subin_ws/ADS_Mission_Normal/build/mission_manager', 'env': OrderedDict([('LESSOPEN', '| /usr/bin/lesspipe %s'), ('USER', 'subin'), ('GIT_ASKPASS', '/home/subin/.vscode-server/bin/618725e67565b290ba4da6fe2d29f8fa1d4e3622/extensions/git/dist/askpass.sh'), ('SHLVL', '1'), ('LIBGL_ALWAYS_SOFTWARE', '1'), ('LD_LIBRARY_PATH', '/home/subin/subin_ws/ADS_Mission_Normal/install/ad_msgs/lib:/home/subin/subin_ws/Autonomous_Driving_Software_Final/install/ad_msgs/lib:/home/subin/subin_ws/ADS_Final_MissionHard/install/ad_msgs/lib:/opt/ros/humble/opt/rviz_ogre_vendor/lib:/opt/ros/humble/lib/x86_64-linux-gnu:/opt/ros/humble/lib'), ('MOTD_SHOWN', 'update-motd'), ('HOME', '/home/subin'), ('OLDPWD', '/home/subin/subin_ws'), ('TERM_PROGRAM_VERSION', '1.107.0'), ('VSCODE_IPC_HOOK_CLI', '/run/user/1000/vscode-ipc-f97671c4-95e5-4510-9f32-bda01c3d6561.sock'), ('ROS_PYTHON_VERSION', '3'), ('VSCODE_GIT_ASKPASS_MAIN', '/home/subin/.vscode-server/bin/618725e67565b290ba4da6fe2d29f8fa1d4e3622/extensions/git/dist/askpass-main.js'), ('VSCODE_GIT_ASKPASS_NODE', '/home/subin/.vscode-server/bin/618725e67565b290ba4da6fe2d29f8fa1d4e3622/node'), ('VSCODE_PYTHON_AUTOACTIVATE_GUARD', '1'), ('DBUS_SESSION_BUS_ADDRESS', 'unix:path=/run/user/1000/bus'), ('COLORTERM', 'truecolor'), ('WSL_DISTRO_NAME', 'Ubuntu-22.04'), ('WAYLAND_DISPLAY', 'wayland-0'), ('COLCON_PREFIX_PATH', '/home/subin/subin_ws/Autonomous_Driving_Software_Final/install:/home/subin/subin_ws/ADS_Final_MissionHard/install'), ('ROS_DISTRO', 'humble'), ('LOGNAME', 'subin'), ('NAME', 'GalaxyBook4Pro-427M5'), ('WSL_INTEROP', '/run/WSL/71539_interop'), ('PULSE_SERVER', 'unix:/mnt/wslg/PulseServer'), ('_', '/usr/bin/colcon'), ('ROS_VERSION', '2'), ('TERM', 'xterm-256color'), ('ROS_LOCALHOST_ONLY', '0'), ('PATH', '/home/subin/.vscode-server/data/User/globalStorage/github.copilot-chat/debugCommand:/home/subin/.vscode-server/data/User/globalStorage/github.copilot-chat/copilotCli:/home/subin/.vscode-server/bin/618725e67565b290ba4da6fe2d29f8fa1d4e3622/bin/remote-cli:/opt/ros/humble/bin:/usr/local/sbin:/usr/local/bin:/usr/sbin:/usr/bin:/sbin:/bin:/usr/games:/usr/local/games:/usr/lib/wsl/lib:/mnt/c/Program Files/Microsoft/jdk-17.0.16.8-hotspot/bin:/mnt/c/Program Files/Eclipse Adoptium/jdk-17.0.16.8-hotspot/bin:/mnt/c/Python313/Scripts/:/mnt/c/Python313/:/mnt/c/WINDOWS/system32:/mnt/c/WINDOWS:/mnt/c/WINDOWS/System32/Wbem:/mnt/c/WINDOWS/System32/WindowsPowerShell/v1.0/:/mnt/c/WINDOWS/System32/OpenSSH/:/mnt/c/ProgramData/chocolatey/bin:/mnt/c/Program Files/Docker/Docker/resources/bin:/mnt/c/Program Files (x86)/Windows Kits/10/Windows Performance Toolkit/:/mnt/c/Program Files/Microsoft/jdk-17.0.16.8-hotspot/bin:/mnt/c/Users/soo16/OneDrive/바탕 화면/Graphviz/bin:/mnt/c/:/mnt/c/Users/soo16/AppData/Local/nvm:/mnt/c/nvm4w/nodejs:/mnt/c/Program Files/Git/cmd:/mnt/c/Program Files/MySQL/MySQL Shell 8.0/bin/:/mnt/c/Users/soo16/AppData/Local/Programs/Python/Python312/Scripts/:/mnt/c/Users/soo16/AppData/Local/Programs/Python/Python312/:/mnt/c/Users/soo16/AppData/Local/Microsoft/WindowsApps:/mnt/c/Users/soo16/AppData/Local/afreeca:/mnt/c/Users/soo16/AppData/Local/Programs/Microsoft VS Code/bin:/mnt/c/Users/soo16/AppData/Local/SOOP:/mnt/c/Users/soo16/AppData/Local/GitHubDesktop/bin:/mnt/c/Program Files/Eclipse Adoptium/jdk-17.0.16.8-hotspot/bin:/mnt/c/Users/soo16/AppData/Local/Android/Sdk/platform-tools:/mnt/c/Users/soo16/AppData/Local/nvm:/mnt/c/nvm4w/nodejs:/snap/bin'), ('XDG_RUNTIME_DIR', '/run/user/1000/'), ('DISPLAY', ':0'), ('LANG', 'C.UTF-8'), ('LS_COLORS', 'rs=0:di=01;34:ln=01;36:mh=00:pi=40;33:so=01;35:do=01;35:bd=40;33;01:cd=40;33;01:or=40;31;01:mi=00:su=37;41:sg=30;43:ca=30;41:tw=30;42:ow=34;42:st=37;44:ex=01;32:*.tar=01;31:*.tgz=01;31:*.arc=01;31:*.arj=01;31:*.taz=01;31:*.lha=01;31:*.lz4=01;31:*.lzh=01;31:*.lzma=01;31:*.tlz=01;31:*.txz=01;31:*.tzo=01;31:*.t7z=01;31:*.zip=01;31:*.z=01;31:*.dz=01;31:*.gz=01;31:*.lrz=01;31:*.lz=01;31:*.lzo=01;31:*.xz=01;31:*.zst=01;31:*.tzst=01;31:*.bz2=01;31:*.bz=01;31:*.tbz=01;31:*.tbz2=01;31:*.tz=01;31:*.deb=01;31:*.rpm=01;31:*.jar=01;31:*.war=01;31:*.ear=01;31:*.sar=01;31:*.rar=01;31:*.alz=01;31:*.ace=01;31:*.zoo=01;31:*.cpio=01;31:*.7z=01;31:*.rz=01;31:*.cab=01;31:*.wim=01;31:*.swm=01;31:*.dwm=01;31:*.esd=01;31:*.jpg=01;35:*.jpeg=01;35:*.mjpg=01;35:*.mjpeg=01;35:*.gif=01;35:*.bmp=01;35:*.pbm=01;35:*.pgm=01;35:*.ppm=01;35:*.tga=01;35:*.xbm=01;35:*.xpm=01;35:*.tif=01;35:*.tiff=01;35:*.png=01;35:*.svg=01;35:*.svgz=01;35:*.mng=01;35:*.pcx=01;35:*.mov=01;35:*.mpg=01;35:*.mpeg=01;35:*.m2v=01;35:*.mkv=01;35:*.webm=01;35:*.webp=01;35:*.ogm=01;35:*.mp4=01;35:*.m4v=01;35:*.mp4v=01;35:*.vob=01;35:*.qt=01;35:*.nuv=01;35:*.wmv=01;35:*.asf=01;35:*.rm=01;35:*.rmvb=01;35:*.flc=01;35:*.avi=01;35:*.fli=01;35:*.flv=01;35:*.gl=01;35:*.dl=01;35:*.xcf=01;35:*.xwd=01;35:*.yuv=01;35:*.cgm=01;35:*.emf=01;35:*.ogv=01;35:*.ogx=01;35:*.aac=00;36:*.au=00;36:*.flac=00;36:*.m4a=00;36:*.mid=00;36:*.midi=00;36:*.mka=00;36:*.mp3=00;36:*.mpc=00;36:*.ogg=00;36:*.ra=00;36:*.wav=00;36:*.oga=00;36:*.opus=00;36:*.spx=00;36:*.xspf=00;36:'), ('VSCODE_GIT_IPC_HANDLE', '/run/user/1000/vscode-git-c2f421b98a.sock'), ('TERM_PROGRAM', 'vscode'), ('AMENT_PREFIX_PATH', '/home/subin/subin_ws/ADS_Mission_Normal/install/ad_msgs:/home/subin/subin_ws/Autonomous_Driving_Software_Final/install/simulator:/home/subin/subin_ws/Autonomous_Driving_Software_Final/install/mission_manager:/home/subin/subin_ws/Autonomous_Driving_Software_Final/install/evaluation:/home/subin/subin_ws/Autonomous_Driving_Software_Final/install/autonomous_driving:/home/subin/subin_ws/Autonomous_Driving_Software_Final/install/ad_msgs:/home/subin/subin_ws/ADS_Final_MissionHard/install/simulator:/home/subin/subin_ws/ADS_Final_MissionHard/install/mission_manager:/home/subin/subin_ws/ADS_Final_MissionHard/install/evaluation:/home/subin/subin_ws/ADS_Final_MissionHard/install/autonomous_driving:/home/subin/subin_ws/ADS_Final_MissionHard/install/ad_msgs:/opt/ros/humble'), ('SHELL', '/bin/bash'), ('LESSCLOSE', '/usr/bin/lesspipe %s %s'), ('VSCODE_GIT_ASKPASS_EXTRA_ARGS', ''), ('PWD', '/home/subin/subin_ws/ADS_Mission_Normal/build/mission_manager'), ('XDG_DATA_DIRS', '/usr/local/share:/usr/share:/var/lib/snapd/desktop'), ('PYTHONPATH', '/home/subin/subin_ws/ADS_Mission_Normal/install/ad_msgs/local/lib/python3.10/dist-packages:/home/subin/subin_ws/Autonomous_Driving_Software_Final/install/ad_msgs/local/lib/python3.10/dist-packages:/home/subin/subin_ws/ADS_Final_MissionHard/install/ad_msgs/local/lib/python3.10/dist-packages:/opt/ros/humble/lib/python3.10/site-packages:/opt/ros/humble/local/lib/python3.10/dist-packages'), ('COLCON', '1'), ('WSL2_GUI_APPS_ENABLED', '1'), ('HOSTTYPE', 'x86_64'), ('CMAKE_PREFIX_PATH', '/home/subin/subin_ws/ADS_Mission_Normal/install/ad_msgs:/home/subin/subin_ws/Autonomous_Driving_Software_Final/install/simulator:/home/subin/subin_ws/Autonomous_Driving_Software_Final/install/mission_manager:/home/subin/subin_ws/Autonomous_Driving_Software_Final/install/evaluation:/home/subin/subin_ws/Autonomous_Driving_Software_Final/install/autonomous_driving:/home/subin/subin_ws/Autonomous_Driving_Software_Final/install/ad_msgs:/home/subin/subin_ws/ADS_Final_MissionHard/install/simulator:/home/subin/subin_ws/ADS_Final_MissionHard/install/mission_manager:/home/subin/subin_ws/ADS_Final_MissionHard/install/evaluation:/home/subin/subin_ws/ADS_Final_MissionHard/install/autonomous_driving:/home/subin/subin_ws/ADS_Final_MissionHard/install/ad_msgs:/opt/ros/humble'), ('WSLENV', 'VSCODE_WSL_EXT_LOCATION/up')]), 'shell': False}
[41.307011] (mission_manager) StdoutLine: {'line': b'-- Install configuration: ""\n'}
[41.307486] (mission_manager) StdoutLine: {'line': b'-- Installing: /home/subin/subin_ws/ADS_Mission_Normal/install/mission_manager/lib/mission_manager/mission_manager\n'}
[41.308727] (-) TimerEvent: {}
[41.311868] (mission_manager) StdoutLine: {'line': b'-- Set runtime path of "/home/subin/subin_ws/ADS_Mission_Normal/install/mission_manager/lib/mission_manager/mission_manager" to ""\n'}
[41.312440] (mission_manager) StdoutLine: {'line': b'-- Installing: /home/subin/subin_ws/ADS_Mission_Normal/install/mission_manager/share/mission_manager/launch\n'}
[41.313916] (mission_manager) StdoutLine: {'line': b'-- Installing: /home/subin/subin_ws/ADS_Mission_Normal/install/mission_manager/share/mission_manager/launch/mission_manager.launch.xml\n'}
[41.315783] (mission_manager) StdoutLine: {'line': b'-- Installing: /home/subin/subin_ws/ADS_Mission_Normal/install/mission_manager/share/ament_index/resource_index/package_run_dependencies/mission_manager\n'}
[41.316137] (mission_manager) StdoutLine: {'line': b'-- Installing: /home/subin/subin_ws/ADS_Mission_Normal/install/mission_manager/share/ament_index/resource_index/parent_prefix_path/mission_manager\n'}
[41.316514] (mission_manager) StdoutLine: {'line': b'-- Installing: /home/subin/subin_ws/ADS_Mission_Normal/install/mission_manager/share/mission_manager/environment/ament_prefix_path.sh\n'}
[41.316811] (mission_manager) StdoutLine: {'line': b'-- Installing: /home/subin/subin_ws/ADS_Mission_Normal/install/mission_manager/share/mission_manager/environment/ament_prefix_path.dsv\n'}
[41.317276] (mission_manager) StdoutLine: {'line': b'-- Installing: /home/subin/subin_ws/ADS_Mission_Normal/install/mission_manager/share/mission_manager/environment/path.sh\n'}
[41.317513] (mission_manager) StdoutLine: {'line': b'-- Installing: /home/subin/subin_ws/ADS_Mission_Normal/install/mission_manager/share/mission_manager/environment/path.dsv\n'}
[41.317602] (mission_manager) StdoutLine: {'line': b'-- Installing: /home/subin/subin_ws/ADS_Mission_Normal/install/mission_manager/share/mission_manager/local_setup.bash\n'}
[41.317681] (mission_manager) StdoutLine: {'line': b'-- Installing: /home/subin/subin_ws/ADS_Mission_Normal/install/mission_manager/share/mission_manager/local_setup.sh\n'}
[41.317868] (mission_manager) StdoutLine: {'line': b'-- Installing: /home/subin/subin_ws/ADS_Mission_Normal/install/mission_manager/share/mission_manager/local_setup.zsh\n'}
[41.318145] (mission_manager) StdoutLine: {'line': b'-- Installing: /home/subin/subin_ws/ADS_Mission_Normal/install/mission_manager/share/mission_manager/local_setup.dsv\n'}
[41.318448] (mission_manager) StdoutLine: {'line': b'-- Installing: /home/subin/subin_ws/ADS_Mission_Normal/install/mission_manager/share/mission_manager/package.dsv\n'}
[41.318952] (mission_manager) StdoutLine: {'line': b'-- Installing: /home/subin/subin_ws/ADS_Mission_Normal/install/mission_manager/share/ament_index/resource_index/packages/mission_manager\n'}
[41.319054] (mission_manager) StdoutLine: {'line': b'-- Installing: /home/subin/subin_ws/ADS_Mission_Normal/install/mission_manager/share/mission_manager/cmake/mission_managerConfig.cmake\n'}
[41.319102] (mission_manager) StdoutLine: {'line': b'-- Installing: /home/subin/subin_ws/ADS_Mission_Normal/install/mission_manager/share/mission_manager/cmake/mission_managerConfig-version.cmake\n'}
[41.319142] (mission_manager) StdoutLine: {'line': b'-- Installing: /home/subin/subin_ws/ADS_Mission_Normal/install/mission_manager/share/mission_manager/package.xml\n'}
[41.320519] (mission_manager) CommandEnded: {'returncode': 0}
[41.336427] (mission_manager) JobEnded: {'identifier': 'mission_manager', 'rc': 0}
[41.408929] (-) TimerEvent: {}
[41.509452] (-) TimerEvent: {}
[41.609944] (-) TimerEvent: {}
[41.710684] (-) TimerEvent: {}
[41.811379] (-) TimerEvent: {}
[41.911985] (-) TimerEvent: {}
[42.012827] (-) TimerEvent: {}
[42.113561] (-) TimerEvent: {}
[42.214030] (-) TimerEvent: {}
[42.314534] (-) TimerEvent: {}
[42.415171] (-) TimerEvent: {}
[42.515815] (-) TimerEvent: {}
[42.616462] (-) TimerEvent: {}
[42.717110] (-) TimerEvent: {}
[42.817789] (-) TimerEvent: {}
[42.918314] (-) TimerEvent: {}
[43.018952] (-) TimerEvent: {}
[43.119573] (-) TimerEvent: {}
[43.220100] (-) TimerEvent: {}
[43.320738] (-) TimerEvent: {}
[43.421381] (-) TimerEvent: {}
[43.521971] (-) TimerEvent: {}
[43.622543] (-) TimerEvent: {}
[43.723001] (-) TimerEvent: {}
[43.823460] (-) TimerEvent: {}
[43.923949] (-) TimerEvent: {}
[44.024552] (-) TimerEvent: {}
[44.125029] (-) TimerEvent: {}
[44.225660] (-) TimerEvent: {}
[44.326341] (-) TimerEvent: {}
[44.426997] (-) TimerEvent: {}
[44.527579] (-) TimerEvent: {}
[44.627998] (-) TimerEvent: {}
[44.728465] (-) TimerEvent: {}
[44.829087] (-) TimerEvent: {}
[44.929713] (-) TimerEvent: {}
[45.030369] (-) TimerEvent: {}
[45.131008] (-) TimerEvent: {}
[45.231634] (-) TimerEvent: {}
[45.332287] (-) TimerEvent: {}
[45.432964] (-) TimerEvent: {}
[45.533447] (-) TimerEvent: {}
[45.634040] (-) TimerEvent: {}
[45.734483] (-) TimerEvent: {}
[45.834953] (-) TimerEvent: {}
[45.935551] (-) TimerEvent: {}
[46.036171] (-) TimerEvent: {}
[46.136673] (-) TimerEvent: {}
[46.237141] (-) TimerEvent: {}
[46.337645] (-) TimerEvent: {}
[46.438252] (-) TimerEvent: {}
[46.538678] (-) TimerEvent: {}
[46.639186] (-) TimerEvent: {}
[46.739765] (-) TimerEvent: {}
[46.840334] (-) TimerEvent: {}
[46.940888] (-) TimerEvent: {}
[47.041317] (-) TimerEvent: {}
[47.141832] (-) TimerEvent: {}
[47.242406] (-) TimerEvent: {}
[47.342836] (-) TimerEvent: {}
[47.443263] (-) TimerEvent: {}
[47.543716] (-) TimerEvent: {}
[47.644167] (-) TimerEvent: {}
[47.744718] (-) TimerEvent: {}
[47.845208] (-) TimerEvent: {}
[47.945642] (-) TimerEvent: {}
[48.046071] (-) TimerEvent: {}
[48.146544] (-) TimerEvent: {}
[48.246990] (-) TimerEvent: {}
[48.340876] (autonomous_driving) StdoutLine: {'line': b'[ 71%] \x1b[32m\x1b[1mLinking CXX executable perception_node\x1b[0m\n'}
[48.347153] (-) TimerEvent: {}
[48.447677] (-) TimerEvent: {}
[48.548113] (-) TimerEvent: {}
[48.648727] (-) TimerEvent: {}
[48.749274] (-) TimerEvent: {}
[48.849913] (-) TimerEvent: {}
[48.950572] (-) TimerEvent: {}
[49.050988] (-) TimerEvent: {}
[49.151424] (-) TimerEvent: {}
[49.251860] (-) TimerEvent: {}
[49.352406] (-) TimerEvent: {}
[49.447815] (autonomous_driving) StdoutLine: {'line': b'[ 71%] Built target perception_node\n'}
[49.452569] (-) TimerEvent: {}
[49.552951] (-) TimerEvent: {}
[49.653463] (-) TimerEvent: {}
[49.753902] (-) TimerEvent: {}
[49.854458] (-) TimerEvent: {}
[49.954946] (-) TimerEvent: {}
[50.055372] (-) TimerEvent: {}
[50.155855] (-) TimerEvent: {}
[50.256438] (-) TimerEvent: {}
[50.357041] (-) TimerEvent: {}
[50.457575] (-) TimerEvent: {}
[50.557988] (-) TimerEvent: {}
[50.658444] (-) TimerEvent: {}
[50.758895] (-) TimerEvent: {}
[50.859376] (-) TimerEvent: {}
[50.959862] (-) TimerEvent: {}
[51.060434] (-) TimerEvent: {}
[51.160960] (-) TimerEvent: {}
[51.261503] (-) TimerEvent: {}
[51.361970] (-) TimerEvent: {}
[51.462420] (-) TimerEvent: {}
[51.562959] (-) TimerEvent: {}
[51.663391] (-) TimerEvent: {}
[51.763920] (-) TimerEvent: {}
[51.864353] (-) TimerEvent: {}
[51.964844] (-) TimerEvent: {}
[52.065322] (-) TimerEvent: {}
[52.165888] (-) TimerEvent: {}
[52.177475] (simulator) StdoutLine: {'line': b'[100%] \x1b[32m\x1b[1mLinking CXX executable display\x1b[0m\n'}
[52.266024] (-) TimerEvent: {}
[52.366412] (-) TimerEvent: {}
[52.466961] (-) TimerEvent: {}
[52.567379] (-) TimerEvent: {}
[52.632506] (autonomous_driving) StdoutLine: {'line': b'[ 85%] \x1b[32m\x1b[1mLinking CXX executable control_node\x1b[0m\n'}
[52.667559] (-) TimerEvent: {}
[52.768013] (-) TimerEvent: {}
[52.869155] (-) TimerEvent: {}
[52.969787] (-) TimerEvent: {}
[53.070254] (-) TimerEvent: {}
[53.170690] (-) TimerEvent: {}
[53.271090] (-) TimerEvent: {}
[53.371527] (-) TimerEvent: {}
[53.471969] (-) TimerEvent: {}
[53.572444] (-) TimerEvent: {}
[53.648525] (simulator) StdoutLine: {'line': b'[100%] Built target display\n'}
[53.658857] (simulator) CommandEnded: {'returncode': 0}
[53.660582] (simulator) JobProgress: {'identifier': 'simulator', 'progress': 'install'}
[53.660951] (simulator) Command: {'cmd': ['/usr/bin/cmake', '--install', '/home/subin/subin_ws/ADS_Mission_Normal/build/simulator'], 'cwd': '/home/subin/subin_ws/ADS_Mission_Normal/build/simulator', 'env': OrderedDict([('LESSOPEN', '| /usr/bin/lesspipe %s'), ('USER', 'subin'), ('GIT_ASKPASS', '/home/subin/.vscode-server/bin/618725e67565b290ba4da6fe2d29f8fa1d4e3622/extensions/git/dist/askpass.sh'), ('SHLVL', '1'), ('LIBGL_ALWAYS_SOFTWARE', '1'), ('LD_LIBRARY_PATH', '/home/subin/subin_ws/ADS_Mission_Normal/install/ad_msgs/lib:/home/subin/subin_ws/Autonomous_Driving_Software_Final/install/ad_msgs/lib:/home/subin/subin_ws/ADS_Final_MissionHard/install/ad_msgs/lib:/opt/ros/humble/opt/rviz_ogre_vendor/lib:/opt/ros/humble/lib/x86_64-linux-gnu:/opt/ros/humble/lib'), ('MOTD_SHOWN', 'update-motd'), ('HOME', '/home/subin'), ('OLDPWD', '/home/subin/subin_ws'), ('TERM_PROGRAM_VERSION', '1.107.0'), ('VSCODE_IPC_HOOK_CLI', '/run/user/1000/vscode-ipc-f97671c4-95e5-4510-9f32-bda01c3d6561.sock'), ('ROS_PYTHON_VERSION', '3'), ('VSCODE_GIT_ASKPASS_MAIN', '/home/subin/.vscode-server/bin/618725e67565b290ba4da6fe2d29f8fa1d4e3622/extensions/git/dist/askpass-main.js'), ('VSCODE_GIT_ASKPASS_NODE', '/home/subin/.vscode-server/bin/618725e67565b290ba4da6fe2d29f8fa1d4e3622/node'), ('VSCODE_PYTHON_AUTOACTIVATE_GUARD', '1'), ('DBUS_SESSION_BUS_ADDRESS', 'unix:path=/run/user/1000/bus'), ('COLORTERM', 'truecolor'), ('WSL_DISTRO_NAME', 'Ubuntu-22.04'), ('WAYLAND_DISPLAY', 'wayland-0'), ('COLCON_PREFIX_PATH', '/home/subin/subin_ws/Autonomous_Driving_Software_Final/install:/home/subin/subin_ws/ADS_Final_MissionHard/install'), ('ROS_DISTRO', 'humble'), ('LOGNAME', 'subin'), ('NAME', 'GalaxyBook4Pro-427M5'), ('WSL_INTEROP', '/run/WSL/71539_interop'), ('PULSE_SERVER', 'unix:/mnt/wslg/PulseServer'), ('_', '/usr/bin/colcon'), ('ROS_VERSION', '2'), ('TERM', 'xterm-256color'), ('ROS_LOCALHOST_ONLY', '0'), ('PATH', '/home/subin/.vscode-server/data/User/globalStorage/github.copilot-chat/debugCommand:/home/subin/.vscode-server/data/User/globalStorage/github.copilot-chat/copilotCli:/home/subin/.vscode-server/bin/618725e67565b290ba4da6fe2d29f8fa1d4e3622/bin/remote-cli:/opt/ros/humble/bin:/usr/local/sbin:/usr/local/bin:/usr/sbin:/usr/bin:/sbin:/bin:/usr/games:/usr/local/games:/usr/lib/wsl/lib:/mnt/c/Program Files/Microsoft/jdk-17.0.16.8-hotspot/bin:/mnt/c/Program Files/Eclipse Adoptium/jdk-17.0.16.8-hotspot/bin:/mnt/c/Python313/Scripts/:/mnt/c/Python313/:/mnt/c/WINDOWS/system32:/mnt/c/WINDOWS:/mnt/c/WINDOWS/System32/Wbem:/mnt/c/WINDOWS/System32/WindowsPowerShell/v1.0/:/mnt/c/WINDOWS/System32/OpenSSH/:/mnt/c/ProgramData/chocolatey/bin:/mnt/c/Program Files/Docker/Docker/resources/bin:/mnt/c/Program Files (x86)/Windows Kits/10/Windows Performance Toolkit/:/mnt/c/Program Files/Microsoft/jdk-17.0.16.8-hotspot/bin:/mnt/c/Users/soo16/OneDrive/바탕 화면/Graphviz/bin:/mnt/c/:/mnt/c/Users/soo16/AppData/Local/nvm:/mnt/c/nvm4w/nodejs:/mnt/c/Program Files/Git/cmd:/mnt/c/Program Files/MySQL/MySQL Shell 8.0/bin/:/mnt/c/Users/soo16/AppData/Local/Programs/Python/Python312/Scripts/:/mnt/c/Users/soo16/AppData/Local/Programs/Python/Python312/:/mnt/c/Users/soo16/AppData/Local/Microsoft/WindowsApps:/mnt/c/Users/soo16/AppData/Local/afreeca:/mnt/c/Users/soo16/AppData/Local/Programs/Microsoft VS Code/bin:/mnt/c/Users/soo16/AppData/Local/SOOP:/mnt/c/Users/soo16/AppData/Local/GitHubDesktop/bin:/mnt/c/Program Files/Eclipse Adoptium/jdk-17.0.16.8-hotspot/bin:/mnt/c/Users/soo16/AppData/Local/Android/Sdk/platform-tools:/mnt/c/Users/soo16/AppData/Local/nvm:/mnt/c/nvm4w/nodejs:/snap/bin'), ('XDG_RUNTIME_DIR', '/run/user/1000/'), ('DISPLAY', ':0'), ('LANG', 'C.UTF-8'), ('LS_COLORS', 'rs=0:di=01;34:ln=01;36:mh=00:pi=40;33:so=01;35:do=01;35:bd=40;33;01:cd=40;33;01:or=40;31;01:mi=00:su=37;41:sg=30;43:ca=30;41:tw=30;42:ow=34;42:st=37;44:ex=01;32:*.tar=01;31:*.tgz=01;31:*.arc=01;31:*.arj=01;31:*.taz=01;31:*.lha=01;31:*.lz4=01;31:*.lzh=01;31:*.lzma=01;31:*.tlz=01;31:*.txz=01;31:*.tzo=01;31:*.t7z=01;31:*.zip=01;31:*.z=01;31:*.dz=01;31:*.gz=01;31:*.lrz=01;31:*.lz=01;31:*.lzo=01;31:*.xz=01;31:*.zst=01;31:*.tzst=01;31:*.bz2=01;31:*.bz=01;31:*.tbz=01;31:*.tbz2=01;31:*.tz=01;31:*.deb=01;31:*.rpm=01;31:*.jar=01;31:*.war=01;31:*.ear=01;31:*.sar=01;31:*.rar=01;31:*.alz=01;31:*.ace=01;31:*.zoo=01;31:*.cpio=01;31:*.7z=01;31:*.rz=01;31:*.cab=01;31:*.wim=01;31:*.swm=01;31:*.dwm=01;31:*.esd=01;31:*.jpg=01;35:*.jpeg=01;35:*.mjpg=01;35:*.mjpeg=01;35:*.gif=01;35:*.bmp=01;35:*.pbm=01;35:*.pgm=01;35:*.ppm=01;35:*.tga=01;35:*.xbm=01;35:*.xpm=01;35:*.tif=01;35:*.tiff=01;35:*.png=01;35:*.svg=01;35:*.svgz=01;35:*.mng=01;35:*.pcx=01;35:*.mov=01;35:*.mpg=01;35:*.mpeg=01;35:*.m2v=01;35:*.mkv=01;35:*.webm=01;35:*.webp=01;35:*.ogm=01;35:*.mp4=01;35:*.m4v=01;35:*.mp4v=01;35:*.vob=01;35:*.qt=01;35:*.nuv=01;35:*.wmv=01;35:*.asf=01;35:*.rm=01;35:*.rmvb=01;35:*.flc=01;35:*.avi=01;35:*.fli=01;35:*.flv=01;35:*.gl=01;35:*.dl=01;35:*.xcf=01;35:*.xwd=01;35:*.yuv=01;35:*.cgm=01;35:*.emf=01;35:*.ogv=01;35:*.ogx=01;35:*.aac=00;36:*.au=00;36:*.flac=00;36:*.m4a=00;36:*.mid=00;36:*.midi=00;36:*.mka=00;36:*.mp3=00;36:*.mpc=00;36:*.ogg=00;36:*.ra=00;36:*.wav=00;36:*.oga=00;36:*.opus=00;36:*.spx=00;36:*.xspf=00;36:'), ('VSCODE_GIT_IPC_HANDLE', '/run/user/1000/vscode-git-c2f421b98a.sock'), ('TERM_PROGRAM', 'vscode'), ('AMENT_PREFIX_PATH', '/home/subin/subin_ws/ADS_Mission_Normal/install/ad_msgs:/home/subin/subin_ws/Autonomous_Driving_Software_Final/install/simulator:/home/subin/subin_ws/Autonomous_Driving_Software_Final/install/mission_manager:/home/subin/subin_ws/Autonomous_Driving_Software_Final/install/evaluation:/home/subin/subin_ws/Autonomous_Driving_Software_Final/install/autonomous_driving:/home/subin/subin_ws/Autonomous_Driving_Software_Final/install/ad_msgs:/home/subin/subin_ws/ADS_Final_MissionHard/install/simulator:/home/subin/subin_ws/ADS_Final_MissionHard/install/mission_manager:/home/subin/subin_ws/ADS_Final_MissionHard/install/evaluation:/home/subin/subin_ws/ADS_Final_MissionHard/install/autonomous_driving:/home/subin/subin_ws/ADS_Final_MissionHard/install/ad_msgs:/opt/ros/humble'), ('SHELL', '/bin/bash'), ('LESSCLOSE', '/usr/bin/lesspipe %s %s'), ('VSCODE_GIT_ASKPASS_EXTRA_ARGS', ''), ('PWD', '/home/subin/subin_ws/ADS_Mission_Normal/build/simulator'), ('XDG_DATA_DIRS', '/usr/local/share:/usr/share:/var/lib/snapd/desktop'), ('PYTHONPATH', '/home/subin/subin_ws/ADS_Mission_Normal/install/ad_msgs/local/lib/python3.10/dist-packages:/home/subin/subin_ws/Autonomous_Driving_Software_Final/install/ad_msgs/local/lib/python3.10/dist-packages:/home/subin/subin_ws/ADS_Final_MissionHard/install/ad_msgs/local/lib/python3.10/dist-packages:/opt/ros/humble/lib/python3.10/site-packages:/opt/ros/humble/local/lib/python3.10/dist-packages'), ('COLCON', '1'), ('WSL2_GUI_APPS_ENABLED', '1'), ('HOSTTYPE', 'x86_64'), ('CMAKE_PREFIX_PATH', '/home/subin/subin_ws/ADS_Mission_Normal/install/ad_msgs:/home/subin/subin_ws/Autonomous_Driving_Software_Final/install/simulator:/home/subin/subin_ws/Autonomous_Driving_Software_Final/install/mission_manager:/home/subin/subin_ws/Autonomous_Driving_Software_Final/install/evaluation:/home/subin/subin_ws/Autonomous_Driving_Software_Final/install/autonomous_driving:/home/subin/subin_ws/Autonomous_Driving_Software_Final/install/ad_msgs:/home/subin/subin_ws/ADS_Final_MissionHard/install/simulator:/home/subin/subin_ws/ADS_Final_MissionHard/install/mission_manager:/home/subin/subin_ws/ADS_Final_MissionHard/install/evaluation:/home/subin/subin_ws/ADS_Final_MissionHard/install/autonomous_driving:/home/subin/subin_ws/ADS_Final_MissionHard/install/ad_msgs:/opt/ros/humble'), ('WSLENV', 'VSCODE_WSL_EXT_LOCATION/up')]), 'shell': False}
[53.666508] (simulator) StdoutLine: {'line': b'-- Install configuration: ""\n'}
[53.667363] (simulator) StdoutLine: {'line': b'-- Installing: /home/subin/subin_ws/ADS_Mission_Normal/install/simulator/lib/simulator/vehicle\n'}
[53.671015] (simulator) StdoutLine: {'line': b'-- Set runtime path of "/home/subin/subin_ws/ADS_Mission_Normal/install/simulator/lib/simulator/vehicle" to ""\n'}
[53.671090] (simulator) StdoutLine: {'line': b'-- Installing: /home/subin/subin_ws/ADS_Mission_Normal/install/simulator/lib/simulator/lane_detection\n'}
[53.672527] (-) TimerEvent: {}
[53.673747] (simulator) StdoutLine: {'line': b'-- Set runtime path of "/home/subin/subin_ws/ADS_Mission_Normal/install/simulator/lib/simulator/lane_detection" to ""\n'}
[53.673983] (simulator) StdoutLine: {'line': b'-- Installing: /home/subin/subin_ws/ADS_Mission_Normal/install/simulator/lib/simulator/display\n'}
[53.683410] (simulator) StdoutLine: {'line': b'-- Set runtime path of "/home/subin/subin_ws/ADS_Mission_Normal/install/simulator/lib/simulator/display" to ""\n'}
[53.683692] (simulator) StdoutLine: {'line': b'-- Installing: /home/subin/subin_ws/ADS_Mission_Normal/install/simulator/share/simulator/launch\n'}
[53.684302] (simulator) StdoutLine: {'line': b'-- Installing: /home/subin/subin_ws/ADS_Mission_Normal/install/simulator/share/simulator/launch/simulation.launch.xml\n'}
[53.685381] (simulator) StdoutLine: {'line': b'-- Installing: /home/subin/subin_ws/ADS_Mission_Normal/install/simulator/share/ament_index/resource_index/package_run_dependencies/simulator\n'}
[53.685545] (simulator) StdoutLine: {'line': b'-- Installing: /home/subin/subin_ws/ADS_Mission_Normal/install/simulator/share/ament_index/resource_index/parent_prefix_path/simulator\n'}
[53.685797] (simulator) StdoutLine: {'line': b'-- Installing: /home/subin/subin_ws/ADS_Mission_Normal/install/simulator/share/simulator/environment/ament_prefix_path.sh\n'}
[53.686038] (simulator) StdoutLine: {'line': b'-- Installing: /home/subin/subin_ws/ADS_Mission_Normal/install/simulator/share/simulator/environment/ament_prefix_path.dsv\n'}
[53.686275] (simulator) StdoutLine: {'line': b'-- Installing: /home/subin/subin_ws/ADS_Mission_Normal/install/simulator/share/simulator/environment/path.sh\n'}
[53.686337] (simulator) StdoutLine: {'line': b'-- Installing: /home/subin/subin_ws/ADS_Mission_Normal/install/simulator/share/simulator/environment/path.dsv\n'}
[53.686375] (simulator) StdoutLine: {'line': b'-- Installing: /home/subin/subin_ws/ADS_Mission_Normal/install/simulator/share/simulator/local_setup.bash\n'}
[53.686569] (simulator) StdoutLine: {'line': b'-- Installing: /home/subin/subin_ws/ADS_Mission_Normal/install/simulator/share/simulator/local_setup.sh\n'}
[53.686651] (simulator) StdoutLine: {'line': b'-- Installing: /home/subin/subin_ws/ADS_Mission_Normal/install/simulator/share/simulator/local_setup.zsh\n'}
[53.686838] (simulator) StdoutLine: {'line': b'-- Installing: /home/subin/subin_ws/ADS_Mission_Normal/install/simulator/share/simulator/local_setup.dsv\n'}
[53.686889] (simulator) StdoutLine: {'line': b'-- Installing: /home/subin/subin_ws/ADS_Mission_Normal/install/simulator/share/simulator/package.dsv\n'}
[53.687149] (simulator) StdoutLine: {'line': b'-- Installing: /home/subin/subin_ws/ADS_Mission_Normal/install/simulator/share/ament_index/resource_index/packages/simulator\n'}
[53.687596] (simulator) StdoutLine: {'line': b'-- Installing: /home/subin/subin_ws/ADS_Mission_Normal/install/simulator/share/simulator/cmake/simulatorConfig.cmake\n'}
[53.687810] (simulator) StdoutLine: {'line': b'-- Installing: /home/subin/subin_ws/ADS_Mission_Normal/install/simulator/share/simulator/cmake/simulatorConfig-version.cmake\n'}
[53.687907] (simulator) StdoutLine: {'line': b'-- Installing: /home/subin/subin_ws/ADS_Mission_Normal/install/simulator/share/simulator/package.xml\n'}
[53.690302] (simulator) CommandEnded: {'returncode': 0}
[53.703900] (simulator) JobEnded: {'identifier': 'simulator', 'rc': 0}
[53.772758] (-) TimerEvent: {}
[53.873135] (-) TimerEvent: {}
[53.973664] (-) TimerEvent: {}
[54.074144] (-) TimerEvent: {}
[54.088105] (autonomous_driving) StdoutLine: {'line': b'[ 85%] Built target control_node\n'}
[54.174403] (-) TimerEvent: {}
[54.274863] (-) TimerEvent: {}
[54.375374] (-) TimerEvent: {}
[54.475857] (-) TimerEvent: {}
[54.576363] (-) TimerEvent: {}
[54.676840] (-) TimerEvent: {}
[54.777377] (-) TimerEvent: {}
[54.877780] (-) TimerEvent: {}
[54.978247] (-) TimerEvent: {}
[55.035774] (autonomous_driving) StdoutLine: {'line': b'[100%] \x1b[32m\x1b[1mLinking CXX executable planning_node\x1b[0m\n'}
[55.078366] (-) TimerEvent: {}
[55.178867] (-) TimerEvent: {}
[55.279358] (-) TimerEvent: {}
[55.379848] (-) TimerEvent: {}
[55.480382] (-) TimerEvent: {}
[55.580946] (-) TimerEvent: {}
[55.681389] (-) TimerEvent: {}
[55.781779] (-) TimerEvent: {}
[55.882186] (-) TimerEvent: {}
[55.982572] (-) TimerEvent: {}
[56.082963] (-) TimerEvent: {}
[56.183374] (-) TimerEvent: {}
[56.283845] (-) TimerEvent: {}
[56.384472] (-) TimerEvent: {}
[56.397449] (autonomous_driving) StdoutLine: {'line': b'[100%] Built target planning_node\n'}
[56.409862] (autonomous_driving) CommandEnded: {'returncode': 0}
[56.410902] (autonomous_driving) JobProgress: {'identifier': 'autonomous_driving', 'progress': 'install'}
[56.411701] (autonomous_driving) Command: {'cmd': ['/usr/bin/cmake', '--install', '/home/subin/subin_ws/ADS_Mission_Normal/build/autonomous_driving'], 'cwd': '/home/subin/subin_ws/ADS_Mission_Normal/build/autonomous_driving', 'env': OrderedDict([('LESSOPEN', '| /usr/bin/lesspipe %s'), ('USER', 'subin'), ('GIT_ASKPASS', '/home/subin/.vscode-server/bin/618725e67565b290ba4da6fe2d29f8fa1d4e3622/extensions/git/dist/askpass.sh'), ('SHLVL', '1'), ('LIBGL_ALWAYS_SOFTWARE', '1'), ('LD_LIBRARY_PATH', '/home/subin/subin_ws/ADS_Mission_Normal/install/ad_msgs/lib:/home/subin/subin_ws/Autonomous_Driving_Software_Final/install/ad_msgs/lib:/home/subin/subin_ws/ADS_Final_MissionHard/install/ad_msgs/lib:/opt/ros/humble/opt/rviz_ogre_vendor/lib:/opt/ros/humble/lib/x86_64-linux-gnu:/opt/ros/humble/lib'), ('MOTD_SHOWN', 'update-motd'), ('HOME', '/home/subin'), ('OLDPWD', '/home/subin/subin_ws'), ('TERM_PROGRAM_VERSION', '1.107.0'), ('VSCODE_IPC_HOOK_CLI', '/run/user/1000/vscode-ipc-f97671c4-95e5-4510-9f32-bda01c3d6561.sock'), ('ROS_PYTHON_VERSION', '3'), ('VSCODE_GIT_ASKPASS_MAIN', '/home/subin/.vscode-server/bin/618725e67565b290ba4da6fe2d29f8fa1d4e3622/extensions/git/dist/askpass-main.js'), ('VSCODE_GIT_ASKPASS_NODE', '/home/subin/.vscode-server/bin/618725e67565b290ba4da6fe2d29f8fa1d4e3622/node'), ('VSCODE_PYTHON_AUTOACTIVATE_GUARD', '1'), ('DBUS_SESSION_BUS_ADDRESS', 'unix:path=/run/user/1000/bus'), ('COLORTERM', 'truecolor'), ('WSL_DISTRO_NAME', 'Ubuntu-22.04'), ('WAYLAND_DISPLAY', 'wayland-0'), ('COLCON_PREFIX_PATH', '/home/subin/subin_ws/Autonomous_Driving_Software_Final/install:/home/subin/subin_ws/ADS_Final_MissionHard/install'), ('ROS_DISTRO', 'humble'), ('LOGNAME', 'subin'), ('NAME', 'GalaxyBook4Pro-427M5'), ('WSL_INTEROP', '/run/WSL/71539_interop'), ('PULSE_SERVER', 'unix:/mnt/wslg/PulseServer'), ('_', '/usr/bin/colcon'), ('ROS_VERSION', '2'), ('TERM', 'xterm-256color'), ('ROS_LOCALHOST_ONLY', '0'), ('PATH', '/home/subin/.vscode-server/data/User/globalStorage/github.copilot-chat/debugCommand:/home/subin/.vscode-server/data/User/globalStorage/github.copilot-chat/copilotCli:/home/subin/.vscode-server/bin/618725e67565b290ba4da6fe2d29f8fa1d4e3622/bin/remote-cli:/opt/ros/humble/bin:/usr/local/sbin:/usr/local/bin:/usr/sbin:/usr/bin:/sbin:/bin:/usr/games:/usr/local/games:/usr/lib/wsl/lib:/mnt/c/Program Files/Microsoft/jdk-17.0.16.8-hotspot/bin:/mnt/c/Program Files/Eclipse Adoptium/jdk-17.0.16.8-hotspot/bin:/mnt/c/Python313/Scripts/:/mnt/c/Python313/:/mnt/c/WINDOWS/system32:/mnt/c/WINDOWS:/mnt/c/WINDOWS/System32/Wbem:/mnt/c/WINDOWS/System32/WindowsPowerShell/v1.0/:/mnt/c/WINDOWS/System32/OpenSSH/:/mnt/c/ProgramData/chocolatey/bin:/mnt/c/Program Files/Docker/Docker/resources/bin:/mnt/c/Program Files (x86)/Windows Kits/10/Windows Performance Toolkit/:/mnt/c/Program Files/Microsoft/jdk-17.0.16.8-hotspot/bin:/mnt/c/Users/soo16/OneDrive/바탕 화면/Graphviz/bin:/mnt/c/:/mnt/c/Users/soo16/AppData/Local/nvm:/mnt/c/nvm4w/nodejs:/mnt/c/Program Files/Git/cmd:/mnt/c/Program Files/MySQL/MySQL Shell 8.0/bin/:/mnt/c/Users/soo16/AppData/Local/Programs/Python/Python312/Scripts/:/mnt/c/Users/soo16/AppData/Local/Programs/Python/Python312/:/mnt/c/Users/soo16/AppData/Local/Microsoft/WindowsApps:/mnt/c/Users/soo16/AppData/Local/afreeca:/mnt/c/Users/soo16/AppData/Local/Programs/Microsoft VS Code/bin:/mnt/c/Users/soo16/AppData/Local/SOOP:/mnt/c/Users/soo16/AppData/Local/GitHubDesktop/bin:/mnt/c/Program Files/Eclipse Adoptium/jdk-17.0.16.8-hotspot/bin:/mnt/c/Users/soo16/AppData/Local/Android/Sdk/platform-tools:/mnt/c/Users/soo16/AppData/Local/nvm:/mnt/c/nvm4w/nodejs:/snap/bin'), ('XDG_RUNTIME_DIR', '/run/user/1000/'), ('DISPLAY', ':0'), ('LANG', 'C.UTF-8'), ('LS_COLORS', 'rs=0:di=01;34:ln=01;36:mh=00:pi=40;33:so=01;35:do=01;35:bd=40;33;01:cd=40;33;01:or=40;31;01:mi=00:su=37;41:sg=30;43:ca=30;41:tw=30;42:ow=34;42:st=37;44:ex=01;32:*.tar=01;31:*.tgz=01;31:*.arc=01;31:*.arj=01;31:*.taz=01;31:*.lha=01;31:*.lz4=01;31:*.lzh=01;31:*.lzma=01;31:*.tlz=01;31:*.txz=01;31:*.tzo=01;31:*.t7z=01;31:*.zip=01;31:*.z=01;31:*.dz=01;31:*.gz=01;31:*.lrz=01;31:*.lz=01;31:*.lzo=01;31:*.xz=01;31:*.zst=01;31:*.tzst=01;31:*.bz2=01;31:*.bz=01;31:*.tbz=01;31:*.tbz2=01;31:*.tz=01;31:*.deb=01;31:*.rpm=01;31:*.jar=01;31:*.war=01;31:*.ear=01;31:*.sar=01;31:*.rar=01;31:*.alz=01;31:*.ace=01;31:*.zoo=01;31:*.cpio=01;31:*.7z=01;31:*.rz=01;31:*.cab=01;31:*.wim=01;31:*.swm=01;31:*.dwm=01;31:*.esd=01;31:*.jpg=01;35:*.jpeg=01;35:*.mjpg=01;35:*.mjpeg=01;35:*.gif=01;35:*.bmp=01;35:*.pbm=01;35:*.pgm=01;35:*.ppm=01;35:*.tga=01;35:*.xbm=01;35:*.xpm=01;35:*.tif=01;35:*.tiff=01;35:*.png=01;35:*.svg=01;35:*.svgz=01;35:*.mng=01;35:*.pcx=01;35:*.mov=01;35:*.mpg=01;35:*.mpeg=01;35:*.m2v=01;35:*.mkv=01;35:*.webm=01;35:*.webp=01;35:*.ogm=01;35:*.mp4=01;35:*.m4v=01;35:*.mp4v=01;35:*.vob=01;35:*.qt=01;35:*.nuv=01;35:*.wmv=01;35:*.asf=01;35:*.rm=01;35:*.rmvb=01;35:*.flc=01;35:*.avi=01;35:*.fli=01;35:*.flv=01;35:*.gl=01;35:*.dl=01;35:*.xcf=01;35:*.xwd=01;35:*.yuv=01;35:*.cgm=01;35:*.emf=01;35:*.ogv=01;35:*.ogx=01;35:*.aac=00;36:*.au=00;36:*.flac=00;36:*.m4a=00;36:*.mid=00;36:*.midi=00;36:*.mka=00;36:*.mp3=00;36:*.mpc=00;36:*.ogg=00;36:*.ra=00;36:*.wav=00;36:*.oga=00;36:*.opus=00;36:*.spx=00;36:*.xspf=00;36:'), ('VSCODE_GIT_IPC_HANDLE', '/run/user/1000/vscode-git-c2f421b98a.sock'), ('TERM_PROGRAM', 'vscode'), ('AMENT_PREFIX_PATH', '/home/subin/subin_ws/ADS_Mission_Normal/install/ad_msgs:/home/subin/subin_ws/Autonomous_Driving_Software_Final/install/simulator:/home/subin/subin_ws/Autonomous_Driving_Software_Final/install/mission_manager:/home/subin/subin_ws/Autonomous_Driving_Software_Final/install/evaluation:/home/subin/subin_ws/Autonomous_Driving_Software_Final/install/autonomous_driving:/home/subin/subin_ws/Autonomous_Driving_Software_Final/install/ad_msgs:/home/subin/subin_ws/ADS_Final_MissionHard/install/simulator:/home/subin/subin_ws/ADS_Final_MissionHard/install/mission_manager:/home/subin/subin_ws/ADS_Final_MissionHard/install/evaluation:/home/subin/subin_ws/ADS_Final_MissionHard/install/autonomous_driving:/home/subin/subin_ws/ADS_Final_MissionHard/install/ad_msgs:/opt/ros/humble'), ('SHELL', '/bin/bash'), ('LESSCLOSE', '/usr/bin/lesspipe %s %s'), ('VSCODE_GIT_ASKPASS_EXTRA_ARGS', ''), ('PWD', '/home/subin/subin_ws/ADS_Mission_Normal/build/autonomous_driving'), ('XDG_DATA_DIRS', '/usr/local/share:/usr/share:/var/lib/snapd/desktop'), ('PYTHONPATH', '/home/subin/subin_ws/ADS_Mission_Normal/install/ad_msgs/local/lib/python3.10/dist-packages:/home/subin/subin_ws/Autonomous_Driving_Software_Final/install/ad_msgs/local/lib/python3.10/dist-packages:/home/subin/subin_ws/ADS_Final_MissionHard/install/ad_msgs/local/lib/python3.10/dist-packages:/opt/ros/humble/lib/python3.10/site-packages:/opt/ros/humble/local/lib/python3.10/dist-packages'), ('COLCON', '1'), ('WSL2_GUI_APPS_ENABLED', '1'), ('HOSTTYPE', 'x86_64'), ('CMAKE_PREFIX_PATH', '/home/subin/subin_ws/ADS_Mission_Normal/install/ad_msgs:/home/subin/subin_ws/Autonomous_Driving_Software_Final/install/simulator:/home/subin/subin_ws/Autonomous_Driving_Software_Final/install/mission_manager:/home/subin/subin_ws/Autonomous_Driving_Software_Final/install/evaluation:/home/subin/subin_ws/Autonomous_Driving_Software_Final/install/autonomous_driving:/home/subin/subin_ws/Autonomous_Driving_Software_Final/install/ad_msgs:/home/subin/subin_ws/ADS_Final_MissionHard/install/simulator:/home/subin/subin_ws/ADS_Final_MissionHard/install/mission_manager:/home/subin/subin_ws/ADS_Final_MissionHard/install/evaluation:/home/subin/subin_ws/ADS_Final_MissionHard/install/autonomous_driving:/home/subin/subin_ws/ADS_Final_MissionHard/install/ad_msgs:/opt/ros/humble'), ('WSLENV', 'VSCODE_WSL_EXT_LOCATION/up')]), 'shell': False}
[56.418118] (autonomous_driving) StdoutLine: {'line': b'-- Install configuration: ""\n'}
[56.419112] (autonomous_driving) StdoutLine: {'line': b'-- Installing: /home/subin/subin_ws/ADS_Mission_Normal/install/autonomous_driving/lib/autonomous_driving/perception_node\n'}
[56.424839] (autonomous_driving) StdoutLine: {'line': b'-- Set runtime path of "/home/subin/subin_ws/ADS_Mission_Normal/install/autonomous_driving/lib/autonomous_driving/perception_node" to ""\n'}
[56.425044] (autonomous_driving) StdoutLine: {'line': b'-- Installing: /home/subin/subin_ws/ADS_Mission_Normal/install/autonomous_driving/lib/autonomous_driving/planning_node\n'}
[56.434457] (autonomous_driving) StdoutLine: {'line': b'-- Set runtime path of "/home/subin/subin_ws/ADS_Mission_Normal/install/autonomous_driving/lib/autonomous_driving/planning_node" to ""\n'}
[56.434640] (autonomous_driving) StdoutLine: {'line': b'-- Installing: /home/subin/subin_ws/ADS_Mission_Normal/install/autonomous_driving/lib/autonomous_driving/control_node\n'}
[56.442760] (autonomous_driving) StdoutLine: {'line': b'-- Set runtime path of "/home/subin/subin_ws/ADS_Mission_Normal/install/autonomous_driving/lib/autonomous_driving/control_node" to ""\n'}
[56.443123] (autonomous_driving) StdoutLine: {'line': b'-- Installing: /home/subin/subin_ws/ADS_Mission_Normal/install/autonomous_driving/share/autonomous_driving/launch\n'}
[56.443308] (autonomous_driving) StdoutLine: {'line': b'-- Installing: /home/subin/subin_ws/ADS_Mission_Normal/install/autonomous_driving/share/autonomous_driving/launch/autonomous_driving.launch.xml\n'}
[56.443423] (autonomous_driving) StdoutLine: {'line': b'-- Installing: /home/subin/subin_ws/ADS_Mission_Normal/install/autonomous_driving/share/autonomous_driving/launch/manual_driving.launch.xml\n'}
[56.443641] (autonomous_driving) StdoutLine: {'line': b'-- Installing: /home/subin/subin_ws/ADS_Mission_Normal/install/autonomous_driving/lib/autonomous_driving/simultaneous_inputs.py\n'}
[56.444427] (autonomous_driving) StdoutLine: {'line': b'-- Installing: /home/subin/subin_ws/ADS_Mission_Normal/install/autonomous_driving/share/ament_index/resource_index/package_run_dependencies/autonomous_driving\n'}
[56.444764] (autonomous_driving) StdoutLine: {'line': b'-- Installing: /home/subin/subin_ws/ADS_Mission_Normal/install/autonomous_driving/share/ament_index/resource_index/parent_prefix_path/autonomous_driving\n'}
[56.445097] (autonomous_driving) StdoutLine: {'line': b'-- Installing: /home/subin/subin_ws/ADS_Mission_Normal/install/autonomous_driving/share/autonomous_driving/environment/ament_prefix_path.sh\n'}
[56.445247] (autonomous_driving) StdoutLine: {'line': b'-- Installing: /home/subin/subin_ws/ADS_Mission_Normal/install/autonomous_driving/share/autonomous_driving/environment/ament_prefix_path.dsv\n'}
[56.445347] (autonomous_driving) StdoutLine: {'line': b'-- Installing: /home/subin/subin_ws/ADS_Mission_Normal/install/autonomous_driving/share/autonomous_driving/environment/path.sh\n'}
[56.445444] (autonomous_driving) StdoutLine: {'line': b'-- Installing: /home/subin/subin_ws/ADS_Mission_Normal/install/autonomous_driving/share/autonomous_driving/environment/path.dsv\n'}
[56.445687] (autonomous_driving) StdoutLine: {'line': b'-- Installing: /home/subin/subin_ws/ADS_Mission_Normal/install/autonomous_driving/share/autonomous_driving/local_setup.bash\n'}
[56.445881] (autonomous_driving) StdoutLine: {'line': b'-- Installing: /home/subin/subin_ws/ADS_Mission_Normal/install/autonomous_driving/share/autonomous_driving/local_setup.sh\n'}
[56.446014] (autonomous_driving) StdoutLine: {'line': b'-- Installing: /home/subin/subin_ws/ADS_Mission_Normal/install/autonomous_driving/share/autonomous_driving/local_setup.zsh\n'}
[56.446185] (autonomous_driving) StdoutLine: {'line': b'-- Installing: /home/subin/subin_ws/ADS_Mission_Normal/install/autonomous_driving/share/autonomous_driving/local_setup.dsv\n'}
[56.446266] (autonomous_driving) StdoutLine: {'line': b'-- Installing: /home/subin/subin_ws/ADS_Mission_Normal/install/autonomous_driving/share/autonomous_driving/package.dsv\n'}
[56.446440] (autonomous_driving) StdoutLine: {'line': b'-- Installing: /home/subin/subin_ws/ADS_Mission_Normal/install/autonomous_driving/share/ament_index/resource_index/packages/autonomous_driving\n'}
[56.446635] (autonomous_driving) StdoutLine: {'line': b'-- Installing: /home/subin/subin_ws/ADS_Mission_Normal/install/autonomous_driving/share/autonomous_driving/cmake/autonomous_drivingConfig.cmake\n'}
[56.446798] (autonomous_driving) StdoutLine: {'line': b'-- Installing: /home/subin/subin_ws/ADS_Mission_Normal/install/autonomous_driving/share/autonomous_driving/cmake/autonomous_drivingConfig-version.cmake\n'}
[56.446931] (autonomous_driving) StdoutLine: {'line': b'-- Installing: /home/subin/subin_ws/ADS_Mission_Normal/install/autonomous_driving/share/autonomous_driving/package.xml\n'}
[56.449941] (autonomous_driving) CommandEnded: {'returncode': 0}
[56.459772] (autonomous_driving) JobEnded: {'identifier': 'autonomous_driving', 'rc': 0}
[56.461165] (-) EventReactorShutdown: {}
