[0.270s] DEBUG:colcon:Command line arguments: ['/usr/bin/colcon', 'build']
[0.270s] DEBUG:colcon:Parsed command line arguments: Namespace(log_base=None, log_level=None, verb_name='build', build_base='build', install_base='install', merge_install=False, symlink_install=False, test_result_base=None, continue_on_error=False, executor='parallel', parallel_workers=22, event_handlers=None, ignore_user_meta=False, metas=['./colcon.meta'], base_paths=['.'], packages_ignore=None, packages_ignore_regex=None, paths=None, packages_up_to=None, packages_up_to_regex=None, packages_above=None, packages_above_and_dependencies=None, packages_above_depth=None, packages_select_by_dep=None, packages_skip_by_dep=None, packages_skip_up_to=None, packages_select_build_failed=False, packages_skip_build_finished=False, packages_select_test_failures=False, packages_skip_test_passed=False, packages_select=None, packages_skip=None, packages_select_regex=None, packages_skip_regex=None, packages_start=None, packages_end=None, allow_overriding=[], cmake_args=None, cmake_target=None, cmake_target_skip_unavailable=False, cmake_clean_cache=False, cmake_clean_first=False, cmake_force_configure=False, ament_cmake_args=None, catkin_cmake_args=None, catkin_skip_building_tests=False, verb_parser=<colcon_defaults.argument_parser.defaults.DefaultArgumentsDecorator object at 0x7cc02ff2fd00>, verb_extension=<colcon_core.verb.build.BuildVerb object at 0x7cc0300d43d0>, main=<bound method BuildVerb.main of <colcon_core.verb.build.BuildVerb object at 0x7cc0300d43d0>>)
[0.444s] Level 1:colcon.colcon_core.package_discovery:discover_packages(colcon_meta) check parameters
[0.444s] Level 1:colcon.colcon_core.package_discovery:discover_packages(recursive) check parameters
[0.444s] Level 1:colcon.colcon_core.package_discovery:discover_packages(ignore) check parameters
[0.444s] Level 1:colcon.colcon_core.package_discovery:discover_packages(path) check parameters
[0.444s] Level 1:colcon.colcon_core.package_discovery:discover_packages(colcon_meta) discover
[0.444s] Level 1:colcon.colcon_core.package_discovery:discover_packages(recursive) discover
[0.444s] INFO:colcon.colcon_core.package_discovery:Crawling recursively for packages in '/home/subin/subin_ws/ADS_Mission_Normal'
[0.444s] Level 1:colcon.colcon_core.package_identification:_identify(.) by extensions ['ignore', 'ignore_ament_install']
[0.444s] Level 1:colcon.colcon_core.package_identification:_identify(.) by extension 'ignore'
[0.444s] Level 1:colcon.colcon_core.package_identification:_identify(.) by extension 'ignore_ament_install'
[0.444s] Level 1:colcon.colcon_core.package_identification:_identify(.) by extensions ['colcon_pkg']
[0.444s] Level 1:colcon.colcon_core.package_identification:_identify(.) by extension 'colcon_pkg'
[0.444s] Level 1:colcon.colcon_core.package_identification:_identify(.) by extensions ['colcon_meta']
[0.444s] Level 1:colcon.colcon_core.package_identification:_identify(.) by extension 'colcon_meta'
[0.444s] Level 1:colcon.colcon_core.package_identification:_identify(.) by extensions ['ros']
[0.445s] Level 1:colcon.colcon_core.package_identification:_identify(.) by extension 'ros'
[0.461s] Level 1:colcon.colcon_core.package_identification:_identify(.) by extensions ['cmake', 'python']
[0.461s] Level 1:colcon.colcon_core.package_identification:_identify(.) by extension 'cmake'
[0.461s] Level 1:colcon.colcon_core.package_identification:_identify(.) by extension 'python'
[0.461s] Level 1:colcon.colcon_core.package_identification:_identify(.) by extensions ['python_setup_py']
[0.461s] Level 1:colcon.colcon_core.package_identification:_identify(.) by extension 'python_setup_py'
[0.462s] Level 1:colcon.colcon_core.package_identification:_identify(build) by extensions ['ignore', 'ignore_ament_install']
[0.462s] Level 1:colcon.colcon_core.package_identification:_identify(build) by extension 'ignore'
[0.462s] Level 1:colcon.colcon_core.package_identification:_identify(build) ignored
[0.462s] Level 1:colcon.colcon_core.package_identification:_identify(install) by extensions ['ignore', 'ignore_ament_install']
[0.462s] Level 1:colcon.colcon_core.package_identification:_identify(install) by extension 'ignore'
[0.462s] Level 1:colcon.colcon_core.package_identification:_identify(install) ignored
[0.463s] Level 1:colcon.colcon_core.package_identification:_identify(log) by extensions ['ignore', 'ignore_ament_install']
[0.463s] Level 1:colcon.colcon_core.package_identification:_identify(log) by extension 'ignore'
[0.463s] Level 1:colcon.colcon_core.package_identification:_identify(log) ignored
[0.463s] Level 1:colcon.colcon_core.package_identification:_identify(resources) by extensions ['ignore', 'ignore_ament_install']
[0.463s] Level 1:colcon.colcon_core.package_identification:_identify(resources) by extension 'ignore'
[0.464s] Level 1:colcon.colcon_core.package_identification:_identify(resources) by extension 'ignore_ament_install'
[0.464s] Level 1:colcon.colcon_core.package_identification:_identify(resources) by extensions ['colcon_pkg']
[0.464s] Level 1:colcon.colcon_core.package_identification:_identify(resources) by extension 'colcon_pkg'
[0.464s] Level 1:colcon.colcon_core.package_identification:_identify(resources) by extensions ['colcon_meta']
[0.464s] Level 1:colcon.colcon_core.package_identification:_identify(resources) by extension 'colcon_meta'
[0.464s] Level 1:colcon.colcon_core.package_identification:_identify(resources) by extensions ['ros']
[0.464s] Level 1:colcon.colcon_core.package_identification:_identify(resources) by extension 'ros'
[0.464s] Level 1:colcon.colcon_core.package_identification:_identify(resources) by extensions ['cmake', 'python']
[0.464s] Level 1:colcon.colcon_core.package_identification:_identify(resources) by extension 'cmake'
[0.464s] Level 1:colcon.colcon_core.package_identification:_identify(resources) by extension 'python'
[0.464s] Level 1:colcon.colcon_core.package_identification:_identify(resources) by extensions ['python_setup_py']
[0.464s] Level 1:colcon.colcon_core.package_identification:_identify(resources) by extension 'python_setup_py'
[0.464s] Level 1:colcon.colcon_core.package_identification:_identify(resources/csv) by extensions ['ignore', 'ignore_ament_install']
[0.464s] Level 1:colcon.colcon_core.package_identification:_identify(resources/csv) by extension 'ignore'
[0.464s] Level 1:colcon.colcon_core.package_identification:_identify(resources/csv) by extension 'ignore_ament_install'
[0.464s] Level 1:colcon.colcon_core.package_identification:_identify(resources/csv) by extensions ['colcon_pkg']
[0.464s] Level 1:colcon.colcon_core.package_identification:_identify(resources/csv) by extension 'colcon_pkg'
[0.464s] Level 1:colcon.colcon_core.package_identification:_identify(resources/csv) by extensions ['colcon_meta']
[0.464s] Level 1:colcon.colcon_core.package_identification:_identify(resources/csv) by extension 'colcon_meta'
[0.464s] Level 1:colcon.colcon_core.package_identification:_identify(resources/csv) by extensions ['ros']
[0.464s] Level 1:colcon.colcon_core.package_identification:_identify(resources/csv) by extension 'ros'
[0.464s] Level 1:colcon.colcon_core.package_identification:_identify(resources/csv) by extensions ['cmake', 'python']
[0.464s] Level 1:colcon.colcon_core.package_identification:_identify(resources/csv) by extension 'cmake'
[0.464s] Level 1:colcon.colcon_core.package_identification:_identify(resources/csv) by extension 'python'
[0.464s] Level 1:colcon.colcon_core.package_identification:_identify(resources/csv) by extensions ['python_setup_py']
[0.464s] Level 1:colcon.colcon_core.package_identification:_identify(resources/csv) by extension 'python_setup_py'
[0.465s] Level 1:colcon.colcon_core.package_identification:_identify(resources/csv/evaluation_lane) by extensions ['ignore', 'ignore_ament_install']
[0.465s] Level 1:colcon.colcon_core.package_identification:_identify(resources/csv/evaluation_lane) by extension 'ignore'
[0.465s] Level 1:colcon.colcon_core.package_identification:_identify(resources/csv/evaluation_lane) by extension 'ignore_ament_install'
[0.465s] Level 1:colcon.colcon_core.package_identification:_identify(resources/csv/evaluation_lane) by extensions ['colcon_pkg']
[0.465s] Level 1:colcon.colcon_core.package_identification:_identify(resources/csv/evaluation_lane) by extension 'colcon_pkg'
[0.465s] Level 1:colcon.colcon_core.package_identification:_identify(resources/csv/evaluation_lane) by extensions ['colcon_meta']
[0.465s] Level 1:colcon.colcon_core.package_identification:_identify(resources/csv/evaluation_lane) by extension 'colcon_meta'
[0.465s] Level 1:colcon.colcon_core.package_identification:_identify(resources/csv/evaluation_lane) by extensions ['ros']
[0.465s] Level 1:colcon.colcon_core.package_identification:_identify(resources/csv/evaluation_lane) by extension 'ros'
[0.465s] Level 1:colcon.colcon_core.package_identification:_identify(resources/csv/evaluation_lane) by extensions ['cmake', 'python']
[0.465s] Level 1:colcon.colcon_core.package_identification:_identify(resources/csv/evaluation_lane) by extension 'cmake'
[0.465s] Level 1:colcon.colcon_core.package_identification:_identify(resources/csv/evaluation_lane) by extension 'python'
[0.465s] Level 1:colcon.colcon_core.package_identification:_identify(resources/csv/evaluation_lane) by extensions ['python_setup_py']
[0.465s] Level 1:colcon.colcon_core.package_identification:_identify(resources/csv/evaluation_lane) by extension 'python_setup_py'
[0.466s] Level 1:colcon.colcon_core.package_identification:_identify(resources/csv/simulation_lane) by extensions ['ignore', 'ignore_ament_install']
[0.466s] Level 1:colcon.colcon_core.package_identification:_identify(resources/csv/simulation_lane) by extension 'ignore'
[0.466s] Level 1:colcon.colcon_core.package_identification:_identify(resources/csv/simulation_lane) by extension 'ignore_ament_install'
[0.466s] Level 1:colcon.colcon_core.package_identification:_identify(resources/csv/simulation_lane) by extensions ['colcon_pkg']
[0.466s] Level 1:colcon.colcon_core.package_identification:_identify(resources/csv/simulation_lane) by extension 'colcon_pkg'
[0.466s] Level 1:colcon.colcon_core.package_identification:_identify(resources/csv/simulation_lane) by extensions ['colcon_meta']
[0.466s] Level 1:colcon.colcon_core.package_identification:_identify(resources/csv/simulation_lane) by extension 'colcon_meta'
[0.466s] Level 1:colcon.colcon_core.package_identification:_identify(resources/csv/simulation_lane) by extensions ['ros']
[0.466s] Level 1:colcon.colcon_core.package_identification:_identify(resources/csv/simulation_lane) by extension 'ros'
[0.466s] Level 1:colcon.colcon_core.package_identification:_identify(resources/csv/simulation_lane) by extensions ['cmake', 'python']
[0.466s] Level 1:colcon.colcon_core.package_identification:_identify(resources/csv/simulation_lane) by extension 'cmake'
[0.466s] Level 1:colcon.colcon_core.package_identification:_identify(resources/csv/simulation_lane) by extension 'python'
[0.466s] Level 1:colcon.colcon_core.package_identification:_identify(resources/csv/simulation_lane) by extensions ['python_setup_py']
[0.466s] Level 1:colcon.colcon_core.package_identification:_identify(resources/csv/simulation_lane) by extension 'python_setup_py'
[0.466s] Level 1:colcon.colcon_core.package_identification:_identify(resources/meshes) by extensions ['ignore', 'ignore_ament_install']
[0.466s] Level 1:colcon.colcon_core.package_identification:_identify(resources/meshes) by extension 'ignore'
[0.466s] Level 1:colcon.colcon_core.package_identification:_identify(resources/meshes) by extension 'ignore_ament_install'
[0.467s] Level 1:colcon.colcon_core.package_identification:_identify(resources/meshes) by extensions ['colcon_pkg']
[0.467s] Level 1:colcon.colcon_core.package_identification:_identify(resources/meshes) by extension 'colcon_pkg'
[0.467s] Level 1:colcon.colcon_core.package_identification:_identify(resources/meshes) by extensions ['colcon_meta']
[0.467s] Level 1:colcon.colcon_core.package_identification:_identify(resources/meshes) by extension 'colcon_meta'
[0.467s] Level 1:colcon.colcon_core.package_identification:_identify(resources/meshes) by extensions ['ros']
[0.467s] Level 1:colcon.colcon_core.package_identification:_identify(resources/meshes) by extension 'ros'
[0.467s] Level 1:colcon.colcon_core.package_identification:_identify(resources/meshes) by extensions ['cmake', 'python']
[0.467s] Level 1:colcon.colcon_core.package_identification:_identify(resources/meshes) by extension 'cmake'
[0.467s] Level 1:colcon.colcon_core.package_identification:_identify(resources/meshes) by extension 'python'
[0.467s] Level 1:colcon.colcon_core.package_identification:_identify(resources/meshes) by extensions ['python_setup_py']
[0.467s] Level 1:colcon.colcon_core.package_identification:_identify(resources/meshes) by extension 'python_setup_py'
[0.467s] Level 1:colcon.colcon_core.package_identification:_identify(resources/rviz) by extensions ['ignore', 'ignore_ament_install']
[0.467s] Level 1:colcon.colcon_core.package_identification:_identify(resources/rviz) by extension 'ignore'
[0.467s] Level 1:colcon.colcon_core.package_identification:_identify(resources/rviz) by extension 'ignore_ament_install'
[0.467s] Level 1:colcon.colcon_core.package_identification:_identify(resources/rviz) by extensions ['colcon_pkg']
[0.468s] Level 1:colcon.colcon_core.package_identification:_identify(resources/rviz) by extension 'colcon_pkg'
[0.468s] Level 1:colcon.colcon_core.package_identification:_identify(resources/rviz) by extensions ['colcon_meta']
[0.468s] Level 1:colcon.colcon_core.package_identification:_identify(resources/rviz) by extension 'colcon_meta'
[0.468s] Level 1:colcon.colcon_core.package_identification:_identify(resources/rviz) by extensions ['ros']
[0.468s] Level 1:colcon.colcon_core.package_identification:_identify(resources/rviz) by extension 'ros'
[0.468s] Level 1:colcon.colcon_core.package_identification:_identify(resources/rviz) by extensions ['cmake', 'python']
[0.468s] Level 1:colcon.colcon_core.package_identification:_identify(resources/rviz) by extension 'cmake'
[0.468s] Level 1:colcon.colcon_core.package_identification:_identify(resources/rviz) by extension 'python'
[0.468s] Level 1:colcon.colcon_core.package_identification:_identify(resources/rviz) by extensions ['python_setup_py']
[0.468s] Level 1:colcon.colcon_core.package_identification:_identify(resources/rviz) by extension 'python_setup_py'
[0.468s] Level 1:colcon.colcon_core.package_identification:_identify(src) by extensions ['ignore', 'ignore_ament_install']
[0.468s] Level 1:colcon.colcon_core.package_identification:_identify(src) by extension 'ignore'
[0.469s] Level 1:colcon.colcon_core.package_identification:_identify(src) by extension 'ignore_ament_install'
[0.469s] Level 1:colcon.colcon_core.package_identification:_identify(src) by extensions ['colcon_pkg']
[0.469s] Level 1:colcon.colcon_core.package_identification:_identify(src) by extension 'colcon_pkg'
[0.469s] Level 1:colcon.colcon_core.package_identification:_identify(src) by extensions ['colcon_meta']
[0.469s] Level 1:colcon.colcon_core.package_identification:_identify(src) by extension 'colcon_meta'
[0.469s] Level 1:colcon.colcon_core.package_identification:_identify(src) by extensions ['ros']
[0.469s] Level 1:colcon.colcon_core.package_identification:_identify(src) by extension 'ros'
[0.469s] Level 1:colcon.colcon_core.package_identification:_identify(src) by extensions ['cmake', 'python']
[0.469s] Level 1:colcon.colcon_core.package_identification:_identify(src) by extension 'cmake'
[0.469s] Level 1:colcon.colcon_core.package_identification:_identify(src) by extension 'python'
[0.469s] Level 1:colcon.colcon_core.package_identification:_identify(src) by extensions ['python_setup_py']
[0.469s] Level 1:colcon.colcon_core.package_identification:_identify(src) by extension 'python_setup_py'
[0.469s] Level 1:colcon.colcon_core.package_identification:_identify(src/app) by extensions ['ignore', 'ignore_ament_install']
[0.469s] Level 1:colcon.colcon_core.package_identification:_identify(src/app) by extension 'ignore'
[0.470s] Level 1:colcon.colcon_core.package_identification:_identify(src/app) by extension 'ignore_ament_install'
[0.470s] Level 1:colcon.colcon_core.package_identification:_identify(src/app) by extensions ['colcon_pkg']
[0.470s] Level 1:colcon.colcon_core.package_identification:_identify(src/app) by extension 'colcon_pkg'
[0.470s] Level 1:colcon.colcon_core.package_identification:_identify(src/app) by extensions ['colcon_meta']
[0.470s] Level 1:colcon.colcon_core.package_identification:_identify(src/app) by extension 'colcon_meta'
[0.470s] Level 1:colcon.colcon_core.package_identification:_identify(src/app) by extensions ['ros']
[0.470s] Level 1:colcon.colcon_core.package_identification:_identify(src/app) by extension 'ros'
[0.470s] Level 1:colcon.colcon_core.package_identification:_identify(src/app) by extensions ['cmake', 'python']
[0.470s] Level 1:colcon.colcon_core.package_identification:_identify(src/app) by extension 'cmake'
[0.470s] Level 1:colcon.colcon_core.package_identification:_identify(src/app) by extension 'python'
[0.470s] Level 1:colcon.colcon_core.package_identification:_identify(src/app) by extensions ['python_setup_py']
[0.470s] Level 1:colcon.colcon_core.package_identification:_identify(src/app) by extension 'python_setup_py'
[0.470s] Level 1:colcon.colcon_core.package_identification:_identify(src/app/autonomous_driving) by extensions ['ignore', 'ignore_ament_install']
[0.470s] Level 1:colcon.colcon_core.package_identification:_identify(src/app/autonomous_driving) by extension 'ignore'
[0.470s] Level 1:colcon.colcon_core.package_identification:_identify(src/app/autonomous_driving) by extension 'ignore_ament_install'
[0.470s] Level 1:colcon.colcon_core.package_identification:_identify(src/app/autonomous_driving) by extensions ['colcon_pkg']
[0.471s] Level 1:colcon.colcon_core.package_identification:_identify(src/app/autonomous_driving) by extension 'colcon_pkg'
[0.471s] Level 1:colcon.colcon_core.package_identification:_identify(src/app/autonomous_driving) by extensions ['colcon_meta']
[0.471s] Level 1:colcon.colcon_core.package_identification:_identify(src/app/autonomous_driving) by extension 'colcon_meta'
[0.471s] Level 1:colcon.colcon_core.package_identification:_identify(src/app/autonomous_driving) by extensions ['ros']
[0.471s] Level 1:colcon.colcon_core.package_identification:_identify(src/app/autonomous_driving) by extension 'ros'
[0.475s] DEBUG:colcon.colcon_core.package_identification:Package 'src/app/autonomous_driving' with type 'ros.ament_cmake' and name 'autonomous_driving'
[0.475s] Level 1:colcon.colcon_core.package_identification:_identify(src/app/evaluation) by extensions ['ignore', 'ignore_ament_install']
[0.476s] Level 1:colcon.colcon_core.package_identification:_identify(src/app/evaluation) by extension 'ignore'
[0.476s] Level 1:colcon.colcon_core.package_identification:_identify(src/app/evaluation) by extension 'ignore_ament_install'
[0.476s] Level 1:colcon.colcon_core.package_identification:_identify(src/app/evaluation) by extensions ['colcon_pkg']
[0.476s] Level 1:colcon.colcon_core.package_identification:_identify(src/app/evaluation) by extension 'colcon_pkg'
[0.476s] Level 1:colcon.colcon_core.package_identification:_identify(src/app/evaluation) by extensions ['colcon_meta']
[0.476s] Level 1:colcon.colcon_core.package_identification:_identify(src/app/evaluation) by extension 'colcon_meta'
[0.476s] Level 1:colcon.colcon_core.package_identification:_identify(src/app/evaluation) by extensions ['ros']
[0.476s] Level 1:colcon.colcon_core.package_identification:_identify(src/app/evaluation) by extension 'ros'
[0.478s] DEBUG:colcon.colcon_core.package_identification:Package 'src/app/evaluation' with type 'ros.ament_cmake' and name 'evaluation'
[0.478s] Level 1:colcon.colcon_core.package_identification:_identify(src/app/mission_manager) by extensions ['ignore', 'ignore_ament_install']
[0.478s] Level 1:colcon.colcon_core.package_identification:_identify(src/app/mission_manager) by extension 'ignore'
[0.478s] Level 1:colcon.colcon_core.package_identification:_identify(src/app/mission_manager) by extension 'ignore_ament_install'
[0.478s] Level 1:colcon.colcon_core.package_identification:_identify(src/app/mission_manager) by extensions ['colcon_pkg']
[0.479s] Level 1:colcon.colcon_core.package_identification:_identify(src/app/mission_manager) by extension 'colcon_pkg'
[0.479s] Level 1:colcon.colcon_core.package_identification:_identify(src/app/mission_manager) by extensions ['colcon_meta']
[0.479s] Level 1:colcon.colcon_core.package_identification:_identify(src/app/mission_manager) by extension 'colcon_meta'
[0.479s] Level 1:colcon.colcon_core.package_identification:_identify(src/app/mission_manager) by extensions ['ros']
[0.479s] Level 1:colcon.colcon_core.package_identification:_identify(src/app/mission_manager) by extension 'ros'
[0.480s] DEBUG:colcon.colcon_core.package_identification:Package 'src/app/mission_manager' with type 'ros.ament_cmake' and name 'mission_manager'
[0.480s] Level 1:colcon.colcon_core.package_identification:_identify(src/app/simulator) by extensions ['ignore', 'ignore_ament_install']
[0.481s] Level 1:colcon.colcon_core.package_identification:_identify(src/app/simulator) by extension 'ignore'
[0.481s] Level 1:colcon.colcon_core.package_identification:_identify(src/app/simulator) by extension 'ignore_ament_install'
[0.481s] Level 1:colcon.colcon_core.package_identification:_identify(src/app/simulator) by extensions ['colcon_pkg']
[0.481s] Level 1:colcon.colcon_core.package_identification:_identify(src/app/simulator) by extension 'colcon_pkg'
[0.481s] Level 1:colcon.colcon_core.package_identification:_identify(src/app/simulator) by extensions ['colcon_meta']
[0.481s] Level 1:colcon.colcon_core.package_identification:_identify(src/app/simulator) by extension 'colcon_meta'
[0.481s] Level 1:colcon.colcon_core.package_identification:_identify(src/app/simulator) by extensions ['ros']
[0.481s] Level 1:colcon.colcon_core.package_identification:_identify(src/app/simulator) by extension 'ros'
[0.482s] DEBUG:colcon.colcon_core.package_identification:Package 'src/app/simulator' with type 'ros.ament_cmake' and name 'simulator'
[0.482s] Level 1:colcon.colcon_core.package_identification:_identify(src/bsw) by extensions ['ignore', 'ignore_ament_install']
[0.483s] Level 1:colcon.colcon_core.package_identification:_identify(src/bsw) by extension 'ignore'
[0.483s] Level 1:colcon.colcon_core.package_identification:_identify(src/bsw) by extension 'ignore_ament_install'
[0.483s] Level 1:colcon.colcon_core.package_identification:_identify(src/bsw) by extensions ['colcon_pkg']
[0.483s] Level 1:colcon.colcon_core.package_identification:_identify(src/bsw) by extension 'colcon_pkg'
[0.483s] Level 1:colcon.colcon_core.package_identification:_identify(src/bsw) by extensions ['colcon_meta']
[0.483s] Level 1:colcon.colcon_core.package_identification:_identify(src/bsw) by extension 'colcon_meta'
[0.483s] Level 1:colcon.colcon_core.package_identification:_identify(src/bsw) by extensions ['ros']
[0.484s] Level 1:colcon.colcon_core.package_identification:_identify(src/bsw) by extension 'ros'
[0.484s] Level 1:colcon.colcon_core.package_identification:_identify(src/bsw) by extensions ['cmake', 'python']
[0.484s] Level 1:colcon.colcon_core.package_identification:_identify(src/bsw) by extension 'cmake'
[0.484s] Level 1:colcon.colcon_core.package_identification:_identify(src/bsw) by extension 'python'
[0.484s] Level 1:colcon.colcon_core.package_identification:_identify(src/bsw) by extensions ['python_setup_py']
[0.484s] Level 1:colcon.colcon_core.package_identification:_identify(src/bsw) by extension 'python_setup_py'
[0.485s] Level 1:colcon.colcon_core.package_identification:_identify(src/bsw/system) by extensions ['ignore', 'ignore_ament_install']
[0.485s] Level 1:colcon.colcon_core.package_identification:_identify(src/bsw/system) by extension 'ignore'
[0.485s] Level 1:colcon.colcon_core.package_identification:_identify(src/bsw/system) by extension 'ignore_ament_install'
[0.485s] Level 1:colcon.colcon_core.package_identification:_identify(src/bsw/system) by extensions ['colcon_pkg']
[0.485s] Level 1:colcon.colcon_core.package_identification:_identify(src/bsw/system) by extension 'colcon_pkg'
[0.486s] Level 1:colcon.colcon_core.package_identification:_identify(src/bsw/system) by extensions ['colcon_meta']
[0.486s] Level 1:colcon.colcon_core.package_identification:_identify(src/bsw/system) by extension 'colcon_meta'
[0.486s] Level 1:colcon.colcon_core.package_identification:_identify(src/bsw/system) by extensions ['ros']
[0.486s] Level 1:colcon.colcon_core.package_identification:_identify(src/bsw/system) by extension 'ros'
[0.486s] Level 1:colcon.colcon_core.package_identification:_identify(src/bsw/system) by extensions ['cmake', 'python']
[0.486s] Level 1:colcon.colcon_core.package_identification:_identify(src/bsw/system) by extension 'cmake'
[0.486s] Level 1:colcon.colcon_core.package_identification:_identify(src/bsw/system) by extension 'python'
[0.487s] Level 1:colcon.colcon_core.package_identification:_identify(src/bsw/system) by extensions ['python_setup_py']
[0.487s] Level 1:colcon.colcon_core.package_identification:_identify(src/bsw/system) by extension 'python_setup_py'
[0.487s] Level 1:colcon.colcon_core.package_identification:_identify(src/bsw/system/bridge) by extensions ['ignore', 'ignore_ament_install']
[0.487s] Level 1:colcon.colcon_core.package_identification:_identify(src/bsw/system/bridge) by extension 'ignore'
[0.488s] Level 1:colcon.colcon_core.package_identification:_identify(src/bsw/system/bridge) by extension 'ignore_ament_install'
[0.488s] Level 1:colcon.colcon_core.package_identification:_identify(src/bsw/system/bridge) by extensions ['colcon_pkg']
[0.488s] Level 1:colcon.colcon_core.package_identification:_identify(src/bsw/system/bridge) by extension 'colcon_pkg'
[0.488s] Level 1:colcon.colcon_core.package_identification:_identify(src/bsw/system/bridge) by extensions ['colcon_meta']
[0.488s] Level 1:colcon.colcon_core.package_identification:_identify(src/bsw/system/bridge) by extension 'colcon_meta'
[0.488s] Level 1:colcon.colcon_core.package_identification:_identify(src/bsw/system/bridge) by extensions ['ros']
[0.488s] Level 1:colcon.colcon_core.package_identification:_identify(src/bsw/system/bridge) by extension 'ros'
[0.488s] Level 1:colcon.colcon_core.package_identification:_identify(src/bsw/system/bridge) by extensions ['cmake', 'python']
[0.488s] Level 1:colcon.colcon_core.package_identification:_identify(src/bsw/system/bridge) by extension 'cmake'
[0.488s] Level 1:colcon.colcon_core.package_identification:_identify(src/bsw/system/bridge) by extension 'python'
[0.488s] Level 1:colcon.colcon_core.package_identification:_identify(src/bsw/system/bridge) by extensions ['python_setup_py']
[0.488s] Level 1:colcon.colcon_core.package_identification:_identify(src/bsw/system/bridge) by extension 'python_setup_py'
[0.489s] Level 1:colcon.colcon_core.package_identification:_identify(src/bsw/system/interface) by extensions ['ignore', 'ignore_ament_install']
[0.489s] Level 1:colcon.colcon_core.package_identification:_identify(src/bsw/system/interface) by extension 'ignore'
[0.489s] Level 1:colcon.colcon_core.package_identification:_identify(src/bsw/system/interface) by extension 'ignore_ament_install'
[0.489s] Level 1:colcon.colcon_core.package_identification:_identify(src/bsw/system/interface) by extensions ['colcon_pkg']
[0.489s] Level 1:colcon.colcon_core.package_identification:_identify(src/bsw/system/interface) by extension 'colcon_pkg'
[0.489s] Level 1:colcon.colcon_core.package_identification:_identify(src/bsw/system/interface) by extensions ['colcon_meta']
[0.489s] Level 1:colcon.colcon_core.package_identification:_identify(src/bsw/system/interface) by extension 'colcon_meta'
[0.489s] Level 1:colcon.colcon_core.package_identification:_identify(src/bsw/system/interface) by extensions ['ros']
[0.489s] Level 1:colcon.colcon_core.package_identification:_identify(src/bsw/system/interface) by extension 'ros'
[0.489s] Level 1:colcon.colcon_core.package_identification:_identify(src/bsw/system/interface) by extensions ['cmake', 'python']
[0.489s] Level 1:colcon.colcon_core.package_identification:_identify(src/bsw/system/interface) by extension 'cmake'
[0.489s] Level 1:colcon.colcon_core.package_identification:_identify(src/bsw/system/interface) by extension 'python'
[0.489s] Level 1:colcon.colcon_core.package_identification:_identify(src/bsw/system/interface) by extensions ['python_setup_py']
[0.489s] Level 1:colcon.colcon_core.package_identification:_identify(src/bsw/system/interface) by extension 'python_setup_py'
[0.490s] Level 1:colcon.colcon_core.package_identification:_identify(src/rte) by extensions ['ignore', 'ignore_ament_install']
[0.490s] Level 1:colcon.colcon_core.package_identification:_identify(src/rte) by extension 'ignore'
[0.490s] Level 1:colcon.colcon_core.package_identification:_identify(src/rte) by extension 'ignore_ament_install'
[0.490s] Level 1:colcon.colcon_core.package_identification:_identify(src/rte) by extensions ['colcon_pkg']
[0.490s] Level 1:colcon.colcon_core.package_identification:_identify(src/rte) by extension 'colcon_pkg'
[0.490s] Level 1:colcon.colcon_core.package_identification:_identify(src/rte) by extensions ['colcon_meta']
[0.490s] Level 1:colcon.colcon_core.package_identification:_identify(src/rte) by extension 'colcon_meta'
[0.490s] Level 1:colcon.colcon_core.package_identification:_identify(src/rte) by extensions ['ros']
[0.490s] Level 1:colcon.colcon_core.package_identification:_identify(src/rte) by extension 'ros'
[0.490s] Level 1:colcon.colcon_core.package_identification:_identify(src/rte) by extensions ['cmake', 'python']
[0.490s] Level 1:colcon.colcon_core.package_identification:_identify(src/rte) by extension 'cmake'
[0.490s] Level 1:colcon.colcon_core.package_identification:_identify(src/rte) by extension 'python'
[0.490s] Level 1:colcon.colcon_core.package_identification:_identify(src/rte) by extensions ['python_setup_py']
[0.491s] Level 1:colcon.colcon_core.package_identification:_identify(src/rte) by extension 'python_setup_py'
[0.491s] Level 1:colcon.colcon_core.package_identification:_identify(src/rte/msg) by extensions ['ignore', 'ignore_ament_install']
[0.491s] Level 1:colcon.colcon_core.package_identification:_identify(src/rte/msg) by extension 'ignore'
[0.491s] Level 1:colcon.colcon_core.package_identification:_identify(src/rte/msg) by extension 'ignore_ament_install'
[0.491s] Level 1:colcon.colcon_core.package_identification:_identify(src/rte/msg) by extensions ['colcon_pkg']
[0.491s] Level 1:colcon.colcon_core.package_identification:_identify(src/rte/msg) by extension 'colcon_pkg'
[0.491s] Level 1:colcon.colcon_core.package_identification:_identify(src/rte/msg) by extensions ['colcon_meta']
[0.491s] Level 1:colcon.colcon_core.package_identification:_identify(src/rte/msg) by extension 'colcon_meta'
[0.491s] Level 1:colcon.colcon_core.package_identification:_identify(src/rte/msg) by extensions ['ros']
[0.491s] Level 1:colcon.colcon_core.package_identification:_identify(src/rte/msg) by extension 'ros'
[0.492s] Level 1:colcon.colcon_core.package_identification:_identify(src/rte/msg) by extensions ['cmake', 'python']
[0.492s] Level 1:colcon.colcon_core.package_identification:_identify(src/rte/msg) by extension 'cmake'
[0.492s] Level 1:colcon.colcon_core.package_identification:_identify(src/rte/msg) by extension 'python'
[0.492s] Level 1:colcon.colcon_core.package_identification:_identify(src/rte/msg) by extensions ['python_setup_py']
[0.492s] Level 1:colcon.colcon_core.package_identification:_identify(src/rte/msg) by extension 'python_setup_py'
[0.492s] Level 1:colcon.colcon_core.package_identification:_identify(src/rte/msg/ad_msgs) by extensions ['ignore', 'ignore_ament_install']
[0.492s] Level 1:colcon.colcon_core.package_identification:_identify(src/rte/msg/ad_msgs) by extension 'ignore'
[0.492s] Level 1:colcon.colcon_core.package_identification:_identify(src/rte/msg/ad_msgs) by extension 'ignore_ament_install'
[0.492s] Level 1:colcon.colcon_core.package_identification:_identify(src/rte/msg/ad_msgs) by extensions ['colcon_pkg']
[0.492s] Level 1:colcon.colcon_core.package_identification:_identify(src/rte/msg/ad_msgs) by extension 'colcon_pkg'
[0.492s] Level 1:colcon.colcon_core.package_identification:_identify(src/rte/msg/ad_msgs) by extensions ['colcon_meta']
[0.492s] Level 1:colcon.colcon_core.package_identification:_identify(src/rte/msg/ad_msgs) by extension 'colcon_meta'
[0.493s] Level 1:colcon.colcon_core.package_identification:_identify(src/rte/msg/ad_msgs) by extensions ['ros']
[0.493s] Level 1:colcon.colcon_core.package_identification:_identify(src/rte/msg/ad_msgs) by extension 'ros'
[0.494s] DEBUG:colcon.colcon_core.package_identification:Package 'src/rte/msg/ad_msgs' with type 'ros.ament_cmake' and name 'ad_msgs'
[0.494s] Level 1:colcon.colcon_core.package_discovery:discover_packages(recursive) using defaults
[0.494s] Level 1:colcon.colcon_core.package_discovery:discover_packages(ignore) discover
[0.494s] Level 1:colcon.colcon_core.package_discovery:discover_packages(ignore) using defaults
[0.494s] Level 1:colcon.colcon_core.package_discovery:discover_packages(path) discover
[0.494s] Level 1:colcon.colcon_core.package_discovery:discover_packages(path) using defaults
[0.518s] Level 1:colcon.colcon_core.package_discovery:discover_packages(prefix_path) check parameters
[0.518s] Level 1:colcon.colcon_core.package_discovery:discover_packages(prefix_path) discover
[0.519s] WARNING:colcon.colcon_core.prefix_path.colcon:The path '/home/subin/subin_ws/Autonomous_Driving_Software_Final/install' in the environment variable COLCON_PREFIX_PATH doesn't exist
[0.519s] WARNING:colcon.colcon_core.prefix_path.colcon:The path '/home/subin/subin_ws/ADS_Final_MissionHard/install' in the environment variable COLCON_PREFIX_PATH doesn't exist
[0.519s] WARNING:colcon.colcon_ros.prefix_path.ament:The path '/home/subin/subin_ws/Autonomous_Driving_Software_Final/install/simulator' in the environment variable AMENT_PREFIX_PATH doesn't exist
[0.519s] WARNING:colcon.colcon_ros.prefix_path.ament:The path '/home/subin/subin_ws/Autonomous_Driving_Software_Final/install/mission_manager' in the environment variable AMENT_PREFIX_PATH doesn't exist
[0.519s] WARNING:colcon.colcon_ros.prefix_path.ament:The path '/home/subin/subin_ws/Autonomous_Driving_Software_Final/install/evaluation' in the environment variable AMENT_PREFIX_PATH doesn't exist
[0.519s] WARNING:colcon.colcon_ros.prefix_path.ament:The path '/home/subin/subin_ws/Autonomous_Driving_Software_Final/install/autonomous_driving' in the environment variable AMENT_PREFIX_PATH doesn't exist
[0.519s] WARNING:colcon.colcon_ros.prefix_path.ament:The path '/home/subin/subin_ws/Autonomous_Driving_Software_Final/install/ad_msgs' in the environment variable AMENT_PREFIX_PATH doesn't exist
[0.519s] WARNING:colcon.colcon_ros.prefix_path.ament:The path '/home/subin/subin_ws/ADS_Final_MissionHard/install/simulator' in the environment variable AMENT_PREFIX_PATH doesn't exist
[0.520s] WARNING:colcon.colcon_ros.prefix_path.ament:The path '/home/subin/subin_ws/ADS_Final_MissionHard/install/mission_manager' in the environment variable AMENT_PREFIX_PATH doesn't exist
[0.520s] WARNING:colcon.colcon_ros.prefix_path.ament:The path '/home/subin/subin_ws/ADS_Final_MissionHard/install/evaluation' in the environment variable AMENT_PREFIX_PATH doesn't exist
[0.520s] WARNING:colcon.colcon_ros.prefix_path.ament:The path '/home/subin/subin_ws/ADS_Final_MissionHard/install/autonomous_driving' in the environment variable AMENT_PREFIX_PATH doesn't exist
[0.520s] WARNING:colcon.colcon_ros.prefix_path.ament:The path '/home/subin/subin_ws/ADS_Final_MissionHard/install/ad_msgs' in the environment variable AMENT_PREFIX_PATH doesn't exist
[0.520s] WARNING:colcon.colcon_ros.prefix_path.catkin:The path '/home/subin/subin_ws/Autonomous_Driving_Software_Final/install/simulator' in the environment variable CMAKE_PREFIX_PATH doesn't exist
[0.520s] WARNING:colcon.colcon_ros.prefix_path.catkin:The path '/home/subin/subin_ws/Autonomous_Driving_Software_Final/install/mission_manager' in the environment variable CMAKE_PREFIX_PATH doesn't exist
[0.520s] WARNING:colcon.colcon_ros.prefix_path.catkin:The path '/home/subin/subin_ws/Autonomous_Driving_Software_Final/install/evaluation' in the environment variable CMAKE_PREFIX_PATH doesn't exist
[0.520s] WARNING:colcon.colcon_ros.prefix_path.catkin:The path '/home/subin/subin_ws/Autonomous_Driving_Software_Final/install/autonomous_driving' in the environment variable CMAKE_PREFIX_PATH doesn't exist
[0.520s] WARNING:colcon.colcon_ros.prefix_path.catkin:The path '/home/subin/subin_ws/Autonomous_Driving_Software_Final/install/ad_msgs' in the environment variable CMAKE_PREFIX_PATH doesn't exist
[0.520s] WARNING:colcon.colcon_ros.prefix_path.catkin:The path '/home/subin/subin_ws/ADS_Final_MissionHard/install/simulator' in the environment variable CMAKE_PREFIX_PATH doesn't exist
[0.520s] WARNING:colcon.colcon_ros.prefix_path.catkin:The path '/home/subin/subin_ws/ADS_Final_MissionHard/install/mission_manager' in the environment variable CMAKE_PREFIX_PATH doesn't exist
[0.520s] WARNING:colcon.colcon_ros.prefix_path.catkin:The path '/home/subin/subin_ws/ADS_Final_MissionHard/install/evaluation' in the environment variable CMAKE_PREFIX_PATH doesn't exist
[0.520s] WARNING:colcon.colcon_ros.prefix_path.catkin:The path '/home/subin/subin_ws/ADS_Final_MissionHard/install/autonomous_driving' in the environment variable CMAKE_PREFIX_PATH doesn't exist
[0.520s] WARNING:colcon.colcon_ros.prefix_path.catkin:The path '/home/subin/subin_ws/ADS_Final_MissionHard/install/ad_msgs' in the environment variable CMAKE_PREFIX_PATH doesn't exist
[0.522s] DEBUG:colcon.colcon_installed_package_information.package_discovery:Found 273 installed packages in /opt/ros/humble
[0.537s] Level 1:colcon.colcon_core.package_discovery:discover_packages(prefix_path) using defaults
[0.568s] Level 5:colcon.colcon_core.verb:set package 'ad_msgs' build argument 'cmake_args' from command line to 'None'
[0.568s] Level 5:colcon.colcon_core.verb:set package 'ad_msgs' build argument 'cmake_target' from command line to 'None'
[0.568s] Level 5:colcon.colcon_core.verb:set package 'ad_msgs' build argument 'cmake_target_skip_unavailable' from command line to 'False'
[0.568s] Level 5:colcon.colcon_core.verb:set package 'ad_msgs' build argument 'cmake_clean_cache' from command line to 'False'
[0.568s] Level 5:colcon.colcon_core.verb:set package 'ad_msgs' build argument 'cmake_clean_first' from command line to 'False'
[0.568s] Level 5:colcon.colcon_core.verb:set package 'ad_msgs' build argument 'cmake_force_configure' from command line to 'False'
[0.568s] Level 5:colcon.colcon_core.verb:set package 'ad_msgs' build argument 'ament_cmake_args' from command line to 'None'
[0.568s] Level 5:colcon.colcon_core.verb:set package 'ad_msgs' build argument 'catkin_cmake_args' from command line to 'None'
[0.568s] Level 5:colcon.colcon_core.verb:set package 'ad_msgs' build argument 'catkin_skip_building_tests' from command line to 'False'
[0.568s] DEBUG:colcon.colcon_core.verb:Building package 'ad_msgs' with the following arguments: {'ament_cmake_args': None, 'build_base': '/home/subin/subin_ws/ADS_Mission_Normal/build/ad_msgs', 'catkin_cmake_args': None, 'catkin_skip_building_tests': False, 'cmake_args': None, 'cmake_clean_cache': False, 'cmake_clean_first': False, 'cmake_force_configure': False, 'cmake_target': None, 'cmake_target_skip_unavailable': False, 'install_base': '/home/subin/subin_ws/ADS_Mission_Normal/install/ad_msgs', 'merge_install': False, 'path': '/home/subin/subin_ws/ADS_Mission_Normal/src/rte/msg/ad_msgs', 'symlink_install': False, 'test_result_base': None}
[0.568s] Level 5:colcon.colcon_core.verb:set package 'autonomous_driving' build argument 'cmake_args' from command line to 'None'
[0.568s] Level 5:colcon.colcon_core.verb:set package 'autonomous_driving' build argument 'cmake_target' from command line to 'None'
[0.568s] Level 5:colcon.colcon_core.verb:set package 'autonomous_driving' build argument 'cmake_target_skip_unavailable' from command line to 'False'
[0.568s] Level 5:colcon.colcon_core.verb:set package 'autonomous_driving' build argument 'cmake_clean_cache' from command line to 'False'
[0.568s] Level 5:colcon.colcon_core.verb:set package 'autonomous_driving' build argument 'cmake_clean_first' from command line to 'False'
[0.568s] Level 5:colcon.colcon_core.verb:set package 'autonomous_driving' build argument 'cmake_force_configure' from command line to 'False'
[0.568s] Level 5:colcon.colcon_core.verb:set package 'autonomous_driving' build argument 'ament_cmake_args' from command line to 'None'
[0.568s] Level 5:colcon.colcon_core.verb:set package 'autonomous_driving' build argument 'catkin_cmake_args' from command line to 'None'
[0.568s] Level 5:colcon.colcon_core.verb:set package 'autonomous_driving' build argument 'catkin_skip_building_tests' from command line to 'False'
[0.568s] DEBUG:colcon.colcon_core.verb:Building package 'autonomous_driving' with the following arguments: {'ament_cmake_args': None, 'build_base': '/home/subin/subin_ws/ADS_Mission_Normal/build/autonomous_driving', 'catkin_cmake_args': None, 'catkin_skip_building_tests': False, 'cmake_args': None, 'cmake_clean_cache': False, 'cmake_clean_first': False, 'cmake_force_configure': False, 'cmake_target': None, 'cmake_target_skip_unavailable': False, 'install_base': '/home/subin/subin_ws/ADS_Mission_Normal/install/autonomous_driving', 'merge_install': False, 'path': '/home/subin/subin_ws/ADS_Mission_Normal/src/app/autonomous_driving', 'symlink_install': False, 'test_result_base': None}
[0.569s] Level 5:colcon.colcon_core.verb:set package 'evaluation' build argument 'cmake_args' from command line to 'None'
[0.569s] Level 5:colcon.colcon_core.verb:set package 'evaluation' build argument 'cmake_target' from command line to 'None'
[0.569s] Level 5:colcon.colcon_core.verb:set package 'evaluation' build argument 'cmake_target_skip_unavailable' from command line to 'False'
[0.569s] Level 5:colcon.colcon_core.verb:set package 'evaluation' build argument 'cmake_clean_cache' from command line to 'False'
[0.569s] Level 5:colcon.colcon_core.verb:set package 'evaluation' build argument 'cmake_clean_first' from command line to 'False'
[0.569s] Level 5:colcon.colcon_core.verb:set package 'evaluation' build argument 'cmake_force_configure' from command line to 'False'
[0.569s] Level 5:colcon.colcon_core.verb:set package 'evaluation' build argument 'ament_cmake_args' from command line to 'None'
[0.569s] Level 5:colcon.colcon_core.verb:set package 'evaluation' build argument 'catkin_cmake_args' from command line to 'None'
[0.569s] Level 5:colcon.colcon_core.verb:set package 'evaluation' build argument 'catkin_skip_building_tests' from command line to 'False'
[0.569s] DEBUG:colcon.colcon_core.verb:Building package 'evaluation' with the following arguments: {'ament_cmake_args': None, 'build_base': '/home/subin/subin_ws/ADS_Mission_Normal/build/evaluation', 'catkin_cmake_args': None, 'catkin_skip_building_tests': False, 'cmake_args': None, 'cmake_clean_cache': False, 'cmake_clean_first': False, 'cmake_force_configure': False, 'cmake_target': None, 'cmake_target_skip_unavailable': False, 'install_base': '/home/subin/subin_ws/ADS_Mission_Normal/install/evaluation', 'merge_install': False, 'path': '/home/subin/subin_ws/ADS_Mission_Normal/src/app/evaluation', 'symlink_install': False, 'test_result_base': None}
[0.569s] Level 5:colcon.colcon_core.verb:set package 'mission_manager' build argument 'cmake_args' from command line to 'None'
[0.569s] Level 5:colcon.colcon_core.verb:set package 'mission_manager' build argument 'cmake_target' from command line to 'None'
[0.569s] Level 5:colcon.colcon_core.verb:set package 'mission_manager' build argument 'cmake_target_skip_unavailable' from command line to 'False'
[0.569s] Level 5:colcon.colcon_core.verb:set package 'mission_manager' build argument 'cmake_clean_cache' from command line to 'False'
[0.569s] Level 5:colcon.colcon_core.verb:set package 'mission_manager' build argument 'cmake_clean_first' from command line to 'False'
[0.569s] Level 5:colcon.colcon_core.verb:set package 'mission_manager' build argument 'cmake_force_configure' from command line to 'False'
[0.569s] Level 5:colcon.colcon_core.verb:set package 'mission_manager' build argument 'ament_cmake_args' from command line to 'None'
[0.569s] Level 5:colcon.colcon_core.verb:set package 'mission_manager' build argument 'catkin_cmake_args' from command line to 'None'
[0.569s] Level 5:colcon.colcon_core.verb:set package 'mission_manager' build argument 'catkin_skip_building_tests' from command line to 'False'
[0.569s] DEBUG:colcon.colcon_core.verb:Building package 'mission_manager' with the following arguments: {'ament_cmake_args': None, 'build_base': '/home/subin/subin_ws/ADS_Mission_Normal/build/mission_manager', 'catkin_cmake_args': None, 'catkin_skip_building_tests': False, 'cmake_args': None, 'cmake_clean_cache': False, 'cmake_clean_first': False, 'cmake_force_configure': False, 'cmake_target': None, 'cmake_target_skip_unavailable': False, 'install_base': '/home/subin/subin_ws/ADS_Mission_Normal/install/mission_manager', 'merge_install': False, 'path': '/home/subin/subin_ws/ADS_Mission_Normal/src/app/mission_manager', 'symlink_install': False, 'test_result_base': None}
[0.569s] Level 5:colcon.colcon_core.verb:set package 'simulator' build argument 'cmake_args' from command line to 'None'
[0.569s] Level 5:colcon.colcon_core.verb:set package 'simulator' build argument 'cmake_target' from command line to 'None'
[0.569s] Level 5:colcon.colcon_core.verb:set package 'simulator' build argument 'cmake_target_skip_unavailable' from command line to 'False'
[0.569s] Level 5:colcon.colcon_core.verb:set package 'simulator' build argument 'cmake_clean_cache' from command line to 'False'
[0.570s] Level 5:colcon.colcon_core.verb:set package 'simulator' build argument 'cmake_clean_first' from command line to 'False'
[0.570s] Level 5:colcon.colcon_core.verb:set package 'simulator' build argument 'cmake_force_configure' from command line to 'False'
[0.570s] Level 5:colcon.colcon_core.verb:set package 'simulator' build argument 'ament_cmake_args' from command line to 'None'
[0.570s] Level 5:colcon.colcon_core.verb:set package 'simulator' build argument 'catkin_cmake_args' from command line to 'None'
[0.570s] Level 5:colcon.colcon_core.verb:set package 'simulator' build argument 'catkin_skip_building_tests' from command line to 'False'
[0.570s] DEBUG:colcon.colcon_core.verb:Building package 'simulator' with the following arguments: {'ament_cmake_args': None, 'build_base': '/home/subin/subin_ws/ADS_Mission_Normal/build/simulator', 'catkin_cmake_args': None, 'catkin_skip_building_tests': False, 'cmake_args': None, 'cmake_clean_cache': False, 'cmake_clean_first': False, 'cmake_force_configure': False, 'cmake_target': None, 'cmake_target_skip_unavailable': False, 'install_base': '/home/subin/subin_ws/ADS_Mission_Normal/install/simulator', 'merge_install': False, 'path': '/home/subin/subin_ws/ADS_Mission_Normal/src/app/simulator', 'symlink_install': False, 'test_result_base': None}
[0.570s] INFO:colcon.colcon_core.executor:Executing jobs using 'parallel' executor
[0.571s] DEBUG:colcon.colcon_parallel_executor.executor.parallel:run_until_complete
[0.572s] INFO:colcon.colcon_ros.task.ament_cmake.build:Building ROS package in '/home/subin/subin_ws/ADS_Mission_Normal/src/rte/msg/ad_msgs' with build type 'ament_cmake'
[0.572s] INFO:colcon.colcon_cmake.task.cmake.build:Building CMake package in '/home/subin/subin_ws/ADS_Mission_Normal/src/rte/msg/ad_msgs'
[0.576s] INFO:colcon.colcon_core.plugin_system:Skipping extension 'colcon_core.shell.bat': Not used on non-Windows systems
[0.577s] INFO:colcon.colcon_core.shell:Skip shell extension 'powershell' for command environment: Not usable outside of PowerShell
[0.577s] DEBUG:colcon.colcon_core.shell:Skip shell extension 'dsv' for command environment
[0.590s] DEBUG:colcon.colcon_core.event_handler.log_command:Invoking command in '/home/subin/subin_ws/ADS_Mission_Normal/build/ad_msgs': CMAKE_PREFIX_PATH=${CMAKE_PREFIX_PATH}:/opt/ros/humble /usr/bin/cmake /home/subin/subin_ws/ADS_Mission_Normal/src/rte/msg/ad_msgs -DCMAKE_INSTALL_PREFIX=/home/subin/subin_ws/ADS_Mission_Normal/install/ad_msgs
[5.580s] DEBUG:colcon.colcon_core.event_handler.log_command:Invoked command in '/home/subin/subin_ws/ADS_Mission_Normal/build/ad_msgs' returned '0': CMAKE_PREFIX_PATH=${CMAKE_PREFIX_PATH}:/opt/ros/humble /usr/bin/cmake /home/subin/subin_ws/ADS_Mission_Normal/src/rte/msg/ad_msgs -DCMAKE_INSTALL_PREFIX=/home/subin/subin_ws/ADS_Mission_Normal/install/ad_msgs
[5.583s] DEBUG:colcon.colcon_core.event_handler.log_command:Invoking command in '/home/subin/subin_ws/ADS_Mission_Normal/build/ad_msgs': CMAKE_PREFIX_PATH=${CMAKE_PREFIX_PATH}:/opt/ros/humble /usr/bin/cmake --build /home/subin/subin_ws/ADS_Mission_Normal/build/ad_msgs -- -j22 -l22
[10.788s] DEBUG:colcon.colcon_core.event_handler.log_command:Invoked command in '/home/subin/subin_ws/ADS_Mission_Normal/build/ad_msgs' returned '0': CMAKE_PREFIX_PATH=${CMAKE_PREFIX_PATH}:/opt/ros/humble /usr/bin/cmake --build /home/subin/subin_ws/ADS_Mission_Normal/build/ad_msgs -- -j22 -l22
[10.798s] DEBUG:colcon.colcon_core.event_handler.log_command:Invoking command in '/home/subin/subin_ws/ADS_Mission_Normal/build/ad_msgs': CMAKE_PREFIX_PATH=${CMAKE_PREFIX_PATH}:/opt/ros/humble /usr/bin/cmake --install /home/subin/subin_ws/ADS_Mission_Normal/build/ad_msgs
[10.902s] Level 1:colcon.colcon_core.environment:create_environment_scripts_only(ad_msgs)
[10.903s] DEBUG:colcon.colcon_core.event_handler.log_command:Invoked command in '/home/subin/subin_ws/ADS_Mission_Normal/build/ad_msgs' returned '0': CMAKE_PREFIX_PATH=${CMAKE_PREFIX_PATH}:/opt/ros/humble /usr/bin/cmake --install /home/subin/subin_ws/ADS_Mission_Normal/build/ad_msgs
[10.905s] Level 1:colcon.colcon_core.environment:checking '/home/subin/subin_ws/ADS_Mission_Normal/install/ad_msgs' for CMake module files
[10.905s] Level 1:colcon.colcon_core.environment:checking '/home/subin/subin_ws/ADS_Mission_Normal/install/ad_msgs' for CMake config files
[10.906s] Level 1:colcon.colcon_core.shell:create_environment_hook('ad_msgs', 'cmake_prefix_path')
[10.906s] INFO:colcon.colcon_core.shell:Creating environment hook '/home/subin/subin_ws/ADS_Mission_Normal/install/ad_msgs/share/ad_msgs/hook/cmake_prefix_path.ps1'
[10.906s] INFO:colcon.colcon_core.shell:Creating environment descriptor '/home/subin/subin_ws/ADS_Mission_Normal/install/ad_msgs/share/ad_msgs/hook/cmake_prefix_path.dsv'
[10.907s] INFO:colcon.colcon_core.shell:Creating environment hook '/home/subin/subin_ws/ADS_Mission_Normal/install/ad_msgs/share/ad_msgs/hook/cmake_prefix_path.sh'
[10.907s] Level 1:colcon.colcon_core.environment:checking '/home/subin/subin_ws/ADS_Mission_Normal/install/ad_msgs/lib'
[10.908s] Level 1:colcon.colcon_core.shell:create_environment_hook('ad_msgs', 'ld_library_path_lib')
[10.908s] INFO:colcon.colcon_core.shell:Creating environment hook '/home/subin/subin_ws/ADS_Mission_Normal/install/ad_msgs/share/ad_msgs/hook/ld_library_path_lib.ps1'
[10.908s] INFO:colcon.colcon_core.shell:Creating environment descriptor '/home/subin/subin_ws/ADS_Mission_Normal/install/ad_msgs/share/ad_msgs/hook/ld_library_path_lib.dsv'
[10.908s] INFO:colcon.colcon_core.shell:Creating environment hook '/home/subin/subin_ws/ADS_Mission_Normal/install/ad_msgs/share/ad_msgs/hook/ld_library_path_lib.sh'
[10.909s] Level 1:colcon.colcon_core.environment:checking '/home/subin/subin_ws/ADS_Mission_Normal/install/ad_msgs/bin'
[10.909s] Level 1:colcon.colcon_core.environment:checking '/home/subin/subin_ws/ADS_Mission_Normal/install/ad_msgs/lib/pkgconfig/ad_msgs.pc'
[10.909s] Level 1:colcon.colcon_core.environment:checking '/home/subin/subin_ws/ADS_Mission_Normal/install/ad_msgs/lib/python3.10/site-packages'
[10.909s] Level 1:colcon.colcon_core.environment:checking '/home/subin/subin_ws/ADS_Mission_Normal/install/ad_msgs/bin'
[10.910s] INFO:colcon.colcon_core.shell:Creating package script '/home/subin/subin_ws/ADS_Mission_Normal/install/ad_msgs/share/ad_msgs/package.ps1'
[10.911s] INFO:colcon.colcon_core.shell:Creating package descriptor '/home/subin/subin_ws/ADS_Mission_Normal/install/ad_msgs/share/ad_msgs/package.dsv'
[10.911s] INFO:colcon.colcon_core.shell:Creating package script '/home/subin/subin_ws/ADS_Mission_Normal/install/ad_msgs/share/ad_msgs/package.sh'
[10.912s] INFO:colcon.colcon_core.shell:Creating package script '/home/subin/subin_ws/ADS_Mission_Normal/install/ad_msgs/share/ad_msgs/package.bash'
[10.912s] INFO:colcon.colcon_core.shell:Creating package script '/home/subin/subin_ws/ADS_Mission_Normal/install/ad_msgs/share/ad_msgs/package.zsh'
[10.913s] Level 1:colcon.colcon_core.environment:create_file_with_runtime_dependencies(/home/subin/subin_ws/ADS_Mission_Normal/install/ad_msgs/share/colcon-core/packages/ad_msgs)
[10.914s] Level 1:colcon.colcon_core.environment:create_environment_scripts_only(ad_msgs)
[10.914s] Level 1:colcon.colcon_core.environment:checking '/home/subin/subin_ws/ADS_Mission_Normal/install/ad_msgs' for CMake module files
[10.914s] Level 1:colcon.colcon_core.environment:checking '/home/subin/subin_ws/ADS_Mission_Normal/install/ad_msgs' for CMake config files
[10.915s] Level 1:colcon.colcon_core.shell:create_environment_hook('ad_msgs', 'cmake_prefix_path')
[10.915s] INFO:colcon.colcon_core.shell:Creating environment hook '/home/subin/subin_ws/ADS_Mission_Normal/install/ad_msgs/share/ad_msgs/hook/cmake_prefix_path.ps1'
[10.915s] INFO:colcon.colcon_core.shell:Creating environment descriptor '/home/subin/subin_ws/ADS_Mission_Normal/install/ad_msgs/share/ad_msgs/hook/cmake_prefix_path.dsv'
[10.916s] INFO:colcon.colcon_core.shell:Creating environment hook '/home/subin/subin_ws/ADS_Mission_Normal/install/ad_msgs/share/ad_msgs/hook/cmake_prefix_path.sh'
[10.916s] Level 1:colcon.colcon_core.environment:checking '/home/subin/subin_ws/ADS_Mission_Normal/install/ad_msgs/lib'
[10.916s] Level 1:colcon.colcon_core.shell:create_environment_hook('ad_msgs', 'ld_library_path_lib')
[10.916s] INFO:colcon.colcon_core.shell:Creating environment hook '/home/subin/subin_ws/ADS_Mission_Normal/install/ad_msgs/share/ad_msgs/hook/ld_library_path_lib.ps1'
[10.917s] INFO:colcon.colcon_core.shell:Creating environment descriptor '/home/subin/subin_ws/ADS_Mission_Normal/install/ad_msgs/share/ad_msgs/hook/ld_library_path_lib.dsv'
[10.917s] INFO:colcon.colcon_core.shell:Creating environment hook '/home/subin/subin_ws/ADS_Mission_Normal/install/ad_msgs/share/ad_msgs/hook/ld_library_path_lib.sh'
[10.917s] Level 1:colcon.colcon_core.environment:checking '/home/subin/subin_ws/ADS_Mission_Normal/install/ad_msgs/bin'
[10.917s] Level 1:colcon.colcon_core.environment:checking '/home/subin/subin_ws/ADS_Mission_Normal/install/ad_msgs/lib/pkgconfig/ad_msgs.pc'
[10.917s] Level 1:colcon.colcon_core.environment:checking '/home/subin/subin_ws/ADS_Mission_Normal/install/ad_msgs/lib/python3.10/site-packages'
[10.918s] Level 1:colcon.colcon_core.environment:checking '/home/subin/subin_ws/ADS_Mission_Normal/install/ad_msgs/bin'
[10.918s] INFO:colcon.colcon_core.shell:Creating package script '/home/subin/subin_ws/ADS_Mission_Normal/install/ad_msgs/share/ad_msgs/package.ps1'
[10.918s] INFO:colcon.colcon_core.shell:Creating package descriptor '/home/subin/subin_ws/ADS_Mission_Normal/install/ad_msgs/share/ad_msgs/package.dsv'
[10.919s] INFO:colcon.colcon_core.shell:Creating package script '/home/subin/subin_ws/ADS_Mission_Normal/install/ad_msgs/share/ad_msgs/package.sh'
[10.919s] INFO:colcon.colcon_core.shell:Creating package script '/home/subin/subin_ws/ADS_Mission_Normal/install/ad_msgs/share/ad_msgs/package.bash'
[10.919s] INFO:colcon.colcon_core.shell:Creating package script '/home/subin/subin_ws/ADS_Mission_Normal/install/ad_msgs/share/ad_msgs/package.zsh'
[10.919s] Level 1:colcon.colcon_core.environment:create_file_with_runtime_dependencies(/home/subin/subin_ws/ADS_Mission_Normal/install/ad_msgs/share/colcon-core/packages/ad_msgs)
[10.920s] INFO:colcon.colcon_ros.task.ament_cmake.build:Building ROS package in '/home/subin/subin_ws/ADS_Mission_Normal/src/app/autonomous_driving' with build type 'ament_cmake'
[10.920s] INFO:colcon.colcon_cmake.task.cmake.build:Building CMake package in '/home/subin/subin_ws/ADS_Mission_Normal/src/app/autonomous_driving'
[10.920s] INFO:colcon.colcon_core.shell:Skip shell extension 'powershell' for command environment: Not usable outside of PowerShell
[10.920s] DEBUG:colcon.colcon_core.shell:Skip shell extension 'dsv' for command environment
[10.923s] INFO:colcon.colcon_ros.task.ament_cmake.build:Building ROS package in '/home/subin/subin_ws/ADS_Mission_Normal/src/app/evaluation' with build type 'ament_cmake'
[10.923s] INFO:colcon.colcon_cmake.task.cmake.build:Building CMake package in '/home/subin/subin_ws/ADS_Mission_Normal/src/app/evaluation'
[10.924s] INFO:colcon.colcon_core.shell:Skip shell extension 'powershell' for command environment: Not usable outside of PowerShell
[10.924s] DEBUG:colcon.colcon_core.shell:Skip shell extension 'dsv' for command environment
[10.926s] INFO:colcon.colcon_ros.task.ament_cmake.build:Building ROS package in '/home/subin/subin_ws/ADS_Mission_Normal/src/app/mission_manager' with build type 'ament_cmake'
[10.927s] INFO:colcon.colcon_cmake.task.cmake.build:Building CMake package in '/home/subin/subin_ws/ADS_Mission_Normal/src/app/mission_manager'
[10.927s] INFO:colcon.colcon_core.shell:Skip shell extension 'powershell' for command environment: Not usable outside of PowerShell
[10.927s] DEBUG:colcon.colcon_core.shell:Skip shell extension 'dsv' for command environment
[10.931s] INFO:colcon.colcon_ros.task.ament_cmake.build:Building ROS package in '/home/subin/subin_ws/ADS_Mission_Normal/src/app/simulator' with build type 'ament_cmake'
[10.931s] INFO:colcon.colcon_cmake.task.cmake.build:Building CMake package in '/home/subin/subin_ws/ADS_Mission_Normal/src/app/simulator'
[10.931s] INFO:colcon.colcon_core.shell:Skip shell extension 'powershell' for command environment: Not usable outside of PowerShell
[10.931s] DEBUG:colcon.colcon_core.shell:Skip shell extension 'dsv' for command environment
[11.044s] DEBUG:colcon.colcon_core.event_handler.log_command:Invoking command in '/home/subin/subin_ws/ADS_Mission_Normal/build/evaluation': AMENT_PREFIX_PATH=/home/subin/subin_ws/ADS_Mission_Normal/install/ad_msgs:${AMENT_PREFIX_PATH} CMAKE_PREFIX_PATH=/home/subin/subin_ws/ADS_Mission_Normal/install/ad_msgs:/home/subin/subin_ws/Autonomous_Driving_Software_Final/install/simulator:/home/subin/subin_ws/Autonomous_Driving_Software_Final/install/mission_manager:/home/subin/subin_ws/Autonomous_Driving_Software_Final/install/evaluation:/home/subin/subin_ws/Autonomous_Driving_Software_Final/install/autonomous_driving:/home/subin/subin_ws/Autonomous_Driving_Software_Final/install/ad_msgs:/home/subin/subin_ws/ADS_Final_MissionHard/install/simulator:/home/subin/subin_ws/ADS_Final_MissionHard/install/mission_manager:/home/subin/subin_ws/ADS_Final_MissionHard/install/evaluation:/home/subin/subin_ws/ADS_Final_MissionHard/install/autonomous_driving:/home/subin/subin_ws/ADS_Final_MissionHard/install/ad_msgs:/opt/ros/humble LD_LIBRARY_PATH=/home/subin/subin_ws/ADS_Mission_Normal/install/ad_msgs/lib:${LD_LIBRARY_PATH} PYTHONPATH=/home/subin/subin_ws/ADS_Mission_Normal/install/ad_msgs/local/lib/python3.10/dist-packages:${PYTHONPATH} /usr/bin/cmake /home/subin/subin_ws/ADS_Mission_Normal/src/app/evaluation -DCMAKE_INSTALL_PREFIX=/home/subin/subin_ws/ADS_Mission_Normal/install/evaluation
[11.048s] DEBUG:colcon.colcon_core.event_handler.log_command:Invoking command in '/home/subin/subin_ws/ADS_Mission_Normal/build/mission_manager': AMENT_PREFIX_PATH=/home/subin/subin_ws/ADS_Mission_Normal/install/ad_msgs:${AMENT_PREFIX_PATH} CMAKE_PREFIX_PATH=/home/subin/subin_ws/ADS_Mission_Normal/install/ad_msgs:/home/subin/subin_ws/Autonomous_Driving_Software_Final/install/simulator:/home/subin/subin_ws/Autonomous_Driving_Software_Final/install/mission_manager:/home/subin/subin_ws/Autonomous_Driving_Software_Final/install/evaluation:/home/subin/subin_ws/Autonomous_Driving_Software_Final/install/autonomous_driving:/home/subin/subin_ws/Autonomous_Driving_Software_Final/install/ad_msgs:/home/subin/subin_ws/ADS_Final_MissionHard/install/simulator:/home/subin/subin_ws/ADS_Final_MissionHard/install/mission_manager:/home/subin/subin_ws/ADS_Final_MissionHard/install/evaluation:/home/subin/subin_ws/ADS_Final_MissionHard/install/autonomous_driving:/home/subin/subin_ws/ADS_Final_MissionHard/install/ad_msgs:/opt/ros/humble LD_LIBRARY_PATH=/home/subin/subin_ws/ADS_Mission_Normal/install/ad_msgs/lib:${LD_LIBRARY_PATH} PYTHONPATH=/home/subin/subin_ws/ADS_Mission_Normal/install/ad_msgs/local/lib/python3.10/dist-packages:${PYTHONPATH} /usr/bin/cmake /home/subin/subin_ws/ADS_Mission_Normal/src/app/mission_manager -DCMAKE_INSTALL_PREFIX=/home/subin/subin_ws/ADS_Mission_Normal/install/mission_manager
[11.052s] DEBUG:colcon.colcon_core.event_handler.log_command:Invoking command in '/home/subin/subin_ws/ADS_Mission_Normal/build/autonomous_driving': AMENT_PREFIX_PATH=/home/subin/subin_ws/ADS_Mission_Normal/install/ad_msgs:${AMENT_PREFIX_PATH} CMAKE_PREFIX_PATH=/home/subin/subin_ws/ADS_Mission_Normal/install/ad_msgs:/home/subin/subin_ws/Autonomous_Driving_Software_Final/install/simulator:/home/subin/subin_ws/Autonomous_Driving_Software_Final/install/mission_manager:/home/subin/subin_ws/Autonomous_Driving_Software_Final/install/evaluation:/home/subin/subin_ws/Autonomous_Driving_Software_Final/install/autonomous_driving:/home/subin/subin_ws/Autonomous_Driving_Software_Final/install/ad_msgs:/home/subin/subin_ws/ADS_Final_MissionHard/install/simulator:/home/subin/subin_ws/ADS_Final_MissionHard/install/mission_manager:/home/subin/subin_ws/ADS_Final_MissionHard/install/evaluation:/home/subin/subin_ws/ADS_Final_MissionHard/install/autonomous_driving:/home/subin/subin_ws/ADS_Final_MissionHard/install/ad_msgs:/opt/ros/humble LD_LIBRARY_PATH=/home/subin/subin_ws/ADS_Mission_Normal/install/ad_msgs/lib:${LD_LIBRARY_PATH} PYTHONPATH=/home/subin/subin_ws/ADS_Mission_Normal/install/ad_msgs/local/lib/python3.10/dist-packages:${PYTHONPATH} /usr/bin/cmake /home/subin/subin_ws/ADS_Mission_Normal/src/app/autonomous_driving -DCMAKE_INSTALL_PREFIX=/home/subin/subin_ws/ADS_Mission_Normal/install/autonomous_driving
[11.096s] DEBUG:colcon.colcon_core.event_handler.log_command:Invoking command in '/home/subin/subin_ws/ADS_Mission_Normal/build/simulator': AMENT_PREFIX_PATH=/home/subin/subin_ws/ADS_Mission_Normal/install/ad_msgs:${AMENT_PREFIX_PATH} CMAKE_PREFIX_PATH=/home/subin/subin_ws/ADS_Mission_Normal/install/ad_msgs:/home/subin/subin_ws/Autonomous_Driving_Software_Final/install/simulator:/home/subin/subin_ws/Autonomous_Driving_Software_Final/install/mission_manager:/home/subin/subin_ws/Autonomous_Driving_Software_Final/install/evaluation:/home/subin/subin_ws/Autonomous_Driving_Software_Final/install/autonomous_driving:/home/subin/subin_ws/Autonomous_Driving_Software_Final/install/ad_msgs:/home/subin/subin_ws/ADS_Final_MissionHard/install/simulator:/home/subin/subin_ws/ADS_Final_MissionHard/install/mission_manager:/home/subin/subin_ws/ADS_Final_MissionHard/install/evaluation:/home/subin/subin_ws/ADS_Final_MissionHard/install/autonomous_driving:/home/subin/subin_ws/ADS_Final_MissionHard/install/ad_msgs:/opt/ros/humble LD_LIBRARY_PATH=/home/subin/subin_ws/ADS_Mission_Normal/install/ad_msgs/lib:${LD_LIBRARY_PATH} PYTHONPATH=/home/subin/subin_ws/ADS_Mission_Normal/install/ad_msgs/local/lib/python3.10/dist-packages:${PYTHONPATH} /usr/bin/cmake /home/subin/subin_ws/ADS_Mission_Normal/src/app/simulator -DCMAKE_INSTALL_PREFIX=/home/subin/subin_ws/ADS_Mission_Normal/install/simulator
[18.546s] DEBUG:colcon.colcon_core.event_handler.log_command:Invoked command in '/home/subin/subin_ws/ADS_Mission_Normal/build/evaluation' returned '0': AMENT_PREFIX_PATH=/home/subin/subin_ws/ADS_Mission_Normal/install/ad_msgs:${AMENT_PREFIX_PATH} CMAKE_PREFIX_PATH=/home/subin/subin_ws/ADS_Mission_Normal/install/ad_msgs:/home/subin/subin_ws/Autonomous_Driving_Software_Final/install/simulator:/home/subin/subin_ws/Autonomous_Driving_Software_Final/install/mission_manager:/home/subin/subin_ws/Autonomous_Driving_Software_Final/install/evaluation:/home/subin/subin_ws/Autonomous_Driving_Software_Final/install/autonomous_driving:/home/subin/subin_ws/Autonomous_Driving_Software_Final/install/ad_msgs:/home/subin/subin_ws/ADS_Final_MissionHard/install/simulator:/home/subin/subin_ws/ADS_Final_MissionHard/install/mission_manager:/home/subin/subin_ws/ADS_Final_MissionHard/install/evaluation:/home/subin/subin_ws/ADS_Final_MissionHard/install/autonomous_driving:/home/subin/subin_ws/ADS_Final_MissionHard/install/ad_msgs:/opt/ros/humble LD_LIBRARY_PATH=/home/subin/subin_ws/ADS_Mission_Normal/install/ad_msgs/lib:${LD_LIBRARY_PATH} PYTHONPATH=/home/subin/subin_ws/ADS_Mission_Normal/install/ad_msgs/local/lib/python3.10/dist-packages:${PYTHONPATH} /usr/bin/cmake /home/subin/subin_ws/ADS_Mission_Normal/src/app/evaluation -DCMAKE_INSTALL_PREFIX=/home/subin/subin_ws/ADS_Mission_Normal/install/evaluation
[18.548s] DEBUG:colcon.colcon_core.event_handler.log_command:Invoking command in '/home/subin/subin_ws/ADS_Mission_Normal/build/evaluation': AMENT_PREFIX_PATH=/home/subin/subin_ws/ADS_Mission_Normal/install/ad_msgs:${AMENT_PREFIX_PATH} CMAKE_PREFIX_PATH=/home/subin/subin_ws/ADS_Mission_Normal/install/ad_msgs:/home/subin/subin_ws/Autonomous_Driving_Software_Final/install/simulator:/home/subin/subin_ws/Autonomous_Driving_Software_Final/install/mission_manager:/home/subin/subin_ws/Autonomous_Driving_Software_Final/install/evaluation:/home/subin/subin_ws/Autonomous_Driving_Software_Final/install/autonomous_driving:/home/subin/subin_ws/Autonomous_Driving_Software_Final/install/ad_msgs:/home/subin/subin_ws/ADS_Final_MissionHard/install/simulator:/home/subin/subin_ws/ADS_Final_MissionHard/install/mission_manager:/home/subin/subin_ws/ADS_Final_MissionHard/install/evaluation:/home/subin/subin_ws/ADS_Final_MissionHard/install/autonomous_driving:/home/subin/subin_ws/ADS_Final_MissionHard/install/ad_msgs:/opt/ros/humble LD_LIBRARY_PATH=/home/subin/subin_ws/ADS_Mission_Normal/install/ad_msgs/lib:${LD_LIBRARY_PATH} PYTHONPATH=/home/subin/subin_ws/ADS_Mission_Normal/install/ad_msgs/local/lib/python3.10/dist-packages:${PYTHONPATH} /usr/bin/cmake --build /home/subin/subin_ws/ADS_Mission_Normal/build/evaluation -- -j22 -l22
[19.384s] DEBUG:colcon.colcon_core.event_handler.log_command:Invoked command in '/home/subin/subin_ws/ADS_Mission_Normal/build/autonomous_driving' returned '0': AMENT_PREFIX_PATH=/home/subin/subin_ws/ADS_Mission_Normal/install/ad_msgs:${AMENT_PREFIX_PATH} CMAKE_PREFIX_PATH=/home/subin/subin_ws/ADS_Mission_Normal/install/ad_msgs:/home/subin/subin_ws/Autonomous_Driving_Software_Final/install/simulator:/home/subin/subin_ws/Autonomous_Driving_Software_Final/install/mission_manager:/home/subin/subin_ws/Autonomous_Driving_Software_Final/install/evaluation:/home/subin/subin_ws/Autonomous_Driving_Software_Final/install/autonomous_driving:/home/subin/subin_ws/Autonomous_Driving_Software_Final/install/ad_msgs:/home/subin/subin_ws/ADS_Final_MissionHard/install/simulator:/home/subin/subin_ws/ADS_Final_MissionHard/install/mission_manager:/home/subin/subin_ws/ADS_Final_MissionHard/install/evaluation:/home/subin/subin_ws/ADS_Final_MissionHard/install/autonomous_driving:/home/subin/subin_ws/ADS_Final_MissionHard/install/ad_msgs:/opt/ros/humble LD_LIBRARY_PATH=/home/subin/subin_ws/ADS_Mission_Normal/install/ad_msgs/lib:${LD_LIBRARY_PATH} PYTHONPATH=/home/subin/subin_ws/ADS_Mission_Normal/install/ad_msgs/local/lib/python3.10/dist-packages:${PYTHONPATH} /usr/bin/cmake /home/subin/subin_ws/ADS_Mission_Normal/src/app/autonomous_driving -DCMAKE_INSTALL_PREFIX=/home/subin/subin_ws/ADS_Mission_Normal/install/autonomous_driving
[19.386s] DEBUG:colcon.colcon_core.event_handler.log_command:Invoking command in '/home/subin/subin_ws/ADS_Mission_Normal/build/autonomous_driving': AMENT_PREFIX_PATH=/home/subin/subin_ws/ADS_Mission_Normal/install/ad_msgs:${AMENT_PREFIX_PATH} CMAKE_PREFIX_PATH=/home/subin/subin_ws/ADS_Mission_Normal/install/ad_msgs:/home/subin/subin_ws/Autonomous_Driving_Software_Final/install/simulator:/home/subin/subin_ws/Autonomous_Driving_Software_Final/install/mission_manager:/home/subin/subin_ws/Autonomous_Driving_Software_Final/install/evaluation:/home/subin/subin_ws/Autonomous_Driving_Software_Final/install/autonomous_driving:/home/subin/subin_ws/Autonomous_Driving_Software_Final/install/ad_msgs:/home/subin/subin_ws/ADS_Final_MissionHard/install/simulator:/home/subin/subin_ws/ADS_Final_MissionHard/install/mission_manager:/home/subin/subin_ws/ADS_Final_MissionHard/install/evaluation:/home/subin/subin_ws/ADS_Final_MissionHard/install/autonomous_driving:/home/subin/subin_ws/ADS_Final_MissionHard/install/ad_msgs:/opt/ros/humble LD_LIBRARY_PATH=/home/subin/subin_ws/ADS_Mission_Normal/install/ad_msgs/lib:${LD_LIBRARY_PATH} PYTHONPATH=/home/subin/subin_ws/ADS_Mission_Normal/install/ad_msgs/local/lib/python3.10/dist-packages:${PYTHONPATH} /usr/bin/cmake --build /home/subin/subin_ws/ADS_Mission_Normal/build/autonomous_driving -- -j22 -l22
[19.391s] DEBUG:colcon.colcon_core.event_handler.log_command:Invoked command in '/home/subin/subin_ws/ADS_Mission_Normal/build/simulator' returned '0': AMENT_PREFIX_PATH=/home/subin/subin_ws/ADS_Mission_Normal/install/ad_msgs:${AMENT_PREFIX_PATH} CMAKE_PREFIX_PATH=/home/subin/subin_ws/ADS_Mission_Normal/install/ad_msgs:/home/subin/subin_ws/Autonomous_Driving_Software_Final/install/simulator:/home/subin/subin_ws/Autonomous_Driving_Software_Final/install/mission_manager:/home/subin/subin_ws/Autonomous_Driving_Software_Final/install/evaluation:/home/subin/subin_ws/Autonomous_Driving_Software_Final/install/autonomous_driving:/home/subin/subin_ws/Autonomous_Driving_Software_Final/install/ad_msgs:/home/subin/subin_ws/ADS_Final_MissionHard/install/simulator:/home/subin/subin_ws/ADS_Final_MissionHard/install/mission_manager:/home/subin/subin_ws/ADS_Final_MissionHard/install/evaluation:/home/subin/subin_ws/ADS_Final_MissionHard/install/autonomous_driving:/home/subin/subin_ws/ADS_Final_MissionHard/install/ad_msgs:/opt/ros/humble LD_LIBRARY_PATH=/home/subin/subin_ws/ADS_Mission_Normal/install/ad_msgs/lib:${LD_LIBRARY_PATH} PYTHONPATH=/home/subin/subin_ws/ADS_Mission_Normal/install/ad_msgs/local/lib/python3.10/dist-packages:${PYTHONPATH} /usr/bin/cmake /home/subin/subin_ws/ADS_Mission_Normal/src/app/simulator -DCMAKE_INSTALL_PREFIX=/home/subin/subin_ws/ADS_Mission_Normal/install/simulator
[19.394s] DEBUG:colcon.colcon_core.event_handler.log_command:Invoking command in '/home/subin/subin_ws/ADS_Mission_Normal/build/simulator': AMENT_PREFIX_PATH=/home/subin/subin_ws/ADS_Mission_Normal/install/ad_msgs:${AMENT_PREFIX_PATH} CMAKE_PREFIX_PATH=/home/subin/subin_ws/ADS_Mission_Normal/install/ad_msgs:/home/subin/subin_ws/Autonomous_Driving_Software_Final/install/simulator:/home/subin/subin_ws/Autonomous_Driving_Software_Final/install/mission_manager:/home/subin/subin_ws/Autonomous_Driving_Software_Final/install/evaluation:/home/subin/subin_ws/Autonomous_Driving_Software_Final/install/autonomous_driving:/home/subin/subin_ws/Autonomous_Driving_Software_Final/install/ad_msgs:/home/subin/subin_ws/ADS_Final_MissionHard/install/simulator:/home/subin/subin_ws/ADS_Final_MissionHard/install/mission_manager:/home/subin/subin_ws/ADS_Final_MissionHard/install/evaluation:/home/subin/subin_ws/ADS_Final_MissionHard/install/autonomous_driving:/home/subin/subin_ws/ADS_Final_MissionHard/install/ad_msgs:/opt/ros/humble LD_LIBRARY_PATH=/home/subin/subin_ws/ADS_Mission_Normal/install/ad_msgs/lib:${LD_LIBRARY_PATH} PYTHONPATH=/home/subin/subin_ws/ADS_Mission_Normal/install/ad_msgs/local/lib/python3.10/dist-packages:${PYTHONPATH} /usr/bin/cmake --build /home/subin/subin_ws/ADS_Mission_Normal/build/simulator -- -j22 -l22
[19.451s] DEBUG:colcon.colcon_core.event_handler.log_command:Invoked command in '/home/subin/subin_ws/ADS_Mission_Normal/build/mission_manager' returned '0': AMENT_PREFIX_PATH=/home/subin/subin_ws/ADS_Mission_Normal/install/ad_msgs:${AMENT_PREFIX_PATH} CMAKE_PREFIX_PATH=/home/subin/subin_ws/ADS_Mission_Normal/install/ad_msgs:/home/subin/subin_ws/Autonomous_Driving_Software_Final/install/simulator:/home/subin/subin_ws/Autonomous_Driving_Software_Final/install/mission_manager:/home/subin/subin_ws/Autonomous_Driving_Software_Final/install/evaluation:/home/subin/subin_ws/Autonomous_Driving_Software_Final/install/autonomous_driving:/home/subin/subin_ws/Autonomous_Driving_Software_Final/install/ad_msgs:/home/subin/subin_ws/ADS_Final_MissionHard/install/simulator:/home/subin/subin_ws/ADS_Final_MissionHard/install/mission_manager:/home/subin/subin_ws/ADS_Final_MissionHard/install/evaluation:/home/subin/subin_ws/ADS_Final_MissionHard/install/autonomous_driving:/home/subin/subin_ws/ADS_Final_MissionHard/install/ad_msgs:/opt/ros/humble LD_LIBRARY_PATH=/home/subin/subin_ws/ADS_Mission_Normal/install/ad_msgs/lib:${LD_LIBRARY_PATH} PYTHONPATH=/home/subin/subin_ws/ADS_Mission_Normal/install/ad_msgs/local/lib/python3.10/dist-packages:${PYTHONPATH} /usr/bin/cmake /home/subin/subin_ws/ADS_Mission_Normal/src/app/mission_manager -DCMAKE_INSTALL_PREFIX=/home/subin/subin_ws/ADS_Mission_Normal/install/mission_manager
[19.455s] DEBUG:colcon.colcon_core.event_handler.log_command:Invoking command in '/home/subin/subin_ws/ADS_Mission_Normal/build/mission_manager': AMENT_PREFIX_PATH=/home/subin/subin_ws/ADS_Mission_Normal/install/ad_msgs:${AMENT_PREFIX_PATH} CMAKE_PREFIX_PATH=/home/subin/subin_ws/ADS_Mission_Normal/install/ad_msgs:/home/subin/subin_ws/Autonomous_Driving_Software_Final/install/simulator:/home/subin/subin_ws/Autonomous_Driving_Software_Final/install/mission_manager:/home/subin/subin_ws/Autonomous_Driving_Software_Final/install/evaluation:/home/subin/subin_ws/Autonomous_Driving_Software_Final/install/autonomous_driving:/home/subin/subin_ws/Autonomous_Driving_Software_Final/install/ad_msgs:/home/subin/subin_ws/ADS_Final_MissionHard/install/simulator:/home/subin/subin_ws/ADS_Final_MissionHard/install/mission_manager:/home/subin/subin_ws/ADS_Final_MissionHard/install/evaluation:/home/subin/subin_ws/ADS_Final_MissionHard/install/autonomous_driving:/home/subin/subin_ws/ADS_Final_MissionHard/install/ad_msgs:/opt/ros/humble LD_LIBRARY_PATH=/home/subin/subin_ws/ADS_Mission_Normal/install/ad_msgs/lib:${LD_LIBRARY_PATH} PYTHONPATH=/home/subin/subin_ws/ADS_Mission_Normal/install/ad_msgs/local/lib/python3.10/dist-packages:${PYTHONPATH} /usr/bin/cmake --build /home/subin/subin_ws/ADS_Mission_Normal/build/mission_manager -- -j22 -l22
[39.716s] DEBUG:colcon.colcon_core.event_handler.log_command:Invoked command in '/home/subin/subin_ws/ADS_Mission_Normal/build/evaluation' returned '0': AMENT_PREFIX_PATH=/home/subin/subin_ws/ADS_Mission_Normal/install/ad_msgs:${AMENT_PREFIX_PATH} CMAKE_PREFIX_PATH=/home/subin/subin_ws/ADS_Mission_Normal/install/ad_msgs:/home/subin/subin_ws/Autonomous_Driving_Software_Final/install/simulator:/home/subin/subin_ws/Autonomous_Driving_Software_Final/install/mission_manager:/home/subin/subin_ws/Autonomous_Driving_Software_Final/install/evaluation:/home/subin/subin_ws/Autonomous_Driving_Software_Final/install/autonomous_driving:/home/subin/subin_ws/Autonomous_Driving_Software_Final/install/ad_msgs:/home/subin/subin_ws/ADS_Final_MissionHard/install/simulator:/home/subin/subin_ws/ADS_Final_MissionHard/install/mission_manager:/home/subin/subin_ws/ADS_Final_MissionHard/install/evaluation:/home/subin/subin_ws/ADS_Final_MissionHard/install/autonomous_driving:/home/subin/subin_ws/ADS_Final_MissionHard/install/ad_msgs:/opt/ros/humble LD_LIBRARY_PATH=/home/subin/subin_ws/ADS_Mission_Normal/install/ad_msgs/lib:${LD_LIBRARY_PATH} PYTHONPATH=/home/subin/subin_ws/ADS_Mission_Normal/install/ad_msgs/local/lib/python3.10/dist-packages:${PYTHONPATH} /usr/bin/cmake --build /home/subin/subin_ws/ADS_Mission_Normal/build/evaluation -- -j22 -l22
[39.719s] DEBUG:colcon.colcon_core.event_handler.log_command:Invoking command in '/home/subin/subin_ws/ADS_Mission_Normal/build/evaluation': AMENT_PREFIX_PATH=/home/subin/subin_ws/ADS_Mission_Normal/install/ad_msgs:${AMENT_PREFIX_PATH} CMAKE_PREFIX_PATH=/home/subin/subin_ws/ADS_Mission_Normal/install/ad_msgs:/home/subin/subin_ws/Autonomous_Driving_Software_Final/install/simulator:/home/subin/subin_ws/Autonomous_Driving_Software_Final/install/mission_manager:/home/subin/subin_ws/Autonomous_Driving_Software_Final/install/evaluation:/home/subin/subin_ws/Autonomous_Driving_Software_Final/install/autonomous_driving:/home/subin/subin_ws/Autonomous_Driving_Software_Final/install/ad_msgs:/home/subin/subin_ws/ADS_Final_MissionHard/install/simulator:/home/subin/subin_ws/ADS_Final_MissionHard/install/mission_manager:/home/subin/subin_ws/ADS_Final_MissionHard/install/evaluation:/home/subin/subin_ws/ADS_Final_MissionHard/install/autonomous_driving:/home/subin/subin_ws/ADS_Final_MissionHard/install/ad_msgs:/opt/ros/humble LD_LIBRARY_PATH=/home/subin/subin_ws/ADS_Mission_Normal/install/ad_msgs/lib:${LD_LIBRARY_PATH} PYTHONPATH=/home/subin/subin_ws/ADS_Mission_Normal/install/ad_msgs/local/lib/python3.10/dist-packages:${PYTHONPATH} /usr/bin/cmake --install /home/subin/subin_ws/ADS_Mission_Normal/build/evaluation
[39.747s] Level 1:colcon.colcon_core.environment:create_environment_scripts_only(evaluation)
[39.748s] Level 1:colcon.colcon_core.environment:checking '/home/subin/subin_ws/ADS_Mission_Normal/install/evaluation' for CMake module files
[39.749s] DEBUG:colcon.colcon_core.event_handler.log_command:Invoked command in '/home/subin/subin_ws/ADS_Mission_Normal/build/evaluation' returned '0': AMENT_PREFIX_PATH=/home/subin/subin_ws/ADS_Mission_Normal/install/ad_msgs:${AMENT_PREFIX_PATH} CMAKE_PREFIX_PATH=/home/subin/subin_ws/ADS_Mission_Normal/install/ad_msgs:/home/subin/subin_ws/Autonomous_Driving_Software_Final/install/simulator:/home/subin/subin_ws/Autonomous_Driving_Software_Final/install/mission_manager:/home/subin/subin_ws/Autonomous_Driving_Software_Final/install/evaluation:/home/subin/subin_ws/Autonomous_Driving_Software_Final/install/autonomous_driving:/home/subin/subin_ws/Autonomous_Driving_Software_Final/install/ad_msgs:/home/subin/subin_ws/ADS_Final_MissionHard/install/simulator:/home/subin/subin_ws/ADS_Final_MissionHard/install/mission_manager:/home/subin/subin_ws/ADS_Final_MissionHard/install/evaluation:/home/subin/subin_ws/ADS_Final_MissionHard/install/autonomous_driving:/home/subin/subin_ws/ADS_Final_MissionHard/install/ad_msgs:/opt/ros/humble LD_LIBRARY_PATH=/home/subin/subin_ws/ADS_Mission_Normal/install/ad_msgs/lib:${LD_LIBRARY_PATH} PYTHONPATH=/home/subin/subin_ws/ADS_Mission_Normal/install/ad_msgs/local/lib/python3.10/dist-packages:${PYTHONPATH} /usr/bin/cmake --install /home/subin/subin_ws/ADS_Mission_Normal/build/evaluation
[39.749s] Level 1:colcon.colcon_core.environment:checking '/home/subin/subin_ws/ADS_Mission_Normal/install/evaluation' for CMake config files
[39.750s] Level 1:colcon.colcon_core.shell:create_environment_hook('evaluation', 'cmake_prefix_path')
[39.750s] INFO:colcon.colcon_core.shell:Creating environment hook '/home/subin/subin_ws/ADS_Mission_Normal/install/evaluation/share/evaluation/hook/cmake_prefix_path.ps1'
[39.751s] INFO:colcon.colcon_core.shell:Creating environment descriptor '/home/subin/subin_ws/ADS_Mission_Normal/install/evaluation/share/evaluation/hook/cmake_prefix_path.dsv'
[39.752s] INFO:colcon.colcon_core.shell:Creating environment hook '/home/subin/subin_ws/ADS_Mission_Normal/install/evaluation/share/evaluation/hook/cmake_prefix_path.sh'
[39.753s] Level 1:colcon.colcon_core.environment:checking '/home/subin/subin_ws/ADS_Mission_Normal/install/evaluation/lib'
[39.753s] Level 1:colcon.colcon_core.environment:checking '/home/subin/subin_ws/ADS_Mission_Normal/install/evaluation/bin'
[39.754s] Level 1:colcon.colcon_core.environment:checking '/home/subin/subin_ws/ADS_Mission_Normal/install/evaluation/lib/pkgconfig/evaluation.pc'
[39.755s] Level 1:colcon.colcon_core.environment:checking '/home/subin/subin_ws/ADS_Mission_Normal/install/evaluation/lib/python3.10/site-packages'
[39.755s] Level 1:colcon.colcon_core.environment:checking '/home/subin/subin_ws/ADS_Mission_Normal/install/evaluation/bin'
[39.756s] INFO:colcon.colcon_core.shell:Creating package script '/home/subin/subin_ws/ADS_Mission_Normal/install/evaluation/share/evaluation/package.ps1'
[39.756s] INFO:colcon.colcon_core.shell:Creating package descriptor '/home/subin/subin_ws/ADS_Mission_Normal/install/evaluation/share/evaluation/package.dsv'
[39.757s] INFO:colcon.colcon_core.shell:Creating package script '/home/subin/subin_ws/ADS_Mission_Normal/install/evaluation/share/evaluation/package.sh'
[39.758s] INFO:colcon.colcon_core.shell:Creating package script '/home/subin/subin_ws/ADS_Mission_Normal/install/evaluation/share/evaluation/package.bash'
[39.759s] INFO:colcon.colcon_core.shell:Creating package script '/home/subin/subin_ws/ADS_Mission_Normal/install/evaluation/share/evaluation/package.zsh'
[39.760s] Level 1:colcon.colcon_core.environment:create_file_with_runtime_dependencies(/home/subin/subin_ws/ADS_Mission_Normal/install/evaluation/share/colcon-core/packages/evaluation)
[39.762s] Level 1:colcon.colcon_core.environment:create_environment_scripts_only(evaluation)
[39.762s] Level 1:colcon.colcon_core.environment:checking '/home/subin/subin_ws/ADS_Mission_Normal/install/evaluation' for CMake module files
[39.763s] Level 1:colcon.colcon_core.environment:checking '/home/subin/subin_ws/ADS_Mission_Normal/install/evaluation' for CMake config files
[39.763s] Level 1:colcon.colcon_core.shell:create_environment_hook('evaluation', 'cmake_prefix_path')
[39.763s] INFO:colcon.colcon_core.shell:Creating environment hook '/home/subin/subin_ws/ADS_Mission_Normal/install/evaluation/share/evaluation/hook/cmake_prefix_path.ps1'
[39.765s] INFO:colcon.colcon_core.shell:Creating environment descriptor '/home/subin/subin_ws/ADS_Mission_Normal/install/evaluation/share/evaluation/hook/cmake_prefix_path.dsv'
[39.765s] INFO:colcon.colcon_core.shell:Creating environment hook '/home/subin/subin_ws/ADS_Mission_Normal/install/evaluation/share/evaluation/hook/cmake_prefix_path.sh'
[39.766s] Level 1:colcon.colcon_core.environment:checking '/home/subin/subin_ws/ADS_Mission_Normal/install/evaluation/lib'
[39.766s] Level 1:colcon.colcon_core.environment:checking '/home/subin/subin_ws/ADS_Mission_Normal/install/evaluation/bin'
[39.767s] Level 1:colcon.colcon_core.environment:checking '/home/subin/subin_ws/ADS_Mission_Normal/install/evaluation/lib/pkgconfig/evaluation.pc'
[39.767s] Level 1:colcon.colcon_core.environment:checking '/home/subin/subin_ws/ADS_Mission_Normal/install/evaluation/lib/python3.10/site-packages'
[39.767s] Level 1:colcon.colcon_core.environment:checking '/home/subin/subin_ws/ADS_Mission_Normal/install/evaluation/bin'
[39.768s] INFO:colcon.colcon_core.shell:Creating package script '/home/subin/subin_ws/ADS_Mission_Normal/install/evaluation/share/evaluation/package.ps1'
[39.769s] INFO:colcon.colcon_core.shell:Creating package descriptor '/home/subin/subin_ws/ADS_Mission_Normal/install/evaluation/share/evaluation/package.dsv'
[39.771s] INFO:colcon.colcon_core.shell:Creating package script '/home/subin/subin_ws/ADS_Mission_Normal/install/evaluation/share/evaluation/package.sh'
[39.772s] INFO:colcon.colcon_core.shell:Creating package script '/home/subin/subin_ws/ADS_Mission_Normal/install/evaluation/share/evaluation/package.bash'
[39.773s] INFO:colcon.colcon_core.shell:Creating package script '/home/subin/subin_ws/ADS_Mission_Normal/install/evaluation/share/evaluation/package.zsh'
[39.774s] Level 1:colcon.colcon_core.environment:create_file_with_runtime_dependencies(/home/subin/subin_ws/ADS_Mission_Normal/install/evaluation/share/colcon-core/packages/evaluation)
[41.871s] DEBUG:colcon.colcon_core.event_handler.log_command:Invoked command in '/home/subin/subin_ws/ADS_Mission_Normal/build/mission_manager' returned '0': AMENT_PREFIX_PATH=/home/subin/subin_ws/ADS_Mission_Normal/install/ad_msgs:${AMENT_PREFIX_PATH} CMAKE_PREFIX_PATH=/home/subin/subin_ws/ADS_Mission_Normal/install/ad_msgs:/home/subin/subin_ws/Autonomous_Driving_Software_Final/install/simulator:/home/subin/subin_ws/Autonomous_Driving_Software_Final/install/mission_manager:/home/subin/subin_ws/Autonomous_Driving_Software_Final/install/evaluation:/home/subin/subin_ws/Autonomous_Driving_Software_Final/install/autonomous_driving:/home/subin/subin_ws/Autonomous_Driving_Software_Final/install/ad_msgs:/home/subin/subin_ws/ADS_Final_MissionHard/install/simulator:/home/subin/subin_ws/ADS_Final_MissionHard/install/mission_manager:/home/subin/subin_ws/ADS_Final_MissionHard/install/evaluation:/home/subin/subin_ws/ADS_Final_MissionHard/install/autonomous_driving:/home/subin/subin_ws/ADS_Final_MissionHard/install/ad_msgs:/opt/ros/humble LD_LIBRARY_PATH=/home/subin/subin_ws/ADS_Mission_Normal/install/ad_msgs/lib:${LD_LIBRARY_PATH} PYTHONPATH=/home/subin/subin_ws/ADS_Mission_Normal/install/ad_msgs/local/lib/python3.10/dist-packages:${PYTHONPATH} /usr/bin/cmake --build /home/subin/subin_ws/ADS_Mission_Normal/build/mission_manager -- -j22 -l22
[41.873s] DEBUG:colcon.colcon_core.event_handler.log_command:Invoking command in '/home/subin/subin_ws/ADS_Mission_Normal/build/mission_manager': AMENT_PREFIX_PATH=/home/subin/subin_ws/ADS_Mission_Normal/install/ad_msgs:${AMENT_PREFIX_PATH} CMAKE_PREFIX_PATH=/home/subin/subin_ws/ADS_Mission_Normal/install/ad_msgs:/home/subin/subin_ws/Autonomous_Driving_Software_Final/install/simulator:/home/subin/subin_ws/Autonomous_Driving_Software_Final/install/mission_manager:/home/subin/subin_ws/Autonomous_Driving_Software_Final/install/evaluation:/home/subin/subin_ws/Autonomous_Driving_Software_Final/install/autonomous_driving:/home/subin/subin_ws/Autonomous_Driving_Software_Final/install/ad_msgs:/home/subin/subin_ws/ADS_Final_MissionHard/install/simulator:/home/subin/subin_ws/ADS_Final_MissionHard/install/mission_manager:/home/subin/subin_ws/ADS_Final_MissionHard/install/evaluation:/home/subin/subin_ws/ADS_Final_MissionHard/install/autonomous_driving:/home/subin/subin_ws/ADS_Final_MissionHard/install/ad_msgs:/opt/ros/humble LD_LIBRARY_PATH=/home/subin/subin_ws/ADS_Mission_Normal/install/ad_msgs/lib:${LD_LIBRARY_PATH} PYTHONPATH=/home/subin/subin_ws/ADS_Mission_Normal/install/ad_msgs/local/lib/python3.10/dist-packages:${PYTHONPATH} /usr/bin/cmake --install /home/subin/subin_ws/ADS_Mission_Normal/build/mission_manager
[41.892s] Level 1:colcon.colcon_core.environment:create_environment_scripts_only(mission_manager)
[41.893s] Level 1:colcon.colcon_core.environment:checking '/home/subin/subin_ws/ADS_Mission_Normal/install/mission_manager' for CMake module files
[41.894s] DEBUG:colcon.colcon_core.event_handler.log_command:Invoked command in '/home/subin/subin_ws/ADS_Mission_Normal/build/mission_manager' returned '0': AMENT_PREFIX_PATH=/home/subin/subin_ws/ADS_Mission_Normal/install/ad_msgs:${AMENT_PREFIX_PATH} CMAKE_PREFIX_PATH=/home/subin/subin_ws/ADS_Mission_Normal/install/ad_msgs:/home/subin/subin_ws/Autonomous_Driving_Software_Final/install/simulator:/home/subin/subin_ws/Autonomous_Driving_Software_Final/install/mission_manager:/home/subin/subin_ws/Autonomous_Driving_Software_Final/install/evaluation:/home/subin/subin_ws/Autonomous_Driving_Software_Final/install/autonomous_driving:/home/subin/subin_ws/Autonomous_Driving_Software_Final/install/ad_msgs:/home/subin/subin_ws/ADS_Final_MissionHard/install/simulator:/home/subin/subin_ws/ADS_Final_MissionHard/install/mission_manager:/home/subin/subin_ws/ADS_Final_MissionHard/install/evaluation:/home/subin/subin_ws/ADS_Final_MissionHard/install/autonomous_driving:/home/subin/subin_ws/ADS_Final_MissionHard/install/ad_msgs:/opt/ros/humble LD_LIBRARY_PATH=/home/subin/subin_ws/ADS_Mission_Normal/install/ad_msgs/lib:${LD_LIBRARY_PATH} PYTHONPATH=/home/subin/subin_ws/ADS_Mission_Normal/install/ad_msgs/local/lib/python3.10/dist-packages:${PYTHONPATH} /usr/bin/cmake --install /home/subin/subin_ws/ADS_Mission_Normal/build/mission_manager
[41.895s] Level 1:colcon.colcon_core.environment:checking '/home/subin/subin_ws/ADS_Mission_Normal/install/mission_manager' for CMake config files
[41.895s] Level 1:colcon.colcon_core.shell:create_environment_hook('mission_manager', 'cmake_prefix_path')
[41.895s] INFO:colcon.colcon_core.shell:Creating environment hook '/home/subin/subin_ws/ADS_Mission_Normal/install/mission_manager/share/mission_manager/hook/cmake_prefix_path.ps1'
[41.896s] INFO:colcon.colcon_core.shell:Creating environment descriptor '/home/subin/subin_ws/ADS_Mission_Normal/install/mission_manager/share/mission_manager/hook/cmake_prefix_path.dsv'
[41.896s] INFO:colcon.colcon_core.shell:Creating environment hook '/home/subin/subin_ws/ADS_Mission_Normal/install/mission_manager/share/mission_manager/hook/cmake_prefix_path.sh'
[41.897s] Level 1:colcon.colcon_core.environment:checking '/home/subin/subin_ws/ADS_Mission_Normal/install/mission_manager/lib'
[41.897s] Level 1:colcon.colcon_core.environment:checking '/home/subin/subin_ws/ADS_Mission_Normal/install/mission_manager/bin'
[41.897s] Level 1:colcon.colcon_core.environment:checking '/home/subin/subin_ws/ADS_Mission_Normal/install/mission_manager/lib/pkgconfig/mission_manager.pc'
[41.897s] Level 1:colcon.colcon_core.environment:checking '/home/subin/subin_ws/ADS_Mission_Normal/install/mission_manager/lib/python3.10/site-packages'
[41.897s] Level 1:colcon.colcon_core.environment:checking '/home/subin/subin_ws/ADS_Mission_Normal/install/mission_manager/bin'
[41.898s] INFO:colcon.colcon_core.shell:Creating package script '/home/subin/subin_ws/ADS_Mission_Normal/install/mission_manager/share/mission_manager/package.ps1'
[41.898s] INFO:colcon.colcon_core.shell:Creating package descriptor '/home/subin/subin_ws/ADS_Mission_Normal/install/mission_manager/share/mission_manager/package.dsv'
[41.899s] INFO:colcon.colcon_core.shell:Creating package script '/home/subin/subin_ws/ADS_Mission_Normal/install/mission_manager/share/mission_manager/package.sh'
[41.900s] INFO:colcon.colcon_core.shell:Creating package script '/home/subin/subin_ws/ADS_Mission_Normal/install/mission_manager/share/mission_manager/package.bash'
[41.901s] INFO:colcon.colcon_core.shell:Creating package script '/home/subin/subin_ws/ADS_Mission_Normal/install/mission_manager/share/mission_manager/package.zsh'
[41.901s] Level 1:colcon.colcon_core.environment:create_file_with_runtime_dependencies(/home/subin/subin_ws/ADS_Mission_Normal/install/mission_manager/share/colcon-core/packages/mission_manager)
[41.902s] Level 1:colcon.colcon_core.environment:create_environment_scripts_only(mission_manager)
[41.903s] Level 1:colcon.colcon_core.environment:checking '/home/subin/subin_ws/ADS_Mission_Normal/install/mission_manager' for CMake module files
[41.903s] Level 1:colcon.colcon_core.environment:checking '/home/subin/subin_ws/ADS_Mission_Normal/install/mission_manager' for CMake config files
[41.903s] Level 1:colcon.colcon_core.shell:create_environment_hook('mission_manager', 'cmake_prefix_path')
[41.903s] INFO:colcon.colcon_core.shell:Creating environment hook '/home/subin/subin_ws/ADS_Mission_Normal/install/mission_manager/share/mission_manager/hook/cmake_prefix_path.ps1'
[41.904s] INFO:colcon.colcon_core.shell:Creating environment descriptor '/home/subin/subin_ws/ADS_Mission_Normal/install/mission_manager/share/mission_manager/hook/cmake_prefix_path.dsv'
[41.904s] INFO:colcon.colcon_core.shell:Creating environment hook '/home/subin/subin_ws/ADS_Mission_Normal/install/mission_manager/share/mission_manager/hook/cmake_prefix_path.sh'
[41.905s] Level 1:colcon.colcon_core.environment:checking '/home/subin/subin_ws/ADS_Mission_Normal/install/mission_manager/lib'
[41.905s] Level 1:colcon.colcon_core.environment:checking '/home/subin/subin_ws/ADS_Mission_Normal/install/mission_manager/bin'
[41.905s] Level 1:colcon.colcon_core.environment:checking '/home/subin/subin_ws/ADS_Mission_Normal/install/mission_manager/lib/pkgconfig/mission_manager.pc'
[41.905s] Level 1:colcon.colcon_core.environment:checking '/home/subin/subin_ws/ADS_Mission_Normal/install/mission_manager/lib/python3.10/site-packages'
[41.906s] Level 1:colcon.colcon_core.environment:checking '/home/subin/subin_ws/ADS_Mission_Normal/install/mission_manager/bin'
[41.906s] INFO:colcon.colcon_core.shell:Creating package script '/home/subin/subin_ws/ADS_Mission_Normal/install/mission_manager/share/mission_manager/package.ps1'
[41.906s] INFO:colcon.colcon_core.shell:Creating package descriptor '/home/subin/subin_ws/ADS_Mission_Normal/install/mission_manager/share/mission_manager/package.dsv'
[41.907s] INFO:colcon.colcon_core.shell:Creating package script '/home/subin/subin_ws/ADS_Mission_Normal/install/mission_manager/share/mission_manager/package.sh'
[41.907s] INFO:colcon.colcon_core.shell:Creating package script '/home/subin/subin_ws/ADS_Mission_Normal/install/mission_manager/share/mission_manager/package.bash'
[41.908s] INFO:colcon.colcon_core.shell:Creating package script '/home/subin/subin_ws/ADS_Mission_Normal/install/mission_manager/share/mission_manager/package.zsh'
[41.908s] Level 1:colcon.colcon_core.environment:create_file_with_runtime_dependencies(/home/subin/subin_ws/ADS_Mission_Normal/install/mission_manager/share/colcon-core/packages/mission_manager)
[54.232s] DEBUG:colcon.colcon_core.event_handler.log_command:Invoked command in '/home/subin/subin_ws/ADS_Mission_Normal/build/simulator' returned '0': AMENT_PREFIX_PATH=/home/subin/subin_ws/ADS_Mission_Normal/install/ad_msgs:${AMENT_PREFIX_PATH} CMAKE_PREFIX_PATH=/home/subin/subin_ws/ADS_Mission_Normal/install/ad_msgs:/home/subin/subin_ws/Autonomous_Driving_Software_Final/install/simulator:/home/subin/subin_ws/Autonomous_Driving_Software_Final/install/mission_manager:/home/subin/subin_ws/Autonomous_Driving_Software_Final/install/evaluation:/home/subin/subin_ws/Autonomous_Driving_Software_Final/install/autonomous_driving:/home/subin/subin_ws/Autonomous_Driving_Software_Final/install/ad_msgs:/home/subin/subin_ws/ADS_Final_MissionHard/install/simulator:/home/subin/subin_ws/ADS_Final_MissionHard/install/mission_manager:/home/subin/subin_ws/ADS_Final_MissionHard/install/evaluation:/home/subin/subin_ws/ADS_Final_MissionHard/install/autonomous_driving:/home/subin/subin_ws/ADS_Final_MissionHard/install/ad_msgs:/opt/ros/humble LD_LIBRARY_PATH=/home/subin/subin_ws/ADS_Mission_Normal/install/ad_msgs/lib:${LD_LIBRARY_PATH} PYTHONPATH=/home/subin/subin_ws/ADS_Mission_Normal/install/ad_msgs/local/lib/python3.10/dist-packages:${PYTHONPATH} /usr/bin/cmake --build /home/subin/subin_ws/ADS_Mission_Normal/build/simulator -- -j22 -l22
[54.233s] DEBUG:colcon.colcon_core.event_handler.log_command:Invoking command in '/home/subin/subin_ws/ADS_Mission_Normal/build/simulator': AMENT_PREFIX_PATH=/home/subin/subin_ws/ADS_Mission_Normal/install/ad_msgs:${AMENT_PREFIX_PATH} CMAKE_PREFIX_PATH=/home/subin/subin_ws/ADS_Mission_Normal/install/ad_msgs:/home/subin/subin_ws/Autonomous_Driving_Software_Final/install/simulator:/home/subin/subin_ws/Autonomous_Driving_Software_Final/install/mission_manager:/home/subin/subin_ws/Autonomous_Driving_Software_Final/install/evaluation:/home/subin/subin_ws/Autonomous_Driving_Software_Final/install/autonomous_driving:/home/subin/subin_ws/Autonomous_Driving_Software_Final/install/ad_msgs:/home/subin/subin_ws/ADS_Final_MissionHard/install/simulator:/home/subin/subin_ws/ADS_Final_MissionHard/install/mission_manager:/home/subin/subin_ws/ADS_Final_MissionHard/install/evaluation:/home/subin/subin_ws/ADS_Final_MissionHard/install/autonomous_driving:/home/subin/subin_ws/ADS_Final_MissionHard/install/ad_msgs:/opt/ros/humble LD_LIBRARY_PATH=/home/subin/subin_ws/ADS_Mission_Normal/install/ad_msgs/lib:${LD_LIBRARY_PATH} PYTHONPATH=/home/subin/subin_ws/ADS_Mission_Normal/install/ad_msgs/local/lib/python3.10/dist-packages:${PYTHONPATH} /usr/bin/cmake --install /home/subin/subin_ws/ADS_Mission_Normal/build/simulator
[54.262s] Level 1:colcon.colcon_core.environment:create_environment_scripts_only(simulator)
[54.262s] Level 1:colcon.colcon_core.environment:checking '/home/subin/subin_ws/ADS_Mission_Normal/install/simulator' for CMake module files
[54.263s] DEBUG:colcon.colcon_core.event_handler.log_command:Invoked command in '/home/subin/subin_ws/ADS_Mission_Normal/build/simulator' returned '0': AMENT_PREFIX_PATH=/home/subin/subin_ws/ADS_Mission_Normal/install/ad_msgs:${AMENT_PREFIX_PATH} CMAKE_PREFIX_PATH=/home/subin/subin_ws/ADS_Mission_Normal/install/ad_msgs:/home/subin/subin_ws/Autonomous_Driving_Software_Final/install/simulator:/home/subin/subin_ws/Autonomous_Driving_Software_Final/install/mission_manager:/home/subin/subin_ws/Autonomous_Driving_Software_Final/install/evaluation:/home/subin/subin_ws/Autonomous_Driving_Software_Final/install/autonomous_driving:/home/subin/subin_ws/Autonomous_Driving_Software_Final/install/ad_msgs:/home/subin/subin_ws/ADS_Final_MissionHard/install/simulator:/home/subin/subin_ws/ADS_Final_MissionHard/install/mission_manager:/home/subin/subin_ws/ADS_Final_MissionHard/install/evaluation:/home/subin/subin_ws/ADS_Final_MissionHard/install/autonomous_driving:/home/subin/subin_ws/ADS_Final_MissionHard/install/ad_msgs:/opt/ros/humble LD_LIBRARY_PATH=/home/subin/subin_ws/ADS_Mission_Normal/install/ad_msgs/lib:${LD_LIBRARY_PATH} PYTHONPATH=/home/subin/subin_ws/ADS_Mission_Normal/install/ad_msgs/local/lib/python3.10/dist-packages:${PYTHONPATH} /usr/bin/cmake --install /home/subin/subin_ws/ADS_Mission_Normal/build/simulator
[54.263s] Level 1:colcon.colcon_core.environment:checking '/home/subin/subin_ws/ADS_Mission_Normal/install/simulator' for CMake config files
[54.263s] Level 1:colcon.colcon_core.shell:create_environment_hook('simulator', 'cmake_prefix_path')
[54.263s] INFO:colcon.colcon_core.shell:Creating environment hook '/home/subin/subin_ws/ADS_Mission_Normal/install/simulator/share/simulator/hook/cmake_prefix_path.ps1'
[54.264s] INFO:colcon.colcon_core.shell:Creating environment descriptor '/home/subin/subin_ws/ADS_Mission_Normal/install/simulator/share/simulator/hook/cmake_prefix_path.dsv'
[54.264s] INFO:colcon.colcon_core.shell:Creating environment hook '/home/subin/subin_ws/ADS_Mission_Normal/install/simulator/share/simulator/hook/cmake_prefix_path.sh'
[54.265s] Level 1:colcon.colcon_core.environment:checking '/home/subin/subin_ws/ADS_Mission_Normal/install/simulator/lib'
[54.265s] Level 1:colcon.colcon_core.environment:checking '/home/subin/subin_ws/ADS_Mission_Normal/install/simulator/bin'
[54.265s] Level 1:colcon.colcon_core.environment:checking '/home/subin/subin_ws/ADS_Mission_Normal/install/simulator/lib/pkgconfig/simulator.pc'
[54.266s] Level 1:colcon.colcon_core.environment:checking '/home/subin/subin_ws/ADS_Mission_Normal/install/simulator/lib/python3.10/site-packages'
[54.266s] Level 1:colcon.colcon_core.environment:checking '/home/subin/subin_ws/ADS_Mission_Normal/install/simulator/bin'
[54.266s] INFO:colcon.colcon_core.shell:Creating package script '/home/subin/subin_ws/ADS_Mission_Normal/install/simulator/share/simulator/package.ps1'
[54.267s] INFO:colcon.colcon_core.shell:Creating package descriptor '/home/subin/subin_ws/ADS_Mission_Normal/install/simulator/share/simulator/package.dsv'
[54.267s] INFO:colcon.colcon_core.shell:Creating package script '/home/subin/subin_ws/ADS_Mission_Normal/install/simulator/share/simulator/package.sh'
[54.267s] INFO:colcon.colcon_core.shell:Creating package script '/home/subin/subin_ws/ADS_Mission_Normal/install/simulator/share/simulator/package.bash'
[54.268s] INFO:colcon.colcon_core.shell:Creating package script '/home/subin/subin_ws/ADS_Mission_Normal/install/simulator/share/simulator/package.zsh'
[54.268s] Level 1:colcon.colcon_core.environment:create_file_with_runtime_dependencies(/home/subin/subin_ws/ADS_Mission_Normal/install/simulator/share/colcon-core/packages/simulator)
[54.269s] Level 1:colcon.colcon_core.environment:create_environment_scripts_only(simulator)
[54.269s] Level 1:colcon.colcon_core.environment:checking '/home/subin/subin_ws/ADS_Mission_Normal/install/simulator' for CMake module files
[54.269s] Level 1:colcon.colcon_core.environment:checking '/home/subin/subin_ws/ADS_Mission_Normal/install/simulator' for CMake config files
[54.270s] Level 1:colcon.colcon_core.shell:create_environment_hook('simulator', 'cmake_prefix_path')
[54.270s] INFO:colcon.colcon_core.shell:Creating environment hook '/home/subin/subin_ws/ADS_Mission_Normal/install/simulator/share/simulator/hook/cmake_prefix_path.ps1'
[54.270s] INFO:colcon.colcon_core.shell:Creating environment descriptor '/home/subin/subin_ws/ADS_Mission_Normal/install/simulator/share/simulator/hook/cmake_prefix_path.dsv'
[54.271s] INFO:colcon.colcon_core.shell:Creating environment hook '/home/subin/subin_ws/ADS_Mission_Normal/install/simulator/share/simulator/hook/cmake_prefix_path.sh'
[54.271s] Level 1:colcon.colcon_core.environment:checking '/home/subin/subin_ws/ADS_Mission_Normal/install/simulator/lib'
[54.271s] Level 1:colcon.colcon_core.environment:checking '/home/subin/subin_ws/ADS_Mission_Normal/install/simulator/bin'
[54.271s] Level 1:colcon.colcon_core.environment:checking '/home/subin/subin_ws/ADS_Mission_Normal/install/simulator/lib/pkgconfig/simulator.pc'
[54.272s] Level 1:colcon.colcon_core.environment:checking '/home/subin/subin_ws/ADS_Mission_Normal/install/simulator/lib/python3.10/site-packages'
[54.272s] Level 1:colcon.colcon_core.environment:checking '/home/subin/subin_ws/ADS_Mission_Normal/install/simulator/bin'
[54.272s] INFO:colcon.colcon_core.shell:Creating package script '/home/subin/subin_ws/ADS_Mission_Normal/install/simulator/share/simulator/package.ps1'
[54.273s] INFO:colcon.colcon_core.shell:Creating package descriptor '/home/subin/subin_ws/ADS_Mission_Normal/install/simulator/share/simulator/package.dsv'
[54.274s] INFO:colcon.colcon_core.shell:Creating package script '/home/subin/subin_ws/ADS_Mission_Normal/install/simulator/share/simulator/package.sh'
[54.274s] INFO:colcon.colcon_core.shell:Creating package script '/home/subin/subin_ws/ADS_Mission_Normal/install/simulator/share/simulator/package.bash'
[54.275s] INFO:colcon.colcon_core.shell:Creating package script '/home/subin/subin_ws/ADS_Mission_Normal/install/simulator/share/simulator/package.zsh'
[54.275s] Level 1:colcon.colcon_core.environment:create_file_with_runtime_dependencies(/home/subin/subin_ws/ADS_Mission_Normal/install/simulator/share/colcon-core/packages/simulator)
[56.982s] DEBUG:colcon.colcon_core.event_handler.log_command:Invoked command in '/home/subin/subin_ws/ADS_Mission_Normal/build/autonomous_driving' returned '0': AMENT_PREFIX_PATH=/home/subin/subin_ws/ADS_Mission_Normal/install/ad_msgs:${AMENT_PREFIX_PATH} CMAKE_PREFIX_PATH=/home/subin/subin_ws/ADS_Mission_Normal/install/ad_msgs:/home/subin/subin_ws/Autonomous_Driving_Software_Final/install/simulator:/home/subin/subin_ws/Autonomous_Driving_Software_Final/install/mission_manager:/home/subin/subin_ws/Autonomous_Driving_Software_Final/install/evaluation:/home/subin/subin_ws/Autonomous_Driving_Software_Final/install/autonomous_driving:/home/subin/subin_ws/Autonomous_Driving_Software_Final/install/ad_msgs:/home/subin/subin_ws/ADS_Final_MissionHard/install/simulator:/home/subin/subin_ws/ADS_Final_MissionHard/install/mission_manager:/home/subin/subin_ws/ADS_Final_MissionHard/install/evaluation:/home/subin/subin_ws/ADS_Final_MissionHard/install/autonomous_driving:/home/subin/subin_ws/ADS_Final_MissionHard/install/ad_msgs:/opt/ros/humble LD_LIBRARY_PATH=/home/subin/subin_ws/ADS_Mission_Normal/install/ad_msgs/lib:${LD_LIBRARY_PATH} PYTHONPATH=/home/subin/subin_ws/ADS_Mission_Normal/install/ad_msgs/local/lib/python3.10/dist-packages:${PYTHONPATH} /usr/bin/cmake --build /home/subin/subin_ws/ADS_Mission_Normal/build/autonomous_driving -- -j22 -l22
[56.985s] DEBUG:colcon.colcon_core.event_handler.log_command:Invoking command in '/home/subin/subin_ws/ADS_Mission_Normal/build/autonomous_driving': AMENT_PREFIX_PATH=/home/subin/subin_ws/ADS_Mission_Normal/install/ad_msgs:${AMENT_PREFIX_PATH} CMAKE_PREFIX_PATH=/home/subin/subin_ws/ADS_Mission_Normal/install/ad_msgs:/home/subin/subin_ws/Autonomous_Driving_Software_Final/install/simulator:/home/subin/subin_ws/Autonomous_Driving_Software_Final/install/mission_manager:/home/subin/subin_ws/Autonomous_Driving_Software_Final/install/evaluation:/home/subin/subin_ws/Autonomous_Driving_Software_Final/install/autonomous_driving:/home/subin/subin_ws/Autonomous_Driving_Software_Final/install/ad_msgs:/home/subin/subin_ws/ADS_Final_MissionHard/install/simulator:/home/subin/subin_ws/ADS_Final_MissionHard/install/mission_manager:/home/subin/subin_ws/ADS_Final_MissionHard/install/evaluation:/home/subin/subin_ws/ADS_Final_MissionHard/install/autonomous_driving:/home/subin/subin_ws/ADS_Final_MissionHard/install/ad_msgs:/opt/ros/humble LD_LIBRARY_PATH=/home/subin/subin_ws/ADS_Mission_Normal/install/ad_msgs/lib:${LD_LIBRARY_PATH} PYTHONPATH=/home/subin/subin_ws/ADS_Mission_Normal/install/ad_msgs/local/lib/python3.10/dist-packages:${PYTHONPATH} /usr/bin/cmake --install /home/subin/subin_ws/ADS_Mission_Normal/build/autonomous_driving
[57.021s] Level 1:colcon.colcon_core.environment:create_environment_scripts_only(autonomous_driving)
[57.022s] Level 1:colcon.colcon_core.environment:checking '/home/subin/subin_ws/ADS_Mission_Normal/install/autonomous_driving' for CMake module files
[57.023s] DEBUG:colcon.colcon_core.event_handler.log_command:Invoked command in '/home/subin/subin_ws/ADS_Mission_Normal/build/autonomous_driving' returned '0': AMENT_PREFIX_PATH=/home/subin/subin_ws/ADS_Mission_Normal/install/ad_msgs:${AMENT_PREFIX_PATH} CMAKE_PREFIX_PATH=/home/subin/subin_ws/ADS_Mission_Normal/install/ad_msgs:/home/subin/subin_ws/Autonomous_Driving_Software_Final/install/simulator:/home/subin/subin_ws/Autonomous_Driving_Software_Final/install/mission_manager:/home/subin/subin_ws/Autonomous_Driving_Software_Final/install/evaluation:/home/subin/subin_ws/Autonomous_Driving_Software_Final/install/autonomous_driving:/home/subin/subin_ws/Autonomous_Driving_Software_Final/install/ad_msgs:/home/subin/subin_ws/ADS_Final_MissionHard/install/simulator:/home/subin/subin_ws/ADS_Final_MissionHard/install/mission_manager:/home/subin/subin_ws/ADS_Final_MissionHard/install/evaluation:/home/subin/subin_ws/ADS_Final_MissionHard/install/autonomous_driving:/home/subin/subin_ws/ADS_Final_MissionHard/install/ad_msgs:/opt/ros/humble LD_LIBRARY_PATH=/home/subin/subin_ws/ADS_Mission_Normal/install/ad_msgs/lib:${LD_LIBRARY_PATH} PYTHONPATH=/home/subin/subin_ws/ADS_Mission_Normal/install/ad_msgs/local/lib/python3.10/dist-packages:${PYTHONPATH} /usr/bin/cmake --install /home/subin/subin_ws/ADS_Mission_Normal/build/autonomous_driving
[57.023s] Level 1:colcon.colcon_core.environment:checking '/home/subin/subin_ws/ADS_Mission_Normal/install/autonomous_driving' for CMake config files
[57.023s] Level 1:colcon.colcon_core.shell:create_environment_hook('autonomous_driving', 'cmake_prefix_path')
[57.023s] INFO:colcon.colcon_core.shell:Creating environment hook '/home/subin/subin_ws/ADS_Mission_Normal/install/autonomous_driving/share/autonomous_driving/hook/cmake_prefix_path.ps1'
[57.024s] INFO:colcon.colcon_core.shell:Creating environment descriptor '/home/subin/subin_ws/ADS_Mission_Normal/install/autonomous_driving/share/autonomous_driving/hook/cmake_prefix_path.dsv'
[57.024s] INFO:colcon.colcon_core.shell:Creating environment hook '/home/subin/subin_ws/ADS_Mission_Normal/install/autonomous_driving/share/autonomous_driving/hook/cmake_prefix_path.sh'
[57.025s] Level 1:colcon.colcon_core.environment:checking '/home/subin/subin_ws/ADS_Mission_Normal/install/autonomous_driving/lib'
[57.025s] Level 1:colcon.colcon_core.environment:checking '/home/subin/subin_ws/ADS_Mission_Normal/install/autonomous_driving/bin'
[57.025s] Level 1:colcon.colcon_core.environment:checking '/home/subin/subin_ws/ADS_Mission_Normal/install/autonomous_driving/lib/pkgconfig/autonomous_driving.pc'
[57.025s] Level 1:colcon.colcon_core.environment:checking '/home/subin/subin_ws/ADS_Mission_Normal/install/autonomous_driving/lib/python3.10/site-packages'
[57.025s] Level 1:colcon.colcon_core.environment:checking '/home/subin/subin_ws/ADS_Mission_Normal/install/autonomous_driving/bin'
[57.025s] INFO:colcon.colcon_core.shell:Creating package script '/home/subin/subin_ws/ADS_Mission_Normal/install/autonomous_driving/share/autonomous_driving/package.ps1'
[57.026s] INFO:colcon.colcon_core.shell:Creating package descriptor '/home/subin/subin_ws/ADS_Mission_Normal/install/autonomous_driving/share/autonomous_driving/package.dsv'
[57.026s] INFO:colcon.colcon_core.shell:Creating package script '/home/subin/subin_ws/ADS_Mission_Normal/install/autonomous_driving/share/autonomous_driving/package.sh'
[57.026s] INFO:colcon.colcon_core.shell:Creating package script '/home/subin/subin_ws/ADS_Mission_Normal/install/autonomous_driving/share/autonomous_driving/package.bash'
[57.027s] INFO:colcon.colcon_core.shell:Creating package script '/home/subin/subin_ws/ADS_Mission_Normal/install/autonomous_driving/share/autonomous_driving/package.zsh'
[57.027s] Level 1:colcon.colcon_core.environment:create_file_with_runtime_dependencies(/home/subin/subin_ws/ADS_Mission_Normal/install/autonomous_driving/share/colcon-core/packages/autonomous_driving)
[57.027s] Level 1:colcon.colcon_core.environment:create_environment_scripts_only(autonomous_driving)
[57.028s] Level 1:colcon.colcon_core.environment:checking '/home/subin/subin_ws/ADS_Mission_Normal/install/autonomous_driving' for CMake module files
[57.028s] Level 1:colcon.colcon_core.environment:checking '/home/subin/subin_ws/ADS_Mission_Normal/install/autonomous_driving' for CMake config files
[57.028s] Level 1:colcon.colcon_core.shell:create_environment_hook('autonomous_driving', 'cmake_prefix_path')
[57.028s] INFO:colcon.colcon_core.shell:Creating environment hook '/home/subin/subin_ws/ADS_Mission_Normal/install/autonomous_driving/share/autonomous_driving/hook/cmake_prefix_path.ps1'
[57.028s] INFO:colcon.colcon_core.shell:Creating environment descriptor '/home/subin/subin_ws/ADS_Mission_Normal/install/autonomous_driving/share/autonomous_driving/hook/cmake_prefix_path.dsv'
[57.029s] INFO:colcon.colcon_core.shell:Creating environment hook '/home/subin/subin_ws/ADS_Mission_Normal/install/autonomous_driving/share/autonomous_driving/hook/cmake_prefix_path.sh'
[57.029s] Level 1:colcon.colcon_core.environment:checking '/home/subin/subin_ws/ADS_Mission_Normal/install/autonomous_driving/lib'
[57.029s] Level 1:colcon.colcon_core.environment:checking '/home/subin/subin_ws/ADS_Mission_Normal/install/autonomous_driving/bin'
[57.029s] Level 1:colcon.colcon_core.environment:checking '/home/subin/subin_ws/ADS_Mission_Normal/install/autonomous_driving/lib/pkgconfig/autonomous_driving.pc'
[57.029s] Level 1:colcon.colcon_core.environment:checking '/home/subin/subin_ws/ADS_Mission_Normal/install/autonomous_driving/lib/python3.10/site-packages'
[57.030s] Level 1:colcon.colcon_core.environment:checking '/home/subin/subin_ws/ADS_Mission_Normal/install/autonomous_driving/bin'
[57.030s] INFO:colcon.colcon_core.shell:Creating package script '/home/subin/subin_ws/ADS_Mission_Normal/install/autonomous_driving/share/autonomous_driving/package.ps1'
[57.030s] INFO:colcon.colcon_core.shell:Creating package descriptor '/home/subin/subin_ws/ADS_Mission_Normal/install/autonomous_driving/share/autonomous_driving/package.dsv'
[57.030s] INFO:colcon.colcon_core.shell:Creating package script '/home/subin/subin_ws/ADS_Mission_Normal/install/autonomous_driving/share/autonomous_driving/package.sh'
[57.031s] INFO:colcon.colcon_core.shell:Creating package script '/home/subin/subin_ws/ADS_Mission_Normal/install/autonomous_driving/share/autonomous_driving/package.bash'
[57.031s] INFO:colcon.colcon_core.shell:Creating package script '/home/subin/subin_ws/ADS_Mission_Normal/install/autonomous_driving/share/autonomous_driving/package.zsh'
[57.031s] Level 1:colcon.colcon_core.environment:create_file_with_runtime_dependencies(/home/subin/subin_ws/ADS_Mission_Normal/install/autonomous_driving/share/colcon-core/packages/autonomous_driving)
[57.032s] DEBUG:colcon.colcon_parallel_executor.executor.parallel:closing loop
[57.032s] DEBUG:colcon.colcon_parallel_executor.executor.parallel:loop closed
[57.032s] DEBUG:colcon.colcon_parallel_executor.executor.parallel:run_until_complete finished with '0'
[57.033s] DEBUG:colcon.colcon_core.event_reactor:joining thread
[57.099s] INFO:colcon.colcon_core.plugin_system:Skipping extension 'colcon_notification.desktop_notification.notify_send': Could not find 'notify-send'
[57.099s] INFO:colcon.colcon_core.plugin_system:Skipping extension 'colcon_notification.desktop_notification.terminal_notifier': Not used on non-Darwin systems
[57.099s] INFO:colcon.colcon_core.plugin_system:Skipping extension 'colcon_notification.desktop_notification.win32': Not used on non-Windows systems
[57.099s] INFO:colcon.colcon_notification.desktop_notification:Sending desktop notification using 'notify2'
[57.100s] DEBUG:colcon.colcon_notification.desktop_notification.notify2:Failed to initialize notify2: org.freedesktop.DBus.Error.FileNotFound: Failed to connect to socket /run/user/1000/bus: No such file or directory
[57.100s] DEBUG:colcon.colcon_core.event_reactor:joined thread
[57.100s] INFO:colcon.colcon_core.shell:Creating prefix script '/home/subin/subin_ws/ADS_Mission_Normal/install/local_setup.ps1'
[57.101s] INFO:colcon.colcon_core.shell:Creating prefix util module '/home/subin/subin_ws/ADS_Mission_Normal/install/_local_setup_util_ps1.py'
[57.102s] INFO:colcon.colcon_core.shell:Creating prefix chain script '/home/subin/subin_ws/ADS_Mission_Normal/install/setup.ps1'
[57.102s] INFO:colcon.colcon_core.shell:Creating prefix script '/home/subin/subin_ws/ADS_Mission_Normal/install/local_setup.sh'
[57.103s] INFO:colcon.colcon_core.shell:Creating prefix util module '/home/subin/subin_ws/ADS_Mission_Normal/install/_local_setup_util_sh.py'
[57.103s] INFO:colcon.colcon_core.shell:Creating prefix chain script '/home/subin/subin_ws/ADS_Mission_Normal/install/setup.sh'
[57.104s] INFO:colcon.colcon_core.shell:Creating prefix script '/home/subin/subin_ws/ADS_Mission_Normal/install/local_setup.bash'
[57.104s] INFO:colcon.colcon_core.shell:Creating prefix chain script '/home/subin/subin_ws/ADS_Mission_Normal/install/setup.bash'
[57.105s] INFO:colcon.colcon_core.shell:Creating prefix script '/home/subin/subin_ws/ADS_Mission_Normal/install/local_setup.zsh'
[57.105s] INFO:colcon.colcon_core.shell:Creating prefix chain script '/home/subin/subin_ws/ADS_Mission_Normal/install/setup.zsh'
