[0.000000] (-) TimerEvent: {}
[0.000938] (ad_msgs) JobQueued: {'identifier': 'ad_msgs', 'dependencies': OrderedDict()}
[0.001585] (autonomous_driving) JobQueued: {'identifier': 'autonomous_driving', 'dependencies': OrderedDict([('ad_msgs', '/home/subin/subin_ws/ADS_Mission_Normal/install/ad_msgs')])}
[0.001651] (evaluation) JobQueued: {'identifier': 'evaluation', 'dependencies': OrderedDict([('ad_msgs', '/home/subin/subin_ws/ADS_Mission_Normal/install/ad_msgs')])}
[0.001694] (mission_manager) JobQueued: {'identifier': 'mission_manager', 'dependencies': OrderedDict([('ad_msgs', '/home/subin/subin_ws/ADS_Mission_Normal/install/ad_msgs')])}
[0.001711] (simulator) JobQueued: {'identifier': 'simulator', 'dependencies': OrderedDict([('ad_msgs', '/home/subin/subin_ws/ADS_Mission_Normal/install/ad_msgs')])}
[0.001726] (ad_msgs) JobStarted: {'identifier': 'ad_msgs'}
[0.014560] (ad_msgs) JobProgress: {'identifier': 'ad_msgs', 'progress': 'cmake'}
[0.016439] (ad_msgs) JobProgress: {'identifier': 'ad_msgs', 'progress': 'build'}
[0.017293] (ad_msgs) Command: {'cmd': ['/usr/bin/cmake', '--build', '/home/subin/subin_ws/ADS_Mission_Normal/build/ad_msgs', '--', '-j22', '-l22'], 'cwd': '/home/subin/subin_ws/ADS_Mission_Normal/build/ad_msgs', 'env': OrderedDict([('LESSOPEN', '| /usr/bin/lesspipe %s'), ('USER', 'subin'), ('GIT_ASKPASS', '/home/subin/.vscode-server/bin/618725e67565b290ba4da6fe2d29f8fa1d4e3622/extensions/git/dist/askpass.sh'), ('SHLVL', '1'), ('LIBGL_ALWAYS_SOFTWARE', '1'), ('LD_LIBRARY_PATH', '/home/subin/subin_ws/ADS_Mission_Basic/install/ad_msgs/lib:/home/subin/subin_ws/Autonomous_Driving_Software_Final/install/ad_msgs/lib:/home/subin/subin_ws/ADS_Mission_Hard/install/ad_msgs/lib:/home/subin/subin_ws/ADS_Mission_Normal/install/ad_msgs/lib:/home/subin/subin_ws/ADS_Final_MissionHard/install/ad_msgs/lib:/opt/ros/humble/opt/rviz_ogre_vendor/lib:/opt/ros/humble/lib/x86_64-linux-gnu:/opt/ros/humble/lib'), ('MOTD_SHOWN', 'update-motd'), ('HOME', '/home/subin'), ('OLDPWD', '/home/subin/subin_ws'), ('TERM_PROGRAM_VERSION', '1.107.0'), ('VSCODE_IPC_HOOK_CLI', '/run/user/1000/vscode-ipc-dcfa51ba-6497-406c-9e9f-f76725eff328.sock'), ('ROS_PYTHON_VERSION', '3'), ('VSCODE_GIT_ASKPASS_MAIN', '/home/subin/.vscode-server/bin/618725e67565b290ba4da6fe2d29f8fa1d4e3622/extensions/git/dist/askpass-main.js'), ('VSCODE_GIT_ASKPASS_NODE', '/home/subin/.vscode-server/bin/618725e67565b290ba4da6fe2d29f8fa1d4e3622/node'), ('VSCODE_PYTHON_AUTOACTIVATE_GUARD', '1'), ('DBUS_SESSION_BUS_ADDRESS', 'unix:path=/run/user/1000/bus'), ('COLORTERM', 'truecolor'), ('WSL_DISTRO_NAME', 'Ubuntu-22.04'), ('WAYLAND_DISPLAY', 'wayland-0'), ('COLCON_PREFIX_PATH', '/home/subin/subin_ws/ADS_Mission_Basic/install:/home/subin/subin_ws/Autonomous_Driving_Software_Final/install:/home/subin/subin_ws/ADS_Mission_Hard/install:/home/subin/subin_ws/ADS_Mission_Normal/install:/home/subin/subin_ws/ADS_Final_MissionHard/install'), ('ROS_DISTRO', 'humble'), ('LOGNAME', 'subin'), ('NAME', 'GalaxyBook4Pro-427M5'), ('WSL_INTEROP', '/run/WSL/71539_interop'), ('PULSE_SERVER', 'unix:/mnt/wslg/PulseServer'), ('_', '/usr/bin/colcon'), ('ROS_VERSION', '2'), ('TERM', 'xterm-256color'), ('ROS_LOCALHOST_ONLY', '0'), ('PATH', '/home/subin/.vscode-server/data/User/globalStorage/github.copilot-chat/debugCommand:/home/subin/.vscode-server/data/User/globalStorage/github.copilot-chat/copilotCli:/home/subin/.vscode-server/bin/618725e67565b290ba4da6fe2d29f8fa1d4e3622/bin/remote-cli:/opt/ros/humble/bin:/usr/local/sbin:/usr/local/bin:/usr/sbin:/usr/bin:/sbin:/bin:/usr/games:/usr/local/games:/usr/lib/wsl/lib:/mnt/c/Program Files/Microsoft/jdk-17.0.16.8-hotspot/bin:/mnt/c/Program Files/Eclipse Adoptium/jdk-17.0.16.8-hotspot/bin:/mnt/c/Python313/Scripts/:/mnt/c/Python313/:/mnt/c/WINDOWS/system32:/mnt/c/WINDOWS:/mnt/c/WINDOWS/System32/Wbem:/mnt/c/WINDOWS/System32/WindowsPowerShell/v1.0/:/mnt/c/WINDOWS/System32/OpenSSH/:/mnt/c/ProgramData/chocolatey/bin:/mnt/c/Program Files/Docker/Docker/resources/bin:/mnt/c/Program Files (x86)/Windows Kits/10/Windows Performance Toolkit/:/mnt/c/Program Files/Microsoft/jdk-17.0.16.8-hotspot/bin:/mnt/c/Users/soo16/OneDrive/바탕 화면/Graphviz/bin:/mnt/c/:/mnt/c/Users/soo16/AppData/Local/nvm:/mnt/c/nvm4w/nodejs:/mnt/c/Program Files/Git/cmd:/mnt/c/Program Files/MySQL/MySQL Shell 8.0/bin/:/mnt/c/Users/soo16/AppData/Local/Programs/Python/Python312/Scripts/:/mnt/c/Users/soo16/AppData/Local/Programs/Python/Python312/:/mnt/c/Users/soo16/AppData/Local/Microsoft/WindowsApps:/mnt/c/Users/soo16/AppData/Local/afreeca:/mnt/c/Users/soo16/AppData/Local/Programs/Microsoft VS Code/bin:/mnt/c/Users/soo16/AppData/Local/SOOP:/mnt/c/Users/soo16/AppData/Local/GitHubDesktop/bin:/mnt/c/Program Files/Eclipse Adoptium/jdk-17.0.16.8-hotspot/bin:/mnt/c/Users/soo16/AppData/Local/Android/Sdk/platform-tools:/mnt/c/Users/soo16/AppData/Local/nvm:/mnt/c/nvm4w/nodejs:/snap/bin'), ('XDG_RUNTIME_DIR', '/run/user/1000/'), ('DISPLAY', ':0'), ('LANG', 'C.UTF-8'), ('LS_COLORS', 'rs=0:di=01;34:ln=01;36:mh=00:pi=40;33:so=01;35:do=01;35:bd=40;33;01:cd=40;33;01:or=40;31;01:mi=00:su=37;41:sg=30;43:ca=30;41:tw=30;42:ow=34;42:st=37;44:ex=01;32:*.tar=01;31:*.tgz=01;31:*.arc=01;31:*.arj=01;31:*.taz=01;31:*.lha=01;31:*.lz4=01;31:*.lzh=01;31:*.lzma=01;31:*.tlz=01;31:*.txz=01;31:*.tzo=01;31:*.t7z=01;31:*.zip=01;31:*.z=01;31:*.dz=01;31:*.gz=01;31:*.lrz=01;31:*.lz=01;31:*.lzo=01;31:*.xz=01;31:*.zst=01;31:*.tzst=01;31:*.bz2=01;31:*.bz=01;31:*.tbz=01;31:*.tbz2=01;31:*.tz=01;31:*.deb=01;31:*.rpm=01;31:*.jar=01;31:*.war=01;31:*.ear=01;31:*.sar=01;31:*.rar=01;31:*.alz=01;31:*.ace=01;31:*.zoo=01;31:*.cpio=01;31:*.7z=01;31:*.rz=01;31:*.cab=01;31:*.wim=01;31:*.swm=01;31:*.dwm=01;31:*.esd=01;31:*.jpg=01;35:*.jpeg=01;35:*.mjpg=01;35:*.mjpeg=01;35:*.gif=01;35:*.bmp=01;35:*.pbm=01;35:*.pgm=01;35:*.ppm=01;35:*.tga=01;35:*.xbm=01;35:*.xpm=01;35:*.tif=01;35:*.tiff=01;35:*.png=01;35:*.svg=01;35:*.svgz=01;35:*.mng=01;35:*.pcx=01;35:*.mov=01;35:*.mpg=01;35:*.mpeg=01;35:*.m2v=01;35:*.mkv=01;35:*.webm=01;35:*.webp=01;35:*.ogm=01;35:*.mp4=01;35:*.m4v=01;35:*.mp4v=01;35:*.vob=01;35:*.qt=01;35:*.nuv=01;35:*.wmv=01;35:*.asf=01;35:*.rm=01;35:*.rmvb=01;35:*.flc=01;35:*.avi=01;35:*.fli=01;35:*.flv=01;35:*.gl=01;35:*.dl=01;35:*.xcf=01;35:*.xwd=01;35:*.yuv=01;35:*.cgm=01;35:*.emf=01;35:*.ogv=01;35:*.ogx=01;35:*.aac=00;36:*.au=00;36:*.flac=00;36:*.m4a=00;36:*.mid=00;36:*.midi=00;36:*.mka=00;36:*.mp3=00;36:*.mpc=00;36:*.ogg=00;36:*.ra=00;36:*.wav=00;36:*.oga=00;36:*.opus=00;36:*.spx=00;36:*.xspf=00;36:'), ('VSCODE_GIT_IPC_HANDLE', '/run/user/1000/vscode-git-c2f421b98a.sock'), ('TERM_PROGRAM', 'vscode'), ('AMENT_PREFIX_PATH', '/home/subin/subin_ws/ADS_Mission_Basic/install/simulator:/home/subin/subin_ws/ADS_Mission_Basic/install/mission_manager:/home/subin/subin_ws/ADS_Mission_Basic/install/evaluation:/home/subin/subin_ws/ADS_Mission_Basic/install/autonomous_driving:/home/subin/subin_ws/ADS_Mission_Basic/install/ad_msgs:/home/subin/subin_ws/Autonomous_Driving_Software_Final/install/simulator:/home/subin/subin_ws/Autonomous_Driving_Software_Final/install/mission_manager:/home/subin/subin_ws/Autonomous_Driving_Software_Final/install/evaluation:/home/subin/subin_ws/Autonomous_Driving_Software_Final/install/autonomous_driving:/home/subin/subin_ws/Autonomous_Driving_Software_Final/install/ad_msgs:/home/subin/subin_ws/ADS_Mission_Hard/install/simulator:/home/subin/subin_ws/ADS_Mission_Hard/install/mission_manager:/home/subin/subin_ws/ADS_Mission_Hard/install/evaluation:/home/subin/subin_ws/ADS_Mission_Hard/install/autonomous_driving:/home/subin/subin_ws/ADS_Mission_Hard/install/ad_msgs:/home/subin/subin_ws/ADS_Mission_Normal/install/simulator:/home/subin/subin_ws/ADS_Mission_Normal/install/mission_manager:/home/subin/subin_ws/ADS_Mission_Normal/install/evaluation:/home/subin/subin_ws/ADS_Mission_Normal/install/autonomous_driving:/home/subin/subin_ws/ADS_Mission_Normal/install/ad_msgs:/home/subin/subin_ws/ADS_Final_MissionHard/install/simulator:/home/subin/subin_ws/ADS_Final_MissionHard/install/mission_manager:/home/subin/subin_ws/ADS_Final_MissionHard/install/evaluation:/home/subin/subin_ws/ADS_Final_MissionHard/install/autonomous_driving:/home/subin/subin_ws/ADS_Final_MissionHard/install/ad_msgs:/opt/ros/humble'), ('SHELL', '/bin/bash'), ('LESSCLOSE', '/usr/bin/lesspipe %s %s'), ('VSCODE_GIT_ASKPASS_EXTRA_ARGS', ''), ('PWD', '/home/subin/subin_ws/ADS_Mission_Normal/build/ad_msgs'), ('XDG_DATA_DIRS', '/usr/local/share:/usr/share:/var/lib/snapd/desktop'), ('PYTHONPATH', '/home/subin/subin_ws/ADS_Mission_Basic/install/ad_msgs/local/lib/python3.10/dist-packages:/home/subin/subin_ws/Autonomous_Driving_Software_Final/install/ad_msgs/local/lib/python3.10/dist-packages:/home/subin/subin_ws/ADS_Mission_Hard/install/ad_msgs/local/lib/python3.10/dist-packages:/home/subin/subin_ws/ADS_Mission_Normal/install/ad_msgs/local/lib/python3.10/dist-packages:/home/subin/subin_ws/ADS_Final_MissionHard/install/ad_msgs/local/lib/python3.10/dist-packages:/opt/ros/humble/lib/python3.10/site-packages:/opt/ros/humble/local/lib/python3.10/dist-packages'), ('COLCON', '1'), ('WSL2_GUI_APPS_ENABLED', '1'), ('HOSTTYPE', 'x86_64'), ('CMAKE_PREFIX_PATH', '/home/subin/subin_ws/ADS_Mission_Basic/install/simulator:/home/subin/subin_ws/ADS_Mission_Basic/install/mission_manager:/home/subin/subin_ws/ADS_Mission_Basic/install/evaluation:/home/subin/subin_ws/ADS_Mission_Basic/install/autonomous_driving:/home/subin/subin_ws/ADS_Mission_Basic/install/ad_msgs:/home/subin/subin_ws/Autonomous_Driving_Software_Final/install/simulator:/home/subin/subin_ws/Autonomous_Driving_Software_Final/install/mission_manager:/home/subin/subin_ws/Autonomous_Driving_Software_Final/install/evaluation:/home/subin/subin_ws/Autonomous_Driving_Software_Final/install/autonomous_driving:/home/subin/subin_ws/Autonomous_Driving_Software_Final/install/ad_msgs:/home/subin/subin_ws/ADS_Mission_Hard/install/simulator:/home/subin/subin_ws/ADS_Mission_Hard/install/mission_manager:/home/subin/subin_ws/ADS_Mission_Hard/install/evaluation:/home/subin/subin_ws/ADS_Mission_Hard/install/autonomous_driving:/home/subin/subin_ws/ADS_Mission_Hard/install/ad_msgs:/home/subin/subin_ws/ADS_Mission_Normal/install/simulator:/home/subin/subin_ws/ADS_Mission_Normal/install/mission_manager:/home/subin/subin_ws/ADS_Mission_Normal/install/evaluation:/home/subin/subin_ws/ADS_Mission_Normal/install/autonomous_driving:/home/subin/subin_ws/ADS_Mission_Normal/install/ad_msgs:/home/subin/subin_ws/ADS_Final_MissionHard/install/simulator:/home/subin/subin_ws/ADS_Final_MissionHard/install/mission_manager:/home/subin/subin_ws/ADS_Final_MissionHard/install/evaluation:/home/subin/subin_ws/ADS_Final_MissionHard/install/autonomous_driving:/home/subin/subin_ws/ADS_Final_MissionHard/install/ad_msgs:/opt/ros/humble'), ('WSLENV', 'VSCODE_WSL_EXT_LOCATION/up')]), 'shell': False}
[0.081614] (ad_msgs) StdoutLine: {'line': b'\x1b[35m\x1b[1mConsolidate compiler generated dependencies of target ad_msgs__rosidl_generator_c\x1b[0m\n'}
[0.086429] (ad_msgs) StdoutLine: {'line': b'[  0%] Built target ad_msgs__cpp\n'}
[0.099121] (ad_msgs) StdoutLine: {'line': b'[ 12%] Built target ad_msgs__rosidl_generator_c\n'}
[0.099377] (-) TimerEvent: {}
[0.107160] (ad_msgs) StdoutLine: {'line': b'\x1b[35m\x1b[1mConsolidate compiler generated dependencies of target ad_msgs__rosidl_typesupport_fastrtps_cpp\x1b[0m\n'}
[0.107576] (ad_msgs) StdoutLine: {'line': b'\x1b[35m\x1b[1mConsolidate compiler generated dependencies of target ad_msgs__rosidl_typesupport_introspection_cpp\x1b[0m\n'}
[0.110254] (ad_msgs) StdoutLine: {'line': b'\x1b[35m\x1b[1mConsolidate compiler generated dependencies of target ad_msgs__rosidl_typesupport_cpp\x1b[0m\n'}
[0.116394] (ad_msgs) StdoutLine: {'line': b'[ 12%] Built target ament_cmake_python_copy_ad_msgs\n'}
[0.125186] (ad_msgs) StdoutLine: {'line': b'\x1b[35m\x1b[1mConsolidate compiler generated dependencies of target ad_msgs__rosidl_typesupport_introspection_c\x1b[0m\n'}
[0.125456] (ad_msgs) StdoutLine: {'line': b'\x1b[35m\x1b[1mConsolidate compiler generated dependencies of target ad_msgs__rosidl_typesupport_c\x1b[0m\n'}
[0.128373] (ad_msgs) StdoutLine: {'line': b'\x1b[35m\x1b[1mConsolidate compiler generated dependencies of target ad_msgs__rosidl_typesupport_fastrtps_c\x1b[0m\n'}
[0.131058] (ad_msgs) StdoutLine: {'line': b'[ 29%] Built target ad_msgs__rosidl_typesupport_cpp\n'}
[0.131278] (ad_msgs) StdoutLine: {'line': b'[ 36%] Built target ad_msgs__rosidl_typesupport_introspection_cpp\n'}
[0.135461] (ad_msgs) StdoutLine: {'line': b'[ 47%] Built target ad_msgs__rosidl_typesupport_fastrtps_cpp\n'}
[0.139369] (ad_msgs) StdoutLine: {'line': b'[ 59%] Built target ad_msgs__rosidl_typesupport_introspection_c\n'}
[0.141950] (ad_msgs) StdoutLine: {'line': b'[ 70%] Built target ad_msgs__rosidl_typesupport_c\n'}
[0.145028] (ad_msgs) StdoutLine: {'line': b'[ 82%] Built target ad_msgs__rosidl_typesupport_fastrtps_c\n'}
[0.161965] (ad_msgs) StdoutLine: {'line': b'[ 82%] Built target ad_msgs\n'}
[0.181500] (ad_msgs) StdoutLine: {'line': b'[ 83%] Built target ad_msgs__py\n'}
[0.199581] (-) TimerEvent: {}
[0.205588] (ad_msgs) StdoutLine: {'line': b'\x1b[35m\x1b[1mConsolidate compiler generated dependencies of target ad_msgs__rosidl_generator_py\x1b[0m\n'}
[0.226015] (ad_msgs) StdoutLine: {'line': b'[ 94%] Built target ad_msgs__rosidl_generator_py\n'}
[0.238953] (ad_msgs) StdoutLine: {'line': b'\x1b[35m\x1b[1mConsolidate compiler generated dependencies of target ad_msgs__rosidl_typesupport_c__pyext\x1b[0m\n'}
[0.239178] (ad_msgs) StdoutLine: {'line': b'\x1b[35m\x1b[1mConsolidate compiler generated dependencies of target ad_msgs__rosidl_typesupport_fastrtps_c__pyext\x1b[0m\n'}
[0.239454] (ad_msgs) StdoutLine: {'line': b'\x1b[35m\x1b[1mConsolidate compiler generated dependencies of target ad_msgs__rosidl_typesupport_introspection_c__pyext\x1b[0m\n'}
[0.250002] (ad_msgs) StdoutLine: {'line': b'[ 96%] Built target ad_msgs__rosidl_typesupport_introspection_c__pyext\n'}
[0.251582] (ad_msgs) StdoutLine: {'line': b'[ 98%] Built target ad_msgs__rosidl_typesupport_fastrtps_c__pyext\n'}
[0.253363] (ad_msgs) StdoutLine: {'line': b'[100%] Built target ad_msgs__rosidl_typesupport_c__pyext\n'}
[0.299714] (-) TimerEvent: {}
[0.304807] (ad_msgs) StdoutLine: {'line': b'running egg_info\n'}
[0.305185] (ad_msgs) StdoutLine: {'line': b'writing ad_msgs.egg-info/PKG-INFO\n'}
[0.305697] (ad_msgs) StdoutLine: {'line': b'writing dependency_links to ad_msgs.egg-info/dependency_links.txt\n'}
[0.306077] (ad_msgs) StdoutLine: {'line': b'writing top-level names to ad_msgs.egg-info/top_level.txt\n'}
[0.308243] (ad_msgs) StdoutLine: {'line': b"reading manifest file 'ad_msgs.egg-info/SOURCES.txt'\n"}
[0.308966] (ad_msgs) StdoutLine: {'line': b"writing manifest file 'ad_msgs.egg-info/SOURCES.txt'\n"}
[0.327890] (ad_msgs) StdoutLine: {'line': b'[100%] Built target ament_cmake_python_build_ad_msgs_egg\n'}
[0.336181] (ad_msgs) CommandEnded: {'returncode': 0}
[0.338373] (ad_msgs) JobProgress: {'identifier': 'ad_msgs', 'progress': 'install'}
[0.344423] (ad_msgs) Command: {'cmd': ['/usr/bin/cmake', '--install', '/home/subin/subin_ws/ADS_Mission_Normal/build/ad_msgs'], 'cwd': '/home/subin/subin_ws/ADS_Mission_Normal/build/ad_msgs', 'env': OrderedDict([('LESSOPEN', '| /usr/bin/lesspipe %s'), ('USER', 'subin'), ('GIT_ASKPASS', '/home/subin/.vscode-server/bin/618725e67565b290ba4da6fe2d29f8fa1d4e3622/extensions/git/dist/askpass.sh'), ('SHLVL', '1'), ('LIBGL_ALWAYS_SOFTWARE', '1'), ('LD_LIBRARY_PATH', '/home/subin/subin_ws/ADS_Mission_Basic/install/ad_msgs/lib:/home/subin/subin_ws/Autonomous_Driving_Software_Final/install/ad_msgs/lib:/home/subin/subin_ws/ADS_Mission_Hard/install/ad_msgs/lib:/home/subin/subin_ws/ADS_Mission_Normal/install/ad_msgs/lib:/home/subin/subin_ws/ADS_Final_MissionHard/install/ad_msgs/lib:/opt/ros/humble/opt/rviz_ogre_vendor/lib:/opt/ros/humble/lib/x86_64-linux-gnu:/opt/ros/humble/lib'), ('MOTD_SHOWN', 'update-motd'), ('HOME', '/home/subin'), ('OLDPWD', '/home/subin/subin_ws'), ('TERM_PROGRAM_VERSION', '1.107.0'), ('VSCODE_IPC_HOOK_CLI', '/run/user/1000/vscode-ipc-dcfa51ba-6497-406c-9e9f-f76725eff328.sock'), ('ROS_PYTHON_VERSION', '3'), ('VSCODE_GIT_ASKPASS_MAIN', '/home/subin/.vscode-server/bin/618725e67565b290ba4da6fe2d29f8fa1d4e3622/extensions/git/dist/askpass-main.js'), ('VSCODE_GIT_ASKPASS_NODE', '/home/subin/.vscode-server/bin/618725e67565b290ba4da6fe2d29f8fa1d4e3622/node'), ('VSCODE_PYTHON_AUTOACTIVATE_GUARD', '1'), ('DBUS_SESSION_BUS_ADDRESS', 'unix:path=/run/user/1000/bus'), ('COLORTERM', 'truecolor'), ('WSL_DISTRO_NAME', 'Ubuntu-22.04'), ('WAYLAND_DISPLAY', 'wayland-0'), ('COLCON_PREFIX_PATH', '/home/subin/subin_ws/ADS_Mission_Basic/install:/home/subin/subin_ws/Autonomous_Driving_Software_Final/install:/home/subin/subin_ws/ADS_Mission_Hard/install:/home/subin/subin_ws/ADS_Mission_Normal/install:/home/subin/subin_ws/ADS_Final_MissionHard/install'), ('ROS_DISTRO', 'humble'), ('LOGNAME', 'subin'), ('NAME', 'GalaxyBook4Pro-427M5'), ('WSL_INTEROP', '/run/WSL/71539_interop'), ('PULSE_SERVER', 'unix:/mnt/wslg/PulseServer'), ('_', '/usr/bin/colcon'), ('ROS_VERSION', '2'), ('TERM', 'xterm-256color'), ('ROS_LOCALHOST_ONLY', '0'), ('PATH', '/home/subin/.vscode-server/data/User/globalStorage/github.copilot-chat/debugCommand:/home/subin/.vscode-server/data/User/globalStorage/github.copilot-chat/copilotCli:/home/subin/.vscode-server/bin/618725e67565b290ba4da6fe2d29f8fa1d4e3622/bin/remote-cli:/opt/ros/humble/bin:/usr/local/sbin:/usr/local/bin:/usr/sbin:/usr/bin:/sbin:/bin:/usr/games:/usr/local/games:/usr/lib/wsl/lib:/mnt/c/Program Files/Microsoft/jdk-17.0.16.8-hotspot/bin:/mnt/c/Program Files/Eclipse Adoptium/jdk-17.0.16.8-hotspot/bin:/mnt/c/Python313/Scripts/:/mnt/c/Python313/:/mnt/c/WINDOWS/system32:/mnt/c/WINDOWS:/mnt/c/WINDOWS/System32/Wbem:/mnt/c/WINDOWS/System32/WindowsPowerShell/v1.0/:/mnt/c/WINDOWS/System32/OpenSSH/:/mnt/c/ProgramData/chocolatey/bin:/mnt/c/Program Files/Docker/Docker/resources/bin:/mnt/c/Program Files (x86)/Windows Kits/10/Windows Performance Toolkit/:/mnt/c/Program Files/Microsoft/jdk-17.0.16.8-hotspot/bin:/mnt/c/Users/soo16/OneDrive/바탕 화면/Graphviz/bin:/mnt/c/:/mnt/c/Users/soo16/AppData/Local/nvm:/mnt/c/nvm4w/nodejs:/mnt/c/Program Files/Git/cmd:/mnt/c/Program Files/MySQL/MySQL Shell 8.0/bin/:/mnt/c/Users/soo16/AppData/Local/Programs/Python/Python312/Scripts/:/mnt/c/Users/soo16/AppData/Local/Programs/Python/Python312/:/mnt/c/Users/soo16/AppData/Local/Microsoft/WindowsApps:/mnt/c/Users/soo16/AppData/Local/afreeca:/mnt/c/Users/soo16/AppData/Local/Programs/Microsoft VS Code/bin:/mnt/c/Users/soo16/AppData/Local/SOOP:/mnt/c/Users/soo16/AppData/Local/GitHubDesktop/bin:/mnt/c/Program Files/Eclipse Adoptium/jdk-17.0.16.8-hotspot/bin:/mnt/c/Users/soo16/AppData/Local/Android/Sdk/platform-tools:/mnt/c/Users/soo16/AppData/Local/nvm:/mnt/c/nvm4w/nodejs:/snap/bin'), ('XDG_RUNTIME_DIR', '/run/user/1000/'), ('DISPLAY', ':0'), ('LANG', 'C.UTF-8'), ('LS_COLORS', 'rs=0:di=01;34:ln=01;36:mh=00:pi=40;33:so=01;35:do=01;35:bd=40;33;01:cd=40;33;01:or=40;31;01:mi=00:su=37;41:sg=30;43:ca=30;41:tw=30;42:ow=34;42:st=37;44:ex=01;32:*.tar=01;31:*.tgz=01;31:*.arc=01;31:*.arj=01;31:*.taz=01;31:*.lha=01;31:*.lz4=01;31:*.lzh=01;31:*.lzma=01;31:*.tlz=01;31:*.txz=01;31:*.tzo=01;31:*.t7z=01;31:*.zip=01;31:*.z=01;31:*.dz=01;31:*.gz=01;31:*.lrz=01;31:*.lz=01;31:*.lzo=01;31:*.xz=01;31:*.zst=01;31:*.tzst=01;31:*.bz2=01;31:*.bz=01;31:*.tbz=01;31:*.tbz2=01;31:*.tz=01;31:*.deb=01;31:*.rpm=01;31:*.jar=01;31:*.war=01;31:*.ear=01;31:*.sar=01;31:*.rar=01;31:*.alz=01;31:*.ace=01;31:*.zoo=01;31:*.cpio=01;31:*.7z=01;31:*.rz=01;31:*.cab=01;31:*.wim=01;31:*.swm=01;31:*.dwm=01;31:*.esd=01;31:*.jpg=01;35:*.jpeg=01;35:*.mjpg=01;35:*.mjpeg=01;35:*.gif=01;35:*.bmp=01;35:*.pbm=01;35:*.pgm=01;35:*.ppm=01;35:*.tga=01;35:*.xbm=01;35:*.xpm=01;35:*.tif=01;35:*.tiff=01;35:*.png=01;35:*.svg=01;35:*.svgz=01;35:*.mng=01;35:*.pcx=01;35:*.mov=01;35:*.mpg=01;35:*.mpeg=01;35:*.m2v=01;35:*.mkv=01;35:*.webm=01;35:*.webp=01;35:*.ogm=01;35:*.mp4=01;35:*.m4v=01;35:*.mp4v=01;35:*.vob=01;35:*.qt=01;35:*.nuv=01;35:*.wmv=01;35:*.asf=01;35:*.rm=01;35:*.rmvb=01;35:*.flc=01;35:*.avi=01;35:*.fli=01;35:*.flv=01;35:*.gl=01;35:*.dl=01;35:*.xcf=01;35:*.xwd=01;35:*.yuv=01;35:*.cgm=01;35:*.emf=01;35:*.ogv=01;35:*.ogx=01;35:*.aac=00;36:*.au=00;36:*.flac=00;36:*.m4a=00;36:*.mid=00;36:*.midi=00;36:*.mka=00;36:*.mp3=00;36:*.mpc=00;36:*.ogg=00;36:*.ra=00;36:*.wav=00;36:*.oga=00;36:*.opus=00;36:*.spx=00;36:*.xspf=00;36:'), ('VSCODE_GIT_IPC_HANDLE', '/run/user/1000/vscode-git-c2f421b98a.sock'), ('TERM_PROGRAM', 'vscode'), ('AMENT_PREFIX_PATH', '/home/subin/subin_ws/ADS_Mission_Basic/install/simulator:/home/subin/subin_ws/ADS_Mission_Basic/install/mission_manager:/home/subin/subin_ws/ADS_Mission_Basic/install/evaluation:/home/subin/subin_ws/ADS_Mission_Basic/install/autonomous_driving:/home/subin/subin_ws/ADS_Mission_Basic/install/ad_msgs:/home/subin/subin_ws/Autonomous_Driving_Software_Final/install/simulator:/home/subin/subin_ws/Autonomous_Driving_Software_Final/install/mission_manager:/home/subin/subin_ws/Autonomous_Driving_Software_Final/install/evaluation:/home/subin/subin_ws/Autonomous_Driving_Software_Final/install/autonomous_driving:/home/subin/subin_ws/Autonomous_Driving_Software_Final/install/ad_msgs:/home/subin/subin_ws/ADS_Mission_Hard/install/simulator:/home/subin/subin_ws/ADS_Mission_Hard/install/mission_manager:/home/subin/subin_ws/ADS_Mission_Hard/install/evaluation:/home/subin/subin_ws/ADS_Mission_Hard/install/autonomous_driving:/home/subin/subin_ws/ADS_Mission_Hard/install/ad_msgs:/home/subin/subin_ws/ADS_Mission_Normal/install/simulator:/home/subin/subin_ws/ADS_Mission_Normal/install/mission_manager:/home/subin/subin_ws/ADS_Mission_Normal/install/evaluation:/home/subin/subin_ws/ADS_Mission_Normal/install/autonomous_driving:/home/subin/subin_ws/ADS_Mission_Normal/install/ad_msgs:/home/subin/subin_ws/ADS_Final_MissionHard/install/simulator:/home/subin/subin_ws/ADS_Final_MissionHard/install/mission_manager:/home/subin/subin_ws/ADS_Final_MissionHard/install/evaluation:/home/subin/subin_ws/ADS_Final_MissionHard/install/autonomous_driving:/home/subin/subin_ws/ADS_Final_MissionHard/install/ad_msgs:/opt/ros/humble'), ('SHELL', '/bin/bash'), ('LESSCLOSE', '/usr/bin/lesspipe %s %s'), ('VSCODE_GIT_ASKPASS_EXTRA_ARGS', ''), ('PWD', '/home/subin/subin_ws/ADS_Mission_Normal/build/ad_msgs'), ('XDG_DATA_DIRS', '/usr/local/share:/usr/share:/var/lib/snapd/desktop'), ('PYTHONPATH', '/home/subin/subin_ws/ADS_Mission_Basic/install/ad_msgs/local/lib/python3.10/dist-packages:/home/subin/subin_ws/Autonomous_Driving_Software_Final/install/ad_msgs/local/lib/python3.10/dist-packages:/home/subin/subin_ws/ADS_Mission_Hard/install/ad_msgs/local/lib/python3.10/dist-packages:/home/subin/subin_ws/ADS_Mission_Normal/install/ad_msgs/local/lib/python3.10/dist-packages:/home/subin/subin_ws/ADS_Final_MissionHard/install/ad_msgs/local/lib/python3.10/dist-packages:/opt/ros/humble/lib/python3.10/site-packages:/opt/ros/humble/local/lib/python3.10/dist-packages'), ('COLCON', '1'), ('WSL2_GUI_APPS_ENABLED', '1'), ('HOSTTYPE', 'x86_64'), ('CMAKE_PREFIX_PATH', '/home/subin/subin_ws/ADS_Mission_Basic/install/simulator:/home/subin/subin_ws/ADS_Mission_Basic/install/mission_manager:/home/subin/subin_ws/ADS_Mission_Basic/install/evaluation:/home/subin/subin_ws/ADS_Mission_Basic/install/autonomous_driving:/home/subin/subin_ws/ADS_Mission_Basic/install/ad_msgs:/home/subin/subin_ws/Autonomous_Driving_Software_Final/install/simulator:/home/subin/subin_ws/Autonomous_Driving_Software_Final/install/mission_manager:/home/subin/subin_ws/Autonomous_Driving_Software_Final/install/evaluation:/home/subin/subin_ws/Autonomous_Driving_Software_Final/install/autonomous_driving:/home/subin/subin_ws/Autonomous_Driving_Software_Final/install/ad_msgs:/home/subin/subin_ws/ADS_Mission_Hard/install/simulator:/home/subin/subin_ws/ADS_Mission_Hard/install/mission_manager:/home/subin/subin_ws/ADS_Mission_Hard/install/evaluation:/home/subin/subin_ws/ADS_Mission_Hard/install/autonomous_driving:/home/subin/subin_ws/ADS_Mission_Hard/install/ad_msgs:/home/subin/subin_ws/ADS_Mission_Normal/install/simulator:/home/subin/subin_ws/ADS_Mission_Normal/install/mission_manager:/home/subin/subin_ws/ADS_Mission_Normal/install/evaluation:/home/subin/subin_ws/ADS_Mission_Normal/install/autonomous_driving:/home/subin/subin_ws/ADS_Mission_Normal/install/ad_msgs:/home/subin/subin_ws/ADS_Final_MissionHard/install/simulator:/home/subin/subin_ws/ADS_Final_MissionHard/install/mission_manager:/home/subin/subin_ws/ADS_Final_MissionHard/install/evaluation:/home/subin/subin_ws/ADS_Final_MissionHard/install/autonomous_driving:/home/subin/subin_ws/ADS_Final_MissionHard/install/ad_msgs:/opt/ros/humble'), ('WSLENV', 'VSCODE_WSL_EXT_LOCATION/up')]), 'shell': False}
[0.350482] (ad_msgs) StdoutLine: {'line': b'-- Install configuration: ""\n'}
[0.350739] (ad_msgs) StdoutLine: {'line': b'-- Up-to-date: /home/subin/subin_ws/ADS_Mission_Normal/install/ad_msgs/share/ament_index/resource_index/rosidl_interfaces/ad_msgs\n'}
[0.350932] (ad_msgs) StdoutLine: {'line': b'-- Up-to-date: /home/subin/subin_ws/ADS_Mission_Normal/install/ad_msgs/include/ad_msgs/ad_msgs\n'}
[0.351289] (ad_msgs) StdoutLine: {'line': b'-- Up-to-date: /home/subin/subin_ws/ADS_Mission_Normal/install/ad_msgs/include/ad_msgs/ad_msgs/msg\n'}
[0.351669] (ad_msgs) StdoutLine: {'line': b'-- Up-to-date: /home/subin/subin_ws/ADS_Mission_Normal/install/ad_msgs/include/ad_msgs/ad_msgs/msg/vehicle_command.h\n'}
[0.351767] (ad_msgs) StdoutLine: {'line': b'-- Up-to-date: /home/subin/subin_ws/ADS_Mission_Normal/install/ad_msgs/include/ad_msgs/ad_msgs/msg/mission_display.h\n'}
[0.351799] (ad_msgs) StdoutLine: {'line': b'-- Up-to-date: /home/subin/subin_ws/ADS_Mission_Normal/install/ad_msgs/include/ad_msgs/ad_msgs/msg/lane_point_data_array.h\n'}
[0.351825] (ad_msgs) StdoutLine: {'line': b'-- Up-to-date: /home/subin/subin_ws/ADS_Mission_Normal/install/ad_msgs/include/ad_msgs/ad_msgs/msg/mission.h\n'}
[0.351857] (ad_msgs) StdoutLine: {'line': b'-- Up-to-date: /home/subin/subin_ws/ADS_Mission_Normal/install/ad_msgs/include/ad_msgs/ad_msgs/msg/lane_point_data.h\n'}
[0.351881] (ad_msgs) StdoutLine: {'line': b'-- Up-to-date: /home/subin/subin_ws/ADS_Mission_Normal/install/ad_msgs/include/ad_msgs/ad_msgs/msg/detail\n'}
[0.352059] (ad_msgs) StdoutLine: {'line': b'-- Up-to-date: /home/subin/subin_ws/ADS_Mission_Normal/install/ad_msgs/include/ad_msgs/ad_msgs/msg/detail/mission_object__type_support.h\n'}
[0.352133] (ad_msgs) StdoutLine: {'line': b'-- Up-to-date: /home/subin/subin_ws/ADS_Mission_Normal/install/ad_msgs/include/ad_msgs/ad_msgs/msg/detail/vehicle_command__functions.h\n'}
[0.352226] (ad_msgs) StdoutLine: {'line': b'-- Up-to-date: /home/subin/subin_ws/ADS_Mission_Normal/install/ad_msgs/include/ad_msgs/ad_msgs/msg/detail/lane_point_data__struct.h\n'}
[0.352421] (ad_msgs) StdoutLine: {'line': b'-- Up-to-date: /home/subin/subin_ws/ADS_Mission_Normal/install/ad_msgs/include/ad_msgs/ad_msgs/msg/detail/mission_display__type_support.h\n'}
[0.352525] (ad_msgs) StdoutLine: {'line': b'-- Up-to-date: /home/subin/subin_ws/ADS_Mission_Normal/install/ad_msgs/include/ad_msgs/ad_msgs/msg/detail/vehicle_state__struct.h\n'}
[0.352589] (ad_msgs) StdoutLine: {'line': b'-- Up-to-date: /home/subin/subin_ws/ADS_Mission_Normal/install/ad_msgs/include/ad_msgs/ad_msgs/msg/detail/lane_point_data__type_support.h\n'}
[0.352713] (ad_msgs) StdoutLine: {'line': b'-- Up-to-date: /home/subin/subin_ws/ADS_Mission_Normal/install/ad_msgs/include/ad_msgs/ad_msgs/msg/detail/lane_point_data_array__type_support.h\n'}
[0.352786] (ad_msgs) StdoutLine: {'line': b'-- Up-to-date: /home/subin/subin_ws/ADS_Mission_Normal/install/ad_msgs/include/ad_msgs/ad_msgs/msg/detail/vehicle_state__type_support.h\n'}
[0.352824] (ad_msgs) StdoutLine: {'line': b'-- Up-to-date: /home/subin/subin_ws/ADS_Mission_Normal/install/ad_msgs/include/ad_msgs/ad_msgs/msg/detail/polyfit_lane_data__struct.h\n'}
[0.352851] (ad_msgs) StdoutLine: {'line': b'-- Up-to-date: /home/subin/subin_ws/ADS_Mission_Normal/install/ad_msgs/include/ad_msgs/ad_msgs/msg/detail/lane_point_data__functions.c\n'}
[0.353026] (ad_msgs) StdoutLine: {'line': b'-- Up-to-date: /home/subin/subin_ws/ADS_Mission_Normal/install/ad_msgs/include/ad_msgs/ad_msgs/msg/detail/vehicle_state__functions.h\n'}
[0.353057] (ad_msgs) StdoutLine: {'line': b'-- Up-to-date: /home/subin/subin_ws/ADS_Mission_Normal/install/ad_msgs/include/ad_msgs/ad_msgs/msg/detail/mission_region__struct.h\n'}
[0.353084] (ad_msgs) StdoutLine: {'line': b'-- Up-to-date: /home/subin/subin_ws/ADS_Mission_Normal/install/ad_msgs/include/ad_msgs/ad_msgs/msg/detail/mission_object__functions.c\n'}
[0.353115] (ad_msgs) StdoutLine: {'line': b'-- Up-to-date: /home/subin/subin_ws/ADS_Mission_Normal/install/ad_msgs/include/ad_msgs/ad_msgs/msg/detail/polyfit_lane_data_array__struct.h\n'}
[0.353139] (ad_msgs) StdoutLine: {'line': b'-- Up-to-date: /home/subin/subin_ws/ADS_Mission_Normal/install/ad_msgs/include/ad_msgs/ad_msgs/msg/detail/mission_display__struct.h\n'}
[0.353163] (ad_msgs) StdoutLine: {'line': b'-- Up-to-date: /home/subin/subin_ws/ADS_Mission_Normal/install/ad_msgs/include/ad_msgs/ad_msgs/msg/detail/lane_point_data_array__functions.h\n'}
[0.353186] (ad_msgs) StdoutLine: {'line': b'-- Up-to-date: /home/subin/subin_ws/ADS_Mission_Normal/install/ad_msgs/include/ad_msgs/ad_msgs/msg/detail/polyfit_lane_data__type_support.h\n'}
[0.353209] (ad_msgs) StdoutLine: {'line': b'-- Up-to-date: /home/subin/subin_ws/ADS_Mission_Normal/install/ad_msgs/include/ad_msgs/ad_msgs/msg/detail/polyfit_lane_data_array__functions.c\n'}
[0.353231] (ad_msgs) StdoutLine: {'line': b'-- Up-to-date: /home/subin/subin_ws/ADS_Mission_Normal/install/ad_msgs/include/ad_msgs/ad_msgs/msg/detail/vehicle_command__struct.h\n'}
[0.353254] (ad_msgs) StdoutLine: {'line': b'-- Up-to-date: /home/subin/subin_ws/ADS_Mission_Normal/install/ad_msgs/include/ad_msgs/ad_msgs/msg/detail/mission_display__functions.h\n'}
[0.353276] (ad_msgs) StdoutLine: {'line': b'-- Up-to-date: /home/subin/subin_ws/ADS_Mission_Normal/install/ad_msgs/include/ad_msgs/ad_msgs/msg/detail/vehicle_state__functions.c\n'}
[0.353299] (ad_msgs) StdoutLine: {'line': b'-- Up-to-date: /home/subin/subin_ws/ADS_Mission_Normal/install/ad_msgs/include/ad_msgs/ad_msgs/msg/detail/lane_point_data_array__struct.h\n'}
[0.353322] (ad_msgs) StdoutLine: {'line': b'-- Up-to-date: /home/subin/subin_ws/ADS_Mission_Normal/install/ad_msgs/include/ad_msgs/ad_msgs/msg/detail/mission__functions.c\n'}
[0.353346] (ad_msgs) StdoutLine: {'line': b'-- Up-to-date: /home/subin/subin_ws/ADS_Mission_Normal/install/ad_msgs/include/ad_msgs/ad_msgs/msg/detail/mission_object__struct.h\n'}
[0.353368] (ad_msgs) StdoutLine: {'line': b'-- Up-to-date: /home/subin/subin_ws/ADS_Mission_Normal/install/ad_msgs/include/ad_msgs/ad_msgs/msg/detail/lane_point_data_array__functions.c\n'}
[0.353390] (ad_msgs) StdoutLine: {'line': b'-- Up-to-date: /home/subin/subin_ws/ADS_Mission_Normal/install/ad_msgs/include/ad_msgs/ad_msgs/msg/detail/polyfit_lane_data_array__type_support.h\n'}
[0.353412] (ad_msgs) StdoutLine: {'line': b'-- Up-to-date: /home/subin/subin_ws/ADS_Mission_Normal/install/ad_msgs/include/ad_msgs/ad_msgs/msg/detail/vehicle_command__type_support.h\n'}
[0.353436] (ad_msgs) StdoutLine: {'line': b'-- Up-to-date: /home/subin/subin_ws/ADS_Mission_Normal/install/ad_msgs/include/ad_msgs/ad_msgs/msg/detail/vehicle_command__functions.c\n'}
[0.353460] (ad_msgs) StdoutLine: {'line': b'-- Up-to-date: /home/subin/subin_ws/ADS_Mission_Normal/install/ad_msgs/include/ad_msgs/ad_msgs/msg/detail/lane_point_data__functions.h\n'}
[0.353482] (ad_msgs) StdoutLine: {'line': b'-- Up-to-date: /home/subin/subin_ws/ADS_Mission_Normal/install/ad_msgs/include/ad_msgs/ad_msgs/msg/detail/mission_display__functions.c\n'}
[0.353504] (ad_msgs) StdoutLine: {'line': b'-- Up-to-date: /home/subin/subin_ws/ADS_Mission_Normal/install/ad_msgs/include/ad_msgs/ad_msgs/msg/detail/polyfit_lane_data__functions.h\n'}
[0.353526] (ad_msgs) StdoutLine: {'line': b'-- Up-to-date: /home/subin/subin_ws/ADS_Mission_Normal/install/ad_msgs/include/ad_msgs/ad_msgs/msg/detail/mission_region__functions.h\n'}
[0.353548] (ad_msgs) StdoutLine: {'line': b'-- Up-to-date: /home/subin/subin_ws/ADS_Mission_Normal/install/ad_msgs/include/ad_msgs/ad_msgs/msg/detail/mission_region__functions.c\n'}
[0.353569] (ad_msgs) StdoutLine: {'line': b'-- Up-to-date: /home/subin/subin_ws/ADS_Mission_Normal/install/ad_msgs/include/ad_msgs/ad_msgs/msg/detail/mission_object__functions.h\n'}
[0.353591] (ad_msgs) StdoutLine: {'line': b'-- Up-to-date: /home/subin/subin_ws/ADS_Mission_Normal/install/ad_msgs/include/ad_msgs/ad_msgs/msg/detail/mission__struct.h\n'}
[0.353613] (ad_msgs) StdoutLine: {'line': b'-- Up-to-date: /home/subin/subin_ws/ADS_Mission_Normal/install/ad_msgs/include/ad_msgs/ad_msgs/msg/detail/polyfit_lane_data__functions.c\n'}
[0.353640] (ad_msgs) StdoutLine: {'line': b'-- Up-to-date: /home/subin/subin_ws/ADS_Mission_Normal/install/ad_msgs/include/ad_msgs/ad_msgs/msg/detail/mission__type_support.h\n'}
[0.353661] (ad_msgs) StdoutLine: {'line': b'-- Up-to-date: /home/subin/subin_ws/ADS_Mission_Normal/install/ad_msgs/include/ad_msgs/ad_msgs/msg/detail/mission__functions.h\n'}
[0.353686] (ad_msgs) StdoutLine: {'line': b'-- Up-to-date: /home/subin/subin_ws/ADS_Mission_Normal/install/ad_msgs/include/ad_msgs/ad_msgs/msg/detail/mission_region__type_support.h\n'}
[0.353708] (ad_msgs) StdoutLine: {'line': b'-- Up-to-date: /home/subin/subin_ws/ADS_Mission_Normal/install/ad_msgs/include/ad_msgs/ad_msgs/msg/detail/polyfit_lane_data_array__functions.h\n'}
[0.353730] (ad_msgs) StdoutLine: {'line': b'-- Up-to-date: /home/subin/subin_ws/ADS_Mission_Normal/install/ad_msgs/include/ad_msgs/ad_msgs/msg/polyfit_lane_data.h\n'}
[0.353756] (ad_msgs) StdoutLine: {'line': b'-- Up-to-date: /home/subin/subin_ws/ADS_Mission_Normal/install/ad_msgs/include/ad_msgs/ad_msgs/msg/polyfit_lane_data_array.h\n'}
[0.353780] (ad_msgs) StdoutLine: {'line': b'-- Up-to-date: /home/subin/subin_ws/ADS_Mission_Normal/install/ad_msgs/include/ad_msgs/ad_msgs/msg/vehicle_state.h\n'}
[0.353803] (ad_msgs) StdoutLine: {'line': b'-- Up-to-date: /home/subin/subin_ws/ADS_Mission_Normal/install/ad_msgs/include/ad_msgs/ad_msgs/msg/mission_region.h\n'}
[0.353826] (ad_msgs) StdoutLine: {'line': b'-- Up-to-date: /home/subin/subin_ws/ADS_Mission_Normal/install/ad_msgs/include/ad_msgs/ad_msgs/msg/rosidl_generator_c__visibility_control.h\n'}
[0.353849] (ad_msgs) StdoutLine: {'line': b'-- Up-to-date: /home/subin/subin_ws/ADS_Mission_Normal/install/ad_msgs/include/ad_msgs/ad_msgs/msg/mission_object.h\n'}
[0.353871] (ad_msgs) StdoutLine: {'line': b'-- Up-to-date: /home/subin/subin_ws/ADS_Mission_Normal/install/ad_msgs/share/ad_msgs/environment/library_path.sh\n'}
[0.353924] (ad_msgs) StdoutLine: {'line': b'-- Up-to-date: /home/subin/subin_ws/ADS_Mission_Normal/install/ad_msgs/share/ad_msgs/environment/library_path.dsv\n'}
[0.354134] (ad_msgs) StdoutLine: {'line': b'-- Up-to-date: /home/subin/subin_ws/ADS_Mission_Normal/install/ad_msgs/lib/libad_msgs__rosidl_generator_c.so\n'}
[0.354258] (ad_msgs) StdoutLine: {'line': b'-- Up-to-date: /home/subin/subin_ws/ADS_Mission_Normal/install/ad_msgs/include/ad_msgs/ad_msgs\n'}
[0.354451] (ad_msgs) StdoutLine: {'line': b'-- Up-to-date: /home/subin/subin_ws/ADS_Mission_Normal/install/ad_msgs/include/ad_msgs/ad_msgs/msg\n'}
[0.354761] (ad_msgs) StdoutLine: {'line': b'-- Up-to-date: /home/subin/subin_ws/ADS_Mission_Normal/install/ad_msgs/include/ad_msgs/ad_msgs/msg/rosidl_typesupport_fastrtps_c__visibility_control.h\n'}
[0.355027] (ad_msgs) StdoutLine: {'line': b'-- Up-to-date: /home/subin/subin_ws/ADS_Mission_Normal/install/ad_msgs/include/ad_msgs/ad_msgs/msg/detail\n'}
[0.355332] (ad_msgs) StdoutLine: {'line': b'-- Up-to-date: /home/subin/subin_ws/ADS_Mission_Normal/install/ad_msgs/include/ad_msgs/ad_msgs/msg/detail/mission__rosidl_typesupport_fastrtps_c.h\n'}
[0.355682] (ad_msgs) StdoutLine: {'line': b'-- Up-to-date: /home/subin/subin_ws/ADS_Mission_Normal/install/ad_msgs/include/ad_msgs/ad_msgs/msg/detail/lane_point_data__rosidl_typesupport_fastrtps_c.h\n'}
[0.355772] (ad_msgs) StdoutLine: {'line': b'-- Up-to-date: /home/subin/subin_ws/ADS_Mission_Normal/install/ad_msgs/include/ad_msgs/ad_msgs/msg/detail/mission_display__rosidl_typesupport_fastrtps_c.h\n'}
[0.355827] (ad_msgs) StdoutLine: {'line': b'-- Up-to-date: /home/subin/subin_ws/ADS_Mission_Normal/install/ad_msgs/include/ad_msgs/ad_msgs/msg/detail/polyfit_lane_data__rosidl_typesupport_fastrtps_c.h\n'}
[0.355871] (ad_msgs) StdoutLine: {'line': b'-- Up-to-date: /home/subin/subin_ws/ADS_Mission_Normal/install/ad_msgs/include/ad_msgs/ad_msgs/msg/detail/vehicle_state__rosidl_typesupport_fastrtps_c.h\n'}
[0.355913] (ad_msgs) StdoutLine: {'line': b'-- Up-to-date: /home/subin/subin_ws/ADS_Mission_Normal/install/ad_msgs/include/ad_msgs/ad_msgs/msg/detail/vehicle_command__rosidl_typesupport_fastrtps_c.h\n'}
[0.355957] (ad_msgs) StdoutLine: {'line': b'-- Up-to-date: /home/subin/subin_ws/ADS_Mission_Normal/install/ad_msgs/include/ad_msgs/ad_msgs/msg/detail/mission_region__rosidl_typesupport_fastrtps_c.h\n'}
[0.355997] (ad_msgs) StdoutLine: {'line': b'-- Up-to-date: /home/subin/subin_ws/ADS_Mission_Normal/install/ad_msgs/include/ad_msgs/ad_msgs/msg/detail/mission_object__rosidl_typesupport_fastrtps_c.h\n'}
[0.356036] (ad_msgs) StdoutLine: {'line': b'-- Up-to-date: /home/subin/subin_ws/ADS_Mission_Normal/install/ad_msgs/include/ad_msgs/ad_msgs/msg/detail/polyfit_lane_data_array__rosidl_typesupport_fastrtps_c.h\n'}
[0.356076] (ad_msgs) StdoutLine: {'line': b'-- Up-to-date: /home/subin/subin_ws/ADS_Mission_Normal/install/ad_msgs/include/ad_msgs/ad_msgs/msg/detail/lane_point_data_array__rosidl_typesupport_fastrtps_c.h\n'}
[0.356315] (ad_msgs) StdoutLine: {'line': b'-- Up-to-date: /home/subin/subin_ws/ADS_Mission_Normal/install/ad_msgs/lib/libad_msgs__rosidl_typesupport_fastrtps_c.so\n'}
[0.356443] (ad_msgs) StdoutLine: {'line': b'-- Up-to-date: /home/subin/subin_ws/ADS_Mission_Normal/install/ad_msgs/include/ad_msgs/ad_msgs\n'}
[0.356873] (ad_msgs) StdoutLine: {'line': b'-- Up-to-date: /home/subin/subin_ws/ADS_Mission_Normal/install/ad_msgs/include/ad_msgs/ad_msgs/msg\n'}
[0.357335] (ad_msgs) StdoutLine: {'line': b'-- Up-to-date: /home/subin/subin_ws/ADS_Mission_Normal/install/ad_msgs/include/ad_msgs/ad_msgs/msg/detail\n'}
[0.357735] (ad_msgs) StdoutLine: {'line': b'-- Up-to-date: /home/subin/subin_ws/ADS_Mission_Normal/install/ad_msgs/include/ad_msgs/ad_msgs/msg/detail/polyfit_lane_data_array__type_support.c\n'}
[0.357835] (ad_msgs) StdoutLine: {'line': b'-- Up-to-date: /home/subin/subin_ws/ADS_Mission_Normal/install/ad_msgs/include/ad_msgs/ad_msgs/msg/detail/polyfit_lane_data_array__rosidl_typesupport_introspection_c.h\n'}
[0.358033] (ad_msgs) StdoutLine: {'line': b'-- Up-to-date: /home/subin/subin_ws/ADS_Mission_Normal/install/ad_msgs/include/ad_msgs/ad_msgs/msg/detail/mission_display__type_support.c\n'}
[0.358190] (ad_msgs) StdoutLine: {'line': b'-- Up-to-date: /home/subin/subin_ws/ADS_Mission_Normal/install/ad_msgs/include/ad_msgs/ad_msgs/msg/detail/lane_point_data__type_support.c\n'}
[0.358448] (ad_msgs) StdoutLine: {'line': b'-- Up-to-date: /home/subin/subin_ws/ADS_Mission_Normal/install/ad_msgs/include/ad_msgs/ad_msgs/msg/detail/mission_display__rosidl_typesupport_introspection_c.h\n'}
[0.358527] (ad_msgs) StdoutLine: {'line': b'-- Up-to-date: /home/subin/subin_ws/ADS_Mission_Normal/install/ad_msgs/include/ad_msgs/ad_msgs/msg/detail/vehicle_state__rosidl_typesupport_introspection_c.h\n'}
[0.358634] (ad_msgs) StdoutLine: {'line': b'-- Up-to-date: /home/subin/subin_ws/ADS_Mission_Normal/install/ad_msgs/include/ad_msgs/ad_msgs/msg/detail/lane_point_data_array__rosidl_typesupport_introspection_c.h\n'}
[0.358765] (ad_msgs) StdoutLine: {'line': b'-- Up-to-date: /home/subin/subin_ws/ADS_Mission_Normal/install/ad_msgs/include/ad_msgs/ad_msgs/msg/detail/vehicle_state__type_support.c\n'}
[0.358843] (ad_msgs) StdoutLine: {'line': b'-- Up-to-date: /home/subin/subin_ws/ADS_Mission_Normal/install/ad_msgs/include/ad_msgs/ad_msgs/msg/detail/vehicle_command__rosidl_typesupport_introspection_c.h\n'}
[0.358922] (ad_msgs) StdoutLine: {'line': b'-- Up-to-date: /home/subin/subin_ws/ADS_Mission_Normal/install/ad_msgs/include/ad_msgs/ad_msgs/msg/detail/mission__type_support.c\n'}
[0.358984] (ad_msgs) StdoutLine: {'line': b'-- Up-to-date: /home/subin/subin_ws/ADS_Mission_Normal/install/ad_msgs/include/ad_msgs/ad_msgs/msg/detail/mission_region__type_support.c\n'}
[0.359016] (ad_msgs) StdoutLine: {'line': b'-- Up-to-date: /home/subin/subin_ws/ADS_Mission_Normal/install/ad_msgs/include/ad_msgs/ad_msgs/msg/detail/polyfit_lane_data__rosidl_typesupport_introspection_c.h\n'}
[0.359042] (ad_msgs) StdoutLine: {'line': b'-- Up-to-date: /home/subin/subin_ws/ADS_Mission_Normal/install/ad_msgs/include/ad_msgs/ad_msgs/msg/detail/lane_point_data_array__type_support.c\n'}
[0.359139] (ad_msgs) StdoutLine: {'line': b'-- Up-to-date: /home/subin/subin_ws/ADS_Mission_Normal/install/ad_msgs/include/ad_msgs/ad_msgs/msg/detail/polyfit_lane_data__type_support.c\n'}
[0.359170] (ad_msgs) StdoutLine: {'line': b'-- Up-to-date: /home/subin/subin_ws/ADS_Mission_Normal/install/ad_msgs/include/ad_msgs/ad_msgs/msg/detail/vehicle_command__type_support.c\n'}
[0.359196] (ad_msgs) StdoutLine: {'line': b'-- Up-to-date: /home/subin/subin_ws/ADS_Mission_Normal/install/ad_msgs/include/ad_msgs/ad_msgs/msg/detail/mission_region__rosidl_typesupport_introspection_c.h\n'}
[0.359224] (ad_msgs) StdoutLine: {'line': b'-- Up-to-date: /home/subin/subin_ws/ADS_Mission_Normal/install/ad_msgs/include/ad_msgs/ad_msgs/msg/detail/lane_point_data__rosidl_typesupport_introspection_c.h\n'}
[0.359249] (ad_msgs) StdoutLine: {'line': b'-- Up-to-date: /home/subin/subin_ws/ADS_Mission_Normal/install/ad_msgs/include/ad_msgs/ad_msgs/msg/detail/mission__rosidl_typesupport_introspection_c.h\n'}
[0.359273] (ad_msgs) StdoutLine: {'line': b'-- Up-to-date: /home/subin/subin_ws/ADS_Mission_Normal/install/ad_msgs/include/ad_msgs/ad_msgs/msg/detail/mission_object__rosidl_typesupport_introspection_c.h\n'}
[0.359298] (ad_msgs) StdoutLine: {'line': b'-- Up-to-date: /home/subin/subin_ws/ADS_Mission_Normal/install/ad_msgs/include/ad_msgs/ad_msgs/msg/detail/mission_object__type_support.c\n'}
[0.359322] (ad_msgs) StdoutLine: {'line': b'-- Up-to-date: /home/subin/subin_ws/ADS_Mission_Normal/install/ad_msgs/include/ad_msgs/ad_msgs/msg/rosidl_typesupport_introspection_c__visibility_control.h\n'}
[0.359738] (ad_msgs) StdoutLine: {'line': b'-- Up-to-date: /home/subin/subin_ws/ADS_Mission_Normal/install/ad_msgs/lib/libad_msgs__rosidl_typesupport_introspection_c.so\n'}
[0.360597] (ad_msgs) StdoutLine: {'line': b'-- Up-to-date: /home/subin/subin_ws/ADS_Mission_Normal/install/ad_msgs/lib/libad_msgs__rosidl_typesupport_c.so\n'}
[0.360833] (ad_msgs) StdoutLine: {'line': b'-- Up-to-date: /home/subin/subin_ws/ADS_Mission_Normal/install/ad_msgs/include/ad_msgs/ad_msgs\n'}
[0.361123] (ad_msgs) StdoutLine: {'line': b'-- Up-to-date: /home/subin/subin_ws/ADS_Mission_Normal/install/ad_msgs/include/ad_msgs/ad_msgs/msg\n'}
[0.361220] (ad_msgs) StdoutLine: {'line': b'-- Up-to-date: /home/subin/subin_ws/ADS_Mission_Normal/install/ad_msgs/include/ad_msgs/ad_msgs/msg/vehicle_state.hpp\n'}
[0.361305] (ad_msgs) StdoutLine: {'line': b'-- Up-to-date: /home/subin/subin_ws/ADS_Mission_Normal/install/ad_msgs/include/ad_msgs/ad_msgs/msg/mission_display.hpp\n'}
[0.361388] (ad_msgs) StdoutLine: {'line': b'-- Up-to-date: /home/subin/subin_ws/ADS_Mission_Normal/install/ad_msgs/include/ad_msgs/ad_msgs/msg/vehicle_command.hpp\n'}
[0.361589] (ad_msgs) StdoutLine: {'line': b'-- Up-to-date: /home/subin/subin_ws/ADS_Mission_Normal/install/ad_msgs/include/ad_msgs/ad_msgs/msg/detail\n'}
[0.361680] (ad_msgs) StdoutLine: {'line': b'-- Up-to-date: /home/subin/subin_ws/ADS_Mission_Normal/install/ad_msgs/include/ad_msgs/ad_msgs/msg/detail/mission_region__traits.hpp\n'}
[0.361814] (ad_msgs) StdoutLine: {'line': b'-- Up-to-date: /home/subin/subin_ws/ADS_Mission_Normal/install/ad_msgs/include/ad_msgs/ad_msgs/msg/detail/polyfit_lane_data__traits.hpp\n'}
[0.361900] (ad_msgs) StdoutLine: {'line': b'-- Up-to-date: /home/subin/subin_ws/ADS_Mission_Normal/install/ad_msgs/include/ad_msgs/ad_msgs/msg/detail/polyfit_lane_data_array__type_support.hpp\n'}
[0.361952] (ad_msgs) StdoutLine: {'line': b'-- Up-to-date: /home/subin/subin_ws/ADS_Mission_Normal/install/ad_msgs/include/ad_msgs/ad_msgs/msg/detail/lane_point_data_array__builder.hpp\n'}
[0.362039] (ad_msgs) StdoutLine: {'line': b'-- Up-to-date: /home/subin/subin_ws/ADS_Mission_Normal/install/ad_msgs/include/ad_msgs/ad_msgs/msg/detail/mission_object__type_support.hpp\n'}
[0.362169] (ad_msgs) StdoutLine: {'line': b'-- Up-to-date: /home/subin/subin_ws/ADS_Mission_Normal/install/ad_msgs/include/ad_msgs/ad_msgs/msg/detail/lane_point_data__struct.hpp\n'}
[0.362247] (ad_msgs) StdoutLine: {'line': b'-- Up-to-date: /home/subin/subin_ws/ADS_Mission_Normal/install/ad_msgs/include/ad_msgs/ad_msgs/msg/detail/polyfit_lane_data_array__struct.hpp\n'}
[0.362336] (ad_msgs) StdoutLine: {'line': b'-- Up-to-date: /home/subin/subin_ws/ADS_Mission_Normal/install/ad_msgs/include/ad_msgs/ad_msgs/msg/detail/polyfit_lane_data_array__builder.hpp\n'}
[0.362475] (ad_msgs) StdoutLine: {'line': b'-- Up-to-date: /home/subin/subin_ws/ADS_Mission_Normal/install/ad_msgs/include/ad_msgs/ad_msgs/msg/detail/vehicle_command__traits.hpp\n'}
[0.362560] (ad_msgs) StdoutLine: {'line': b'-- Up-to-date: /home/subin/subin_ws/ADS_Mission_Normal/install/ad_msgs/include/ad_msgs/ad_msgs/msg/detail/mission_display__type_support.hpp\n'}
[0.362644] (ad_msgs) StdoutLine: {'line': b'-- Up-to-date: /home/subin/subin_ws/ADS_Mission_Normal/install/ad_msgs/include/ad_msgs/ad_msgs/msg/detail/mission_region__type_support.hpp\n'}
[0.362728] (ad_msgs) StdoutLine: {'line': b'-- Up-to-date: /home/subin/subin_ws/ADS_Mission_Normal/install/ad_msgs/include/ad_msgs/ad_msgs/msg/detail/lane_point_data_array__struct.hpp\n'}
[0.362811] (ad_msgs) StdoutLine: {'line': b'-- Up-to-date: /home/subin/subin_ws/ADS_Mission_Normal/install/ad_msgs/include/ad_msgs/ad_msgs/msg/detail/mission__traits.hpp\n'}
[0.362873] (ad_msgs) StdoutLine: {'line': b'-- Up-to-date: /home/subin/subin_ws/ADS_Mission_Normal/install/ad_msgs/include/ad_msgs/ad_msgs/msg/detail/mission_display__traits.hpp\n'}
[0.363177] (ad_msgs) StdoutLine: {'line': b'-- Up-to-date: /home/subin/subin_ws/ADS_Mission_Normal/install/ad_msgs/include/ad_msgs/ad_msgs/msg/detail/vehicle_command__struct.hpp\n'}
[0.363236] (ad_msgs) StdoutLine: {'line': b'-- Up-to-date: /home/subin/subin_ws/ADS_Mission_Normal/install/ad_msgs/include/ad_msgs/ad_msgs/msg/detail/mission__struct.hpp\n'}
[0.363424] (ad_msgs) StdoutLine: {'line': b'-- Up-to-date: /home/subin/subin_ws/ADS_Mission_Normal/install/ad_msgs/include/ad_msgs/ad_msgs/msg/detail/lane_point_data__type_support.hpp\n'}
[0.363516] (ad_msgs) StdoutLine: {'line': b'-- Up-to-date: /home/subin/subin_ws/ADS_Mission_Normal/install/ad_msgs/include/ad_msgs/ad_msgs/msg/detail/mission__type_support.hpp\n'}
[0.363601] (ad_msgs) StdoutLine: {'line': b'-- Up-to-date: /home/subin/subin_ws/ADS_Mission_Normal/install/ad_msgs/include/ad_msgs/ad_msgs/msg/detail/vehicle_state__struct.hpp\n'}
[0.363684] (ad_msgs) StdoutLine: {'line': b'-- Up-to-date: /home/subin/subin_ws/ADS_Mission_Normal/install/ad_msgs/include/ad_msgs/ad_msgs/msg/detail/lane_point_data__traits.hpp\n'}
[0.363746] (ad_msgs) StdoutLine: {'line': b'-- Up-to-date: /home/subin/subin_ws/ADS_Mission_Normal/install/ad_msgs/include/ad_msgs/ad_msgs/msg/detail/mission_object__builder.hpp\n'}
[0.363835] (ad_msgs) StdoutLine: {'line': b'-- Up-to-date: /home/subin/subin_ws/ADS_Mission_Normal/install/ad_msgs/include/ad_msgs/ad_msgs/msg/detail/mission_region__builder.hpp\n'}
[0.363918] (ad_msgs) StdoutLine: {'line': b'-- Up-to-date: /home/subin/subin_ws/ADS_Mission_Normal/install/ad_msgs/include/ad_msgs/ad_msgs/msg/detail/lane_point_data_array__type_support.hpp\n'}
[0.364003] (ad_msgs) StdoutLine: {'line': b'-- Up-to-date: /home/subin/subin_ws/ADS_Mission_Normal/install/ad_msgs/include/ad_msgs/ad_msgs/msg/detail/vehicle_command__type_support.hpp\n'}
[0.364062] (ad_msgs) StdoutLine: {'line': b'-- Up-to-date: /home/subin/subin_ws/ADS_Mission_Normal/install/ad_msgs/include/ad_msgs/ad_msgs/msg/detail/lane_point_data_array__traits.hpp\n'}
[0.364138] (ad_msgs) StdoutLine: {'line': b'-- Up-to-date: /home/subin/subin_ws/ADS_Mission_Normal/install/ad_msgs/include/ad_msgs/ad_msgs/msg/detail/vehicle_state__traits.hpp\n'}
[0.364223] (ad_msgs) StdoutLine: {'line': b'-- Up-to-date: /home/subin/subin_ws/ADS_Mission_Normal/install/ad_msgs/include/ad_msgs/ad_msgs/msg/detail/mission_display__builder.hpp\n'}
[0.364307] (ad_msgs) StdoutLine: {'line': b'-- Up-to-date: /home/subin/subin_ws/ADS_Mission_Normal/install/ad_msgs/include/ad_msgs/ad_msgs/msg/detail/vehicle_state__type_support.hpp\n'}
[0.364404] (ad_msgs) StdoutLine: {'line': b'-- Up-to-date: /home/subin/subin_ws/ADS_Mission_Normal/install/ad_msgs/include/ad_msgs/ad_msgs/msg/detail/polyfit_lane_data__builder.hpp\n'}
[0.364491] (ad_msgs) StdoutLine: {'line': b'-- Up-to-date: /home/subin/subin_ws/ADS_Mission_Normal/install/ad_msgs/include/ad_msgs/ad_msgs/msg/detail/polyfit_lane_data__type_support.hpp\n'}
[0.364540] (ad_msgs) StdoutLine: {'line': b'-- Up-to-date: /home/subin/subin_ws/ADS_Mission_Normal/install/ad_msgs/include/ad_msgs/ad_msgs/msg/detail/mission__builder.hpp\n'}
[0.364578] (ad_msgs) StdoutLine: {'line': b'-- Up-to-date: /home/subin/subin_ws/ADS_Mission_Normal/install/ad_msgs/include/ad_msgs/ad_msgs/msg/detail/polyfit_lane_data_array__traits.hpp\n'}
[0.364626] (ad_msgs) StdoutLine: {'line': b'-- Up-to-date: /home/subin/subin_ws/ADS_Mission_Normal/install/ad_msgs/include/ad_msgs/ad_msgs/msg/detail/mission_object__struct.hpp\n'}
[0.364674] (ad_msgs) StdoutLine: {'line': b'-- Up-to-date: /home/subin/subin_ws/ADS_Mission_Normal/install/ad_msgs/include/ad_msgs/ad_msgs/msg/detail/mission_display__struct.hpp\n'}
[0.364748] (ad_msgs) StdoutLine: {'line': b'-- Up-to-date: /home/subin/subin_ws/ADS_Mission_Normal/install/ad_msgs/include/ad_msgs/ad_msgs/msg/detail/mission_object__traits.hpp\n'}
[0.364811] (ad_msgs) StdoutLine: {'line': b'-- Up-to-date: /home/subin/subin_ws/ADS_Mission_Normal/install/ad_msgs/include/ad_msgs/ad_msgs/msg/detail/polyfit_lane_data__struct.hpp\n'}
[0.364897] (ad_msgs) StdoutLine: {'line': b'-- Up-to-date: /home/subin/subin_ws/ADS_Mission_Normal/install/ad_msgs/include/ad_msgs/ad_msgs/msg/detail/vehicle_state__builder.hpp\n'}
[0.364982] (ad_msgs) StdoutLine: {'line': b'-- Up-to-date: /home/subin/subin_ws/ADS_Mission_Normal/install/ad_msgs/include/ad_msgs/ad_msgs/msg/detail/mission_region__struct.hpp\n'}
[0.365068] (ad_msgs) StdoutLine: {'line': b'-- Up-to-date: /home/subin/subin_ws/ADS_Mission_Normal/install/ad_msgs/include/ad_msgs/ad_msgs/msg/detail/vehicle_command__builder.hpp\n'}
[0.365155] (ad_msgs) StdoutLine: {'line': b'-- Up-to-date: /home/subin/subin_ws/ADS_Mission_Normal/install/ad_msgs/include/ad_msgs/ad_msgs/msg/detail/lane_point_data__builder.hpp\n'}
[0.365252] (ad_msgs) StdoutLine: {'line': b'-- Up-to-date: /home/subin/subin_ws/ADS_Mission_Normal/install/ad_msgs/include/ad_msgs/ad_msgs/msg/polyfit_lane_data_array.hpp\n'}
[0.365298] (ad_msgs) StdoutLine: {'line': b'-- Up-to-date: /home/subin/subin_ws/ADS_Mission_Normal/install/ad_msgs/include/ad_msgs/ad_msgs/msg/lane_point_data.hpp\n'}
[0.365326] (ad_msgs) StdoutLine: {'line': b'-- Up-to-date: /home/subin/subin_ws/ADS_Mission_Normal/install/ad_msgs/include/ad_msgs/ad_msgs/msg/mission.hpp\n'}
[0.365469] (ad_msgs) StdoutLine: {'line': b'-- Up-to-date: /home/subin/subin_ws/ADS_Mission_Normal/install/ad_msgs/include/ad_msgs/ad_msgs/msg/mission_region.hpp\n'}
[0.365523] (ad_msgs) StdoutLine: {'line': b'-- Up-to-date: /home/subin/subin_ws/ADS_Mission_Normal/install/ad_msgs/include/ad_msgs/ad_msgs/msg/lane_point_data_array.hpp\n'}
[0.365555] (ad_msgs) StdoutLine: {'line': b'-- Up-to-date: /home/subin/subin_ws/ADS_Mission_Normal/install/ad_msgs/include/ad_msgs/ad_msgs/msg/mission_object.hpp\n'}
[0.365617] (ad_msgs) StdoutLine: {'line': b'-- Up-to-date: /home/subin/subin_ws/ADS_Mission_Normal/install/ad_msgs/include/ad_msgs/ad_msgs/msg/polyfit_lane_data.hpp\n'}
[0.365666] (ad_msgs) StdoutLine: {'line': b'-- Up-to-date: /home/subin/subin_ws/ADS_Mission_Normal/install/ad_msgs/include/ad_msgs/ad_msgs/msg/rosidl_generator_cpp__visibility_control.hpp\n'}
[0.365752] (ad_msgs) StdoutLine: {'line': b'-- Up-to-date: /home/subin/subin_ws/ADS_Mission_Normal/install/ad_msgs/include/ad_msgs/ad_msgs\n'}
[0.365834] (ad_msgs) StdoutLine: {'line': b'-- Up-to-date: /home/subin/subin_ws/ADS_Mission_Normal/install/ad_msgs/include/ad_msgs/ad_msgs/msg\n'}
[0.365867] (ad_msgs) StdoutLine: {'line': b'-- Up-to-date: /home/subin/subin_ws/ADS_Mission_Normal/install/ad_msgs/include/ad_msgs/ad_msgs/msg/detail\n'}
[0.365893] (ad_msgs) StdoutLine: {'line': b'-- Up-to-date: /home/subin/subin_ws/ADS_Mission_Normal/install/ad_msgs/include/ad_msgs/ad_msgs/msg/detail/mission__rosidl_typesupport_fastrtps_cpp.hpp\n'}
[0.365918] (ad_msgs) StdoutLine: {'line': b'-- Up-to-date: /home/subin/subin_ws/ADS_Mission_Normal/install/ad_msgs/include/ad_msgs/ad_msgs/msg/detail/lane_point_data__rosidl_typesupport_fastrtps_cpp.hpp\n'}
[0.365946] (ad_msgs) StdoutLine: {'line': b'-- Up-to-date: /home/subin/subin_ws/ADS_Mission_Normal/install/ad_msgs/include/ad_msgs/ad_msgs/msg/detail/vehicle_command__rosidl_typesupport_fastrtps_cpp.hpp\n'}
[0.365973] (ad_msgs) StdoutLine: {'line': b'-- Up-to-date: /home/subin/subin_ws/ADS_Mission_Normal/install/ad_msgs/include/ad_msgs/ad_msgs/msg/detail/mission_region__rosidl_typesupport_fastrtps_cpp.hpp\n'}
[0.366270] (ad_msgs) StdoutLine: {'line': b'-- Up-to-date: /home/subin/subin_ws/ADS_Mission_Normal/install/ad_msgs/include/ad_msgs/ad_msgs/msg/detail/polyfit_lane_data__rosidl_typesupport_fastrtps_cpp.hpp\n'}
[0.366351] (ad_msgs) StdoutLine: {'line': b'-- Up-to-date: /home/subin/subin_ws/ADS_Mission_Normal/install/ad_msgs/include/ad_msgs/ad_msgs/msg/detail/lane_point_data_array__rosidl_typesupport_fastrtps_cpp.hpp\n'}
[0.366380] (ad_msgs) StdoutLine: {'line': b'-- Up-to-date: /home/subin/subin_ws/ADS_Mission_Normal/install/ad_msgs/include/ad_msgs/ad_msgs/msg/detail/dds_fastrtps\n'}
[0.366407] (ad_msgs) StdoutLine: {'line': b'-- Up-to-date: /home/subin/subin_ws/ADS_Mission_Normal/install/ad_msgs/include/ad_msgs/ad_msgs/msg/detail/polyfit_lane_data_array__rosidl_typesupport_fastrtps_cpp.hpp\n'}
[0.366432] (ad_msgs) StdoutLine: {'line': b'-- Up-to-date: /home/subin/subin_ws/ADS_Mission_Normal/install/ad_msgs/include/ad_msgs/ad_msgs/msg/detail/mission_object__rosidl_typesupport_fastrtps_cpp.hpp\n'}
[0.366456] (ad_msgs) StdoutLine: {'line': b'-- Up-to-date: /home/subin/subin_ws/ADS_Mission_Normal/install/ad_msgs/include/ad_msgs/ad_msgs/msg/detail/vehicle_state__rosidl_typesupport_fastrtps_cpp.hpp\n'}
[0.366488] (ad_msgs) StdoutLine: {'line': b'-- Up-to-date: /home/subin/subin_ws/ADS_Mission_Normal/install/ad_msgs/include/ad_msgs/ad_msgs/msg/detail/mission_display__rosidl_typesupport_fastrtps_cpp.hpp\n'}
[0.366567] (ad_msgs) StdoutLine: {'line': b'-- Up-to-date: /home/subin/subin_ws/ADS_Mission_Normal/install/ad_msgs/include/ad_msgs/ad_msgs/msg/rosidl_typesupport_fastrtps_cpp__visibility_control.h\n'}
[0.366597] (ad_msgs) StdoutLine: {'line': b'-- Up-to-date: /home/subin/subin_ws/ADS_Mission_Normal/install/ad_msgs/lib/libad_msgs__rosidl_typesupport_fastrtps_cpp.so\n'}
[0.366624] (ad_msgs) StdoutLine: {'line': b'-- Up-to-date: /home/subin/subin_ws/ADS_Mission_Normal/install/ad_msgs/include/ad_msgs/ad_msgs\n'}
[0.366648] (ad_msgs) StdoutLine: {'line': b'-- Up-to-date: /home/subin/subin_ws/ADS_Mission_Normal/install/ad_msgs/include/ad_msgs/ad_msgs/msg\n'}
[0.366674] (ad_msgs) StdoutLine: {'line': b'-- Up-to-date: /home/subin/subin_ws/ADS_Mission_Normal/install/ad_msgs/include/ad_msgs/ad_msgs/msg/detail\n'}
[0.366918] (ad_msgs) StdoutLine: {'line': b'-- Up-to-date: /home/subin/subin_ws/ADS_Mission_Normal/install/ad_msgs/include/ad_msgs/ad_msgs/msg/detail/mission_display__rosidl_typesupport_introspection_cpp.hpp\n'}
[0.367022] (ad_msgs) StdoutLine: {'line': b'-- Up-to-date: /home/subin/subin_ws/ADS_Mission_Normal/install/ad_msgs/include/ad_msgs/ad_msgs/msg/detail/mission_object__type_support.cpp\n'}
[0.367177] (ad_msgs) StdoutLine: {'line': b'-- Up-to-date: /home/subin/subin_ws/ADS_Mission_Normal/install/ad_msgs/include/ad_msgs/ad_msgs/msg/detail/vehicle_state__rosidl_typesupport_introspection_cpp.hpp\n'}
[0.367341] (ad_msgs) StdoutLine: {'line': b'-- Up-to-date: /home/subin/subin_ws/ADS_Mission_Normal/install/ad_msgs/include/ad_msgs/ad_msgs/msg/detail/lane_point_data_array__rosidl_typesupport_introspection_cpp.hpp\n'}
[0.367433] (ad_msgs) StdoutLine: {'line': b'-- Up-to-date: /home/subin/subin_ws/ADS_Mission_Normal/install/ad_msgs/include/ad_msgs/ad_msgs/msg/detail/vehicle_state__type_support.cpp\n'}
[0.367462] (ad_msgs) StdoutLine: {'line': b'-- Up-to-date: /home/subin/subin_ws/ADS_Mission_Normal/install/ad_msgs/include/ad_msgs/ad_msgs/msg/detail/mission_display__type_support.cpp\n'}
[0.367492] (ad_msgs) StdoutLine: {'line': b'-- Up-to-date: /home/subin/subin_ws/ADS_Mission_Normal/install/ad_msgs/include/ad_msgs/ad_msgs/msg/detail/mission_region__type_support.cpp\n'}
[0.367518] (ad_msgs) StdoutLine: {'line': b'-- Up-to-date: /home/subin/subin_ws/ADS_Mission_Normal/install/ad_msgs/include/ad_msgs/ad_msgs/msg/detail/mission_object__rosidl_typesupport_introspection_cpp.hpp\n'}
[0.367541] (ad_msgs) StdoutLine: {'line': b'-- Up-to-date: /home/subin/subin_ws/ADS_Mission_Normal/install/ad_msgs/include/ad_msgs/ad_msgs/msg/detail/vehicle_command__type_support.cpp\n'}
[0.367565] (ad_msgs) StdoutLine: {'line': b'-- Up-to-date: /home/subin/subin_ws/ADS_Mission_Normal/install/ad_msgs/include/ad_msgs/ad_msgs/msg/detail/mission__rosidl_typesupport_introspection_cpp.hpp\n'}
[0.367588] (ad_msgs) StdoutLine: {'line': b'-- Up-to-date: /home/subin/subin_ws/ADS_Mission_Normal/install/ad_msgs/include/ad_msgs/ad_msgs/msg/detail/polyfit_lane_data_array__type_support.cpp\n'}
[0.367612] (ad_msgs) StdoutLine: {'line': b'-- Up-to-date: /home/subin/subin_ws/ADS_Mission_Normal/install/ad_msgs/include/ad_msgs/ad_msgs/msg/detail/lane_point_data__type_support.cpp\n'}
[0.367634] (ad_msgs) StdoutLine: {'line': b'-- Up-to-date: /home/subin/subin_ws/ADS_Mission_Normal/install/ad_msgs/include/ad_msgs/ad_msgs/msg/detail/lane_point_data__rosidl_typesupport_introspection_cpp.hpp\n'}
[0.367657] (ad_msgs) StdoutLine: {'line': b'-- Up-to-date: /home/subin/subin_ws/ADS_Mission_Normal/install/ad_msgs/include/ad_msgs/ad_msgs/msg/detail/mission_region__rosidl_typesupport_introspection_cpp.hpp\n'}
[0.367679] (ad_msgs) StdoutLine: {'line': b'-- Up-to-date: /home/subin/subin_ws/ADS_Mission_Normal/install/ad_msgs/include/ad_msgs/ad_msgs/msg/detail/polyfit_lane_data__type_support.cpp\n'}
[0.367701] (ad_msgs) StdoutLine: {'line': b'-- Up-to-date: /home/subin/subin_ws/ADS_Mission_Normal/install/ad_msgs/include/ad_msgs/ad_msgs/msg/detail/mission__type_support.cpp\n'}
[0.367723] (ad_msgs) StdoutLine: {'line': b'-- Up-to-date: /home/subin/subin_ws/ADS_Mission_Normal/install/ad_msgs/include/ad_msgs/ad_msgs/msg/detail/vehicle_command__rosidl_typesupport_introspection_cpp.hpp\n'}
[0.367746] (ad_msgs) StdoutLine: {'line': b'-- Up-to-date: /home/subin/subin_ws/ADS_Mission_Normal/install/ad_msgs/include/ad_msgs/ad_msgs/msg/detail/polyfit_lane_data__rosidl_typesupport_introspection_cpp.hpp\n'}
[0.367768] (ad_msgs) StdoutLine: {'line': b'-- Up-to-date: /home/subin/subin_ws/ADS_Mission_Normal/install/ad_msgs/include/ad_msgs/ad_msgs/msg/detail/lane_point_data_array__type_support.cpp\n'}
[0.367791] (ad_msgs) StdoutLine: {'line': b'-- Up-to-date: /home/subin/subin_ws/ADS_Mission_Normal/install/ad_msgs/include/ad_msgs/ad_msgs/msg/detail/polyfit_lane_data_array__rosidl_typesupport_introspection_cpp.hpp\n'}
[0.368204] (ad_msgs) StdoutLine: {'line': b'-- Up-to-date: /home/subin/subin_ws/ADS_Mission_Normal/install/ad_msgs/lib/libad_msgs__rosidl_typesupport_introspection_cpp.so\n'}
[0.369172] (ad_msgs) StdoutLine: {'line': b'-- Up-to-date: /home/subin/subin_ws/ADS_Mission_Normal/install/ad_msgs/lib/libad_msgs__rosidl_typesupport_cpp.so\n'}
[0.369378] (ad_msgs) StdoutLine: {'line': b'-- Up-to-date: /home/subin/subin_ws/ADS_Mission_Normal/install/ad_msgs/share/ad_msgs/environment/pythonpath.sh\n'}
[0.369498] (ad_msgs) StdoutLine: {'line': b'-- Up-to-date: /home/subin/subin_ws/ADS_Mission_Normal/install/ad_msgs/share/ad_msgs/environment/pythonpath.dsv\n'}
[0.369557] (ad_msgs) StdoutLine: {'line': b'-- Up-to-date: /home/subin/subin_ws/ADS_Mission_Normal/install/ad_msgs/local/lib/python3.10/dist-packages/ad_msgs-0.0.0-py3.10.egg-info\n'}
[0.369723] (ad_msgs) StdoutLine: {'line': b'-- Installing: /home/subin/subin_ws/ADS_Mission_Normal/install/ad_msgs/local/lib/python3.10/dist-packages/ad_msgs-0.0.0-py3.10.egg-info/SOURCES.txt\n'}
[0.369756] (ad_msgs) StdoutLine: {'line': b'-- Installing: /home/subin/subin_ws/ADS_Mission_Normal/install/ad_msgs/local/lib/python3.10/dist-packages/ad_msgs-0.0.0-py3.10.egg-info/top_level.txt\n'}
[0.369782] (ad_msgs) StdoutLine: {'line': b'-- Installing: /home/subin/subin_ws/ADS_Mission_Normal/install/ad_msgs/local/lib/python3.10/dist-packages/ad_msgs-0.0.0-py3.10.egg-info/dependency_links.txt\n'}
[0.369900] (ad_msgs) StdoutLine: {'line': b'-- Installing: /home/subin/subin_ws/ADS_Mission_Normal/install/ad_msgs/local/lib/python3.10/dist-packages/ad_msgs-0.0.0-py3.10.egg-info/PKG-INFO\n'}
[0.370225] (ad_msgs) StdoutLine: {'line': b'-- Up-to-date: /home/subin/subin_ws/ADS_Mission_Normal/install/ad_msgs/local/lib/python3.10/dist-packages/ad_msgs\n'}
[0.370315] (ad_msgs) StdoutLine: {'line': b'-- Up-to-date: /home/subin/subin_ws/ADS_Mission_Normal/install/ad_msgs/local/lib/python3.10/dist-packages/ad_msgs/ad_msgs_s__rosidl_typesupport_fastrtps_c.cpython-310-x86_64-linux-gnu.so\n'}
[0.370380] (ad_msgs) StdoutLine: {'line': b'-- Up-to-date: /home/subin/subin_ws/ADS_Mission_Normal/install/ad_msgs/local/lib/python3.10/dist-packages/ad_msgs/libad_msgs__rosidl_generator_py.so\n'}
[0.370557] (ad_msgs) StdoutLine: {'line': b'-- Up-to-date: /home/subin/subin_ws/ADS_Mission_Normal/install/ad_msgs/local/lib/python3.10/dist-packages/ad_msgs/ad_msgs_s__rosidl_typesupport_introspection_c.cpython-310-x86_64-linux-gnu.so\n'}
[0.370594] (ad_msgs) StdoutLine: {'line': b'-- Up-to-date: /home/subin/subin_ws/ADS_Mission_Normal/install/ad_msgs/local/lib/python3.10/dist-packages/ad_msgs/ad_msgs_s__rosidl_typesupport_c.cpython-310-x86_64-linux-gnu.so\n'}
[0.370621] (ad_msgs) StdoutLine: {'line': b'-- Up-to-date: /home/subin/subin_ws/ADS_Mission_Normal/install/ad_msgs/local/lib/python3.10/dist-packages/ad_msgs/msg\n'}
[0.370716] (ad_msgs) StdoutLine: {'line': b'-- Up-to-date: /home/subin/subin_ws/ADS_Mission_Normal/install/ad_msgs/local/lib/python3.10/dist-packages/ad_msgs/msg/_mission_region.py\n'}
[0.370746] (ad_msgs) StdoutLine: {'line': b'-- Up-to-date: /home/subin/subin_ws/ADS_Mission_Normal/install/ad_msgs/local/lib/python3.10/dist-packages/ad_msgs/msg/_mission_region_s.c\n'}
[0.370772] (ad_msgs) StdoutLine: {'line': b'-- Up-to-date: /home/subin/subin_ws/ADS_Mission_Normal/install/ad_msgs/local/lib/python3.10/dist-packages/ad_msgs/msg/_lane_point_data_s.c\n'}
[0.370795] (ad_msgs) StdoutLine: {'line': b'-- Up-to-date: /home/subin/subin_ws/ADS_Mission_Normal/install/ad_msgs/local/lib/python3.10/dist-packages/ad_msgs/msg/_polyfit_lane_data_array_s.c\n'}
[0.370819] (ad_msgs) StdoutLine: {'line': b'-- Up-to-date: /home/subin/subin_ws/ADS_Mission_Normal/install/ad_msgs/local/lib/python3.10/dist-packages/ad_msgs/msg/_vehicle_state.py\n'}
[0.370842] (ad_msgs) StdoutLine: {'line': b'-- Up-to-date: /home/subin/subin_ws/ADS_Mission_Normal/install/ad_msgs/local/lib/python3.10/dist-packages/ad_msgs/msg/_vehicle_command_s.c\n'}
[0.370865] (ad_msgs) StdoutLine: {'line': b'-- Up-to-date: /home/subin/subin_ws/ADS_Mission_Normal/install/ad_msgs/local/lib/python3.10/dist-packages/ad_msgs/msg/_lane_point_data_array.py\n'}
[0.370888] (ad_msgs) StdoutLine: {'line': b'-- Up-to-date: /home/subin/subin_ws/ADS_Mission_Normal/install/ad_msgs/local/lib/python3.10/dist-packages/ad_msgs/msg/_lane_point_data.py\n'}
[0.370951] (ad_msgs) StdoutLine: {'line': b'-- Up-to-date: /home/subin/subin_ws/ADS_Mission_Normal/install/ad_msgs/local/lib/python3.10/dist-packages/ad_msgs/msg/_lane_point_data_array_s.c\n'}
[0.371064] (ad_msgs) StdoutLine: {'line': b'-- Up-to-date: /home/subin/subin_ws/ADS_Mission_Normal/install/ad_msgs/local/lib/python3.10/dist-packages/ad_msgs/msg/_mission_object.py\n'}
[0.371095] (ad_msgs) StdoutLine: {'line': b'-- Up-to-date: /home/subin/subin_ws/ADS_Mission_Normal/install/ad_msgs/local/lib/python3.10/dist-packages/ad_msgs/msg/_mission_display_s.c\n'}
[0.371122] (ad_msgs) StdoutLine: {'line': b'-- Up-to-date: /home/subin/subin_ws/ADS_Mission_Normal/install/ad_msgs/local/lib/python3.10/dist-packages/ad_msgs/msg/_polyfit_lane_data_s.c\n'}
[0.371147] (ad_msgs) StdoutLine: {'line': b'-- Up-to-date: /home/subin/subin_ws/ADS_Mission_Normal/install/ad_msgs/local/lib/python3.10/dist-packages/ad_msgs/msg/_mission_display.py\n'}
[0.371173] (ad_msgs) StdoutLine: {'line': b'-- Up-to-date: /home/subin/subin_ws/ADS_Mission_Normal/install/ad_msgs/local/lib/python3.10/dist-packages/ad_msgs/msg/__init__.py\n'}
[0.371200] (ad_msgs) StdoutLine: {'line': b'-- Up-to-date: /home/subin/subin_ws/ADS_Mission_Normal/install/ad_msgs/local/lib/python3.10/dist-packages/ad_msgs/msg/_vehicle_command.py\n'}
[0.371224] (ad_msgs) StdoutLine: {'line': b'-- Up-to-date: /home/subin/subin_ws/ADS_Mission_Normal/install/ad_msgs/local/lib/python3.10/dist-packages/ad_msgs/msg/_mission_s.c\n'}
[0.371250] (ad_msgs) StdoutLine: {'line': b'-- Up-to-date: /home/subin/subin_ws/ADS_Mission_Normal/install/ad_msgs/local/lib/python3.10/dist-packages/ad_msgs/msg/_mission_object_s.c\n'}
[0.371278] (ad_msgs) StdoutLine: {'line': b'-- Up-to-date: /home/subin/subin_ws/ADS_Mission_Normal/install/ad_msgs/local/lib/python3.10/dist-packages/ad_msgs/msg/_polyfit_lane_data_array.py\n'}
[0.371302] (ad_msgs) StdoutLine: {'line': b'-- Up-to-date: /home/subin/subin_ws/ADS_Mission_Normal/install/ad_msgs/local/lib/python3.10/dist-packages/ad_msgs/msg/_vehicle_state_s.c\n'}
[0.371327] (ad_msgs) StdoutLine: {'line': b'-- Up-to-date: /home/subin/subin_ws/ADS_Mission_Normal/install/ad_msgs/local/lib/python3.10/dist-packages/ad_msgs/msg/_mission.py\n'}
[0.371353] (ad_msgs) StdoutLine: {'line': b'-- Up-to-date: /home/subin/subin_ws/ADS_Mission_Normal/install/ad_msgs/local/lib/python3.10/dist-packages/ad_msgs/msg/_polyfit_lane_data.py\n'}
[0.371380] (ad_msgs) StdoutLine: {'line': b'-- Up-to-date: /home/subin/subin_ws/ADS_Mission_Normal/install/ad_msgs/local/lib/python3.10/dist-packages/ad_msgs/_ad_msgs_s.ep.rosidl_typesupport_fastrtps_c.c\n'}
[0.371405] (ad_msgs) StdoutLine: {'line': b'-- Up-to-date: /home/subin/subin_ws/ADS_Mission_Normal/install/ad_msgs/local/lib/python3.10/dist-packages/ad_msgs/__init__.py\n'}
[0.371429] (ad_msgs) StdoutLine: {'line': b'-- Up-to-date: /home/subin/subin_ws/ADS_Mission_Normal/install/ad_msgs/local/lib/python3.10/dist-packages/ad_msgs/_ad_msgs_s.ep.rosidl_typesupport_introspection_c.c\n'}
[0.371455] (ad_msgs) StdoutLine: {'line': b'-- Up-to-date: /home/subin/subin_ws/ADS_Mission_Normal/install/ad_msgs/local/lib/python3.10/dist-packages/ad_msgs/_ad_msgs_s.ep.rosidl_typesupport_c.c\n'}
[0.396286] (ad_msgs) StdoutLine: {'line': b"Listing '/home/subin/subin_ws/ADS_Mission_Normal/install/ad_msgs/local/lib/python3.10/dist-packages/ad_msgs'...\n"}
[0.396521] (ad_msgs) StdoutLine: {'line': b"Listing '/home/subin/subin_ws/ADS_Mission_Normal/install/ad_msgs/local/lib/python3.10/dist-packages/ad_msgs/msg'...\n"}
[0.399794] (-) TimerEvent: {}
[0.399972] (ad_msgs) StdoutLine: {'line': b'-- Up-to-date: /home/subin/subin_ws/ADS_Mission_Normal/install/ad_msgs/local/lib/python3.10/dist-packages/ad_msgs/ad_msgs_s__rosidl_typesupport_fastrtps_c.cpython-310-x86_64-linux-gnu.so\n'}
[0.400867] (ad_msgs) StdoutLine: {'line': b'-- Up-to-date: /home/subin/subin_ws/ADS_Mission_Normal/install/ad_msgs/local/lib/python3.10/dist-packages/ad_msgs/ad_msgs_s__rosidl_typesupport_introspection_c.cpython-310-x86_64-linux-gnu.so\n'}
[0.401742] (ad_msgs) StdoutLine: {'line': b'-- Up-to-date: /home/subin/subin_ws/ADS_Mission_Normal/install/ad_msgs/local/lib/python3.10/dist-packages/ad_msgs/ad_msgs_s__rosidl_typesupport_c.cpython-310-x86_64-linux-gnu.so\n'}
[0.402664] (ad_msgs) StdoutLine: {'line': b'-- Up-to-date: /home/subin/subin_ws/ADS_Mission_Normal/install/ad_msgs/lib/libad_msgs__rosidl_generator_py.so\n'}
[0.402910] (ad_msgs) StdoutLine: {'line': b'-- Up-to-date: /home/subin/subin_ws/ADS_Mission_Normal/install/ad_msgs/share/ad_msgs/msg/VehicleState.idl\n'}
[0.403020] (ad_msgs) StdoutLine: {'line': b'-- Up-to-date: /home/subin/subin_ws/ADS_Mission_Normal/install/ad_msgs/share/ad_msgs/msg/VehicleCommand.idl\n'}
[0.403080] (ad_msgs) StdoutLine: {'line': b'-- Up-to-date: /home/subin/subin_ws/ADS_Mission_Normal/install/ad_msgs/share/ad_msgs/msg/Mission.idl\n'}
[0.403134] (ad_msgs) StdoutLine: {'line': b'-- Up-to-date: /home/subin/subin_ws/ADS_Mission_Normal/install/ad_msgs/share/ad_msgs/msg/MissionObject.idl\n'}
[0.403332] (ad_msgs) StdoutLine: {'line': b'-- Up-to-date: /home/subin/subin_ws/ADS_Mission_Normal/install/ad_msgs/share/ad_msgs/msg/MissionRegion.idl\n'}
[0.403429] (ad_msgs) StdoutLine: {'line': b'-- Up-to-date: /home/subin/subin_ws/ADS_Mission_Normal/install/ad_msgs/share/ad_msgs/msg/MissionDisplay.idl\n'}
[0.403517] (ad_msgs) StdoutLine: {'line': b'-- Up-to-date: /home/subin/subin_ws/ADS_Mission_Normal/install/ad_msgs/share/ad_msgs/msg/PolyfitLaneData.idl\n'}
[0.403628] (ad_msgs) StdoutLine: {'line': b'-- Up-to-date: /home/subin/subin_ws/ADS_Mission_Normal/install/ad_msgs/share/ad_msgs/msg/LanePointData.idl\n'}
[0.403661] (ad_msgs) StdoutLine: {'line': b'-- Up-to-date: /home/subin/subin_ws/ADS_Mission_Normal/install/ad_msgs/share/ad_msgs/msg/LanePointDataArray.idl\n'}
[0.403690] (ad_msgs) StdoutLine: {'line': b'-- Up-to-date: /home/subin/subin_ws/ADS_Mission_Normal/install/ad_msgs/share/ad_msgs/msg/PolyfitLaneDataArray.idl\n'}
[0.403724] (ad_msgs) StdoutLine: {'line': b'-- Up-to-date: /home/subin/subin_ws/ADS_Mission_Normal/install/ad_msgs/share/ad_msgs/msg/VehicleState.msg\n'}
[0.403924] (ad_msgs) StdoutLine: {'line': b'-- Up-to-date: /home/subin/subin_ws/ADS_Mission_Normal/install/ad_msgs/share/ad_msgs/msg/VehicleCommand.msg\n'}
[0.404028] (ad_msgs) StdoutLine: {'line': b'-- Up-to-date: /home/subin/subin_ws/ADS_Mission_Normal/install/ad_msgs/share/ad_msgs/msg/Mission.msg\n'}
[0.404116] (ad_msgs) StdoutLine: {'line': b'-- Up-to-date: /home/subin/subin_ws/ADS_Mission_Normal/install/ad_msgs/share/ad_msgs/msg/MissionObject.msg\n'}
[0.404189] (ad_msgs) StdoutLine: {'line': b'-- Up-to-date: /home/subin/subin_ws/ADS_Mission_Normal/install/ad_msgs/share/ad_msgs/msg/MissionRegion.msg\n'}
[0.404280] (ad_msgs) StdoutLine: {'line': b'-- Up-to-date: /home/subin/subin_ws/ADS_Mission_Normal/install/ad_msgs/share/ad_msgs/msg/MissionDisplay.msg\n'}
[0.404469] (ad_msgs) StdoutLine: {'line': b'-- Up-to-date: /home/subin/subin_ws/ADS_Mission_Normal/install/ad_msgs/share/ad_msgs/msg/PolyfitLaneData.msg\n'}
[0.404521] (ad_msgs) StdoutLine: {'line': b'-- Up-to-date: /home/subin/subin_ws/ADS_Mission_Normal/install/ad_msgs/share/ad_msgs/msg/LanePointData.msg\n'}
[0.404552] (ad_msgs) StdoutLine: {'line': b'-- Up-to-date: /home/subin/subin_ws/ADS_Mission_Normal/install/ad_msgs/share/ad_msgs/msg/LanePointDataArray.msg\n'}
[0.404587] (ad_msgs) StdoutLine: {'line': b'-- Up-to-date: /home/subin/subin_ws/ADS_Mission_Normal/install/ad_msgs/share/ad_msgs/msg/PolyfitLaneDataArray.msg\n'}
[0.404612] (ad_msgs) StdoutLine: {'line': b'-- Up-to-date: /home/subin/subin_ws/ADS_Mission_Normal/install/ad_msgs/share/ament_index/resource_index/package_run_dependencies/ad_msgs\n'}
[0.404638] (ad_msgs) StdoutLine: {'line': b'-- Up-to-date: /home/subin/subin_ws/ADS_Mission_Normal/install/ad_msgs/share/ament_index/resource_index/parent_prefix_path/ad_msgs\n'}
[0.404662] (ad_msgs) StdoutLine: {'line': b'-- Up-to-date: /home/subin/subin_ws/ADS_Mission_Normal/install/ad_msgs/share/ad_msgs/environment/ament_prefix_path.sh\n'}
[0.404685] (ad_msgs) StdoutLine: {'line': b'-- Up-to-date: /home/subin/subin_ws/ADS_Mission_Normal/install/ad_msgs/share/ad_msgs/environment/ament_prefix_path.dsv\n'}
[0.404709] (ad_msgs) StdoutLine: {'line': b'-- Up-to-date: /home/subin/subin_ws/ADS_Mission_Normal/install/ad_msgs/share/ad_msgs/environment/path.sh\n'}
[0.404734] (ad_msgs) StdoutLine: {'line': b'-- Up-to-date: /home/subin/subin_ws/ADS_Mission_Normal/install/ad_msgs/share/ad_msgs/environment/path.dsv\n'}
[0.404832] (ad_msgs) StdoutLine: {'line': b'-- Up-to-date: /home/subin/subin_ws/ADS_Mission_Normal/install/ad_msgs/share/ad_msgs/local_setup.bash\n'}
[0.404870] (ad_msgs) StdoutLine: {'line': b'-- Up-to-date: /home/subin/subin_ws/ADS_Mission_Normal/install/ad_msgs/share/ad_msgs/local_setup.sh\n'}
[0.404896] (ad_msgs) StdoutLine: {'line': b'-- Up-to-date: /home/subin/subin_ws/ADS_Mission_Normal/install/ad_msgs/share/ad_msgs/local_setup.zsh\n'}
[0.404921] (ad_msgs) StdoutLine: {'line': b'-- Up-to-date: /home/subin/subin_ws/ADS_Mission_Normal/install/ad_msgs/share/ad_msgs/local_setup.dsv\n'}
[0.404944] (ad_msgs) StdoutLine: {'line': b'-- Installing: /home/subin/subin_ws/ADS_Mission_Normal/install/ad_msgs/share/ad_msgs/package.dsv\n'}
[0.404971] (ad_msgs) StdoutLine: {'line': b'-- Up-to-date: /home/subin/subin_ws/ADS_Mission_Normal/install/ad_msgs/share/ament_index/resource_index/packages/ad_msgs\n'}
[0.405519] (ad_msgs) StdoutLine: {'line': b'-- Up-to-date: /home/subin/subin_ws/ADS_Mission_Normal/install/ad_msgs/share/ad_msgs/cmake/export_ad_msgs__rosidl_generator_cExport.cmake\n'}
[0.405587] (ad_msgs) StdoutLine: {'line': b'-- Up-to-date: /home/subin/subin_ws/ADS_Mission_Normal/install/ad_msgs/share/ad_msgs/cmake/export_ad_msgs__rosidl_generator_cExport-noconfig.cmake\n'}
[0.405987] (ad_msgs) StdoutLine: {'line': b'-- Up-to-date: /home/subin/subin_ws/ADS_Mission_Normal/install/ad_msgs/share/ad_msgs/cmake/export_ad_msgs__rosidl_typesupport_fastrtps_cExport.cmake\n'}
[0.406033] (ad_msgs) StdoutLine: {'line': b'-- Up-to-date: /home/subin/subin_ws/ADS_Mission_Normal/install/ad_msgs/share/ad_msgs/cmake/export_ad_msgs__rosidl_typesupport_fastrtps_cExport-noconfig.cmake\n'}
[0.406590] (ad_msgs) StdoutLine: {'line': b'-- Up-to-date: /home/subin/subin_ws/ADS_Mission_Normal/install/ad_msgs/share/ad_msgs/cmake/ad_msgs__rosidl_typesupport_introspection_cExport.cmake\n'}
[0.406768] (ad_msgs) StdoutLine: {'line': b'-- Up-to-date: /home/subin/subin_ws/ADS_Mission_Normal/install/ad_msgs/share/ad_msgs/cmake/ad_msgs__rosidl_typesupport_introspection_cExport-noconfig.cmake\n'}
[0.407185] (ad_msgs) StdoutLine: {'line': b'-- Up-to-date: /home/subin/subin_ws/ADS_Mission_Normal/install/ad_msgs/share/ad_msgs/cmake/ad_msgs__rosidl_typesupport_cExport.cmake\n'}
[0.407352] (ad_msgs) StdoutLine: {'line': b'-- Up-to-date: /home/subin/subin_ws/ADS_Mission_Normal/install/ad_msgs/share/ad_msgs/cmake/ad_msgs__rosidl_typesupport_cExport-noconfig.cmake\n'}
[0.408127] (ad_msgs) StdoutLine: {'line': b'-- Up-to-date: /home/subin/subin_ws/ADS_Mission_Normal/install/ad_msgs/share/ad_msgs/cmake/export_ad_msgs__rosidl_generator_cppExport.cmake\n'}
[0.409028] (ad_msgs) StdoutLine: {'line': b'-- Up-to-date: /home/subin/subin_ws/ADS_Mission_Normal/install/ad_msgs/share/ad_msgs/cmake/export_ad_msgs__rosidl_typesupport_fastrtps_cppExport.cmake\n'}
[0.409206] (ad_msgs) StdoutLine: {'line': b'-- Up-to-date: /home/subin/subin_ws/ADS_Mission_Normal/install/ad_msgs/share/ad_msgs/cmake/export_ad_msgs__rosidl_typesupport_fastrtps_cppExport-noconfig.cmake\n'}
[0.410181] (ad_msgs) StdoutLine: {'line': b'-- Up-to-date: /home/subin/subin_ws/ADS_Mission_Normal/install/ad_msgs/share/ad_msgs/cmake/ad_msgs__rosidl_typesupport_introspection_cppExport.cmake\n'}
[0.410238] (ad_msgs) StdoutLine: {'line': b'-- Up-to-date: /home/subin/subin_ws/ADS_Mission_Normal/install/ad_msgs/share/ad_msgs/cmake/ad_msgs__rosidl_typesupport_introspection_cppExport-noconfig.cmake\n'}
[0.411009] (ad_msgs) StdoutLine: {'line': b'-- Up-to-date: /home/subin/subin_ws/ADS_Mission_Normal/install/ad_msgs/share/ad_msgs/cmake/ad_msgs__rosidl_typesupport_cppExport.cmake\n'}
[0.411093] (ad_msgs) StdoutLine: {'line': b'-- Up-to-date: /home/subin/subin_ws/ADS_Mission_Normal/install/ad_msgs/share/ad_msgs/cmake/ad_msgs__rosidl_typesupport_cppExport-noconfig.cmake\n'}
[0.411765] (ad_msgs) StdoutLine: {'line': b'-- Up-to-date: /home/subin/subin_ws/ADS_Mission_Normal/install/ad_msgs/share/ad_msgs/cmake/export_ad_msgs__rosidl_generator_pyExport.cmake\n'}
[0.411852] (ad_msgs) StdoutLine: {'line': b'-- Up-to-date: /home/subin/subin_ws/ADS_Mission_Normal/install/ad_msgs/share/ad_msgs/cmake/export_ad_msgs__rosidl_generator_pyExport-noconfig.cmake\n'}
[0.411888] (ad_msgs) StdoutLine: {'line': b'-- Up-to-date: /home/subin/subin_ws/ADS_Mission_Normal/install/ad_msgs/share/ad_msgs/cmake/rosidl_cmake-extras.cmake\n'}
[0.411924] (ad_msgs) StdoutLine: {'line': b'-- Up-to-date: /home/subin/subin_ws/ADS_Mission_Normal/install/ad_msgs/share/ad_msgs/cmake/ament_cmake_export_dependencies-extras.cmake\n'}
[0.412029] (ad_msgs) StdoutLine: {'line': b'-- Up-to-date: /home/subin/subin_ws/ADS_Mission_Normal/install/ad_msgs/share/ad_msgs/cmake/ament_cmake_export_include_directories-extras.cmake\n'}
[0.412153] (ad_msgs) StdoutLine: {'line': b'-- Up-to-date: /home/subin/subin_ws/ADS_Mission_Normal/install/ad_msgs/share/ad_msgs/cmake/ament_cmake_export_libraries-extras.cmake\n'}
[0.412255] (ad_msgs) StdoutLine: {'line': b'-- Up-to-date: /home/subin/subin_ws/ADS_Mission_Normal/install/ad_msgs/share/ad_msgs/cmake/ament_cmake_export_targets-extras.cmake\n'}
[0.412290] (ad_msgs) StdoutLine: {'line': b'-- Up-to-date: /home/subin/subin_ws/ADS_Mission_Normal/install/ad_msgs/share/ad_msgs/cmake/rosidl_cmake_export_typesupport_targets-extras.cmake\n'}
[0.412317] (ad_msgs) StdoutLine: {'line': b'-- Up-to-date: /home/subin/subin_ws/ADS_Mission_Normal/install/ad_msgs/share/ad_msgs/cmake/rosidl_cmake_export_typesupport_libraries-extras.cmake\n'}
[0.412362] (ad_msgs) StdoutLine: {'line': b'-- Up-to-date: /home/subin/subin_ws/ADS_Mission_Normal/install/ad_msgs/share/ad_msgs/cmake/ad_msgsConfig.cmake\n'}
[0.412402] (ad_msgs) StdoutLine: {'line': b'-- Up-to-date: /home/subin/subin_ws/ADS_Mission_Normal/install/ad_msgs/share/ad_msgs/cmake/ad_msgsConfig-version.cmake\n'}
[0.412436] (ad_msgs) StdoutLine: {'line': b'-- Up-to-date: /home/subin/subin_ws/ADS_Mission_Normal/install/ad_msgs/share/ad_msgs/package.xml\n'}
[0.414793] (ad_msgs) CommandEnded: {'returncode': 0}
[0.432301] (ad_msgs) JobEnded: {'identifier': 'ad_msgs', 'rc': 0}
[0.433285] (autonomous_driving) JobStarted: {'identifier': 'autonomous_driving'}
[0.436623] (evaluation) JobStarted: {'identifier': 'evaluation'}
[0.440061] (mission_manager) JobStarted: {'identifier': 'mission_manager'}
[0.443700] (simulator) JobStarted: {'identifier': 'simulator'}
[0.499986] (-) TimerEvent: {}
[0.568487] (evaluation) JobProgress: {'identifier': 'evaluation', 'progress': 'cmake'}
[0.569505] (evaluation) JobProgress: {'identifier': 'evaluation', 'progress': 'build'}
[0.570207] (evaluation) Command: {'cmd': ['/usr/bin/cmake', '--build', '/home/subin/subin_ws/ADS_Mission_Normal/build/evaluation', '--', '-j22', '-l22'], 'cwd': '/home/subin/subin_ws/ADS_Mission_Normal/build/evaluation', 'env': OrderedDict([('LESSOPEN', '| /usr/bin/lesspipe %s'), ('USER', 'subin'), ('GIT_ASKPASS', '/home/subin/.vscode-server/bin/618725e67565b290ba4da6fe2d29f8fa1d4e3622/extensions/git/dist/askpass.sh'), ('SHLVL', '1'), ('LIBGL_ALWAYS_SOFTWARE', '1'), ('LD_LIBRARY_PATH', '/home/subin/subin_ws/ADS_Mission_Normal/install/ad_msgs/lib:/home/subin/subin_ws/ADS_Mission_Basic/install/ad_msgs/lib:/home/subin/subin_ws/Autonomous_Driving_Software_Final/install/ad_msgs/lib:/home/subin/subin_ws/ADS_Mission_Hard/install/ad_msgs/lib:/home/subin/subin_ws/ADS_Final_MissionHard/install/ad_msgs/lib:/opt/ros/humble/opt/rviz_ogre_vendor/lib:/opt/ros/humble/lib/x86_64-linux-gnu:/opt/ros/humble/lib'), ('MOTD_SHOWN', 'update-motd'), ('HOME', '/home/subin'), ('OLDPWD', '/home/subin/subin_ws'), ('TERM_PROGRAM_VERSION', '1.107.0'), ('VSCODE_IPC_HOOK_CLI', '/run/user/1000/vscode-ipc-dcfa51ba-6497-406c-9e9f-f76725eff328.sock'), ('ROS_PYTHON_VERSION', '3'), ('VSCODE_GIT_ASKPASS_MAIN', '/home/subin/.vscode-server/bin/618725e67565b290ba4da6fe2d29f8fa1d4e3622/extensions/git/dist/askpass-main.js'), ('VSCODE_GIT_ASKPASS_NODE', '/home/subin/.vscode-server/bin/618725e67565b290ba4da6fe2d29f8fa1d4e3622/node'), ('VSCODE_PYTHON_AUTOACTIVATE_GUARD', '1'), ('DBUS_SESSION_BUS_ADDRESS', 'unix:path=/run/user/1000/bus'), ('COLORTERM', 'truecolor'), ('WSL_DISTRO_NAME', 'Ubuntu-22.04'), ('WAYLAND_DISPLAY', 'wayland-0'), ('COLCON_PREFIX_PATH', '/home/subin/subin_ws/ADS_Mission_Basic/install:/home/subin/subin_ws/Autonomous_Driving_Software_Final/install:/home/subin/subin_ws/ADS_Mission_Hard/install:/home/subin/subin_ws/ADS_Mission_Normal/install:/home/subin/subin_ws/ADS_Final_MissionHard/install'), ('ROS_DISTRO', 'humble'), ('LOGNAME', 'subin'), ('NAME', 'GalaxyBook4Pro-427M5'), ('WSL_INTEROP', '/run/WSL/71539_interop'), ('PULSE_SERVER', 'unix:/mnt/wslg/PulseServer'), ('_', '/usr/bin/colcon'), ('ROS_VERSION', '2'), ('TERM', 'xterm-256color'), ('ROS_LOCALHOST_ONLY', '0'), ('PATH', '/home/subin/.vscode-server/data/User/globalStorage/github.copilot-chat/debugCommand:/home/subin/.vscode-server/data/User/globalStorage/github.copilot-chat/copilotCli:/home/subin/.vscode-server/bin/618725e67565b290ba4da6fe2d29f8fa1d4e3622/bin/remote-cli:/opt/ros/humble/bin:/usr/local/sbin:/usr/local/bin:/usr/sbin:/usr/bin:/sbin:/bin:/usr/games:/usr/local/games:/usr/lib/wsl/lib:/mnt/c/Program Files/Microsoft/jdk-17.0.16.8-hotspot/bin:/mnt/c/Program Files/Eclipse Adoptium/jdk-17.0.16.8-hotspot/bin:/mnt/c/Python313/Scripts/:/mnt/c/Python313/:/mnt/c/WINDOWS/system32:/mnt/c/WINDOWS:/mnt/c/WINDOWS/System32/Wbem:/mnt/c/WINDOWS/System32/WindowsPowerShell/v1.0/:/mnt/c/WINDOWS/System32/OpenSSH/:/mnt/c/ProgramData/chocolatey/bin:/mnt/c/Program Files/Docker/Docker/resources/bin:/mnt/c/Program Files (x86)/Windows Kits/10/Windows Performance Toolkit/:/mnt/c/Program Files/Microsoft/jdk-17.0.16.8-hotspot/bin:/mnt/c/Users/soo16/OneDrive/바탕 화면/Graphviz/bin:/mnt/c/:/mnt/c/Users/soo16/AppData/Local/nvm:/mnt/c/nvm4w/nodejs:/mnt/c/Program Files/Git/cmd:/mnt/c/Program Files/MySQL/MySQL Shell 8.0/bin/:/mnt/c/Users/soo16/AppData/Local/Programs/Python/Python312/Scripts/:/mnt/c/Users/soo16/AppData/Local/Programs/Python/Python312/:/mnt/c/Users/soo16/AppData/Local/Microsoft/WindowsApps:/mnt/c/Users/soo16/AppData/Local/afreeca:/mnt/c/Users/soo16/AppData/Local/Programs/Microsoft VS Code/bin:/mnt/c/Users/soo16/AppData/Local/SOOP:/mnt/c/Users/soo16/AppData/Local/GitHubDesktop/bin:/mnt/c/Program Files/Eclipse Adoptium/jdk-17.0.16.8-hotspot/bin:/mnt/c/Users/soo16/AppData/Local/Android/Sdk/platform-tools:/mnt/c/Users/soo16/AppData/Local/nvm:/mnt/c/nvm4w/nodejs:/snap/bin'), ('XDG_RUNTIME_DIR', '/run/user/1000/'), ('DISPLAY', ':0'), ('LANG', 'C.UTF-8'), ('LS_COLORS', 'rs=0:di=01;34:ln=01;36:mh=00:pi=40;33:so=01;35:do=01;35:bd=40;33;01:cd=40;33;01:or=40;31;01:mi=00:su=37;41:sg=30;43:ca=30;41:tw=30;42:ow=34;42:st=37;44:ex=01;32:*.tar=01;31:*.tgz=01;31:*.arc=01;31:*.arj=01;31:*.taz=01;31:*.lha=01;31:*.lz4=01;31:*.lzh=01;31:*.lzma=01;31:*.tlz=01;31:*.txz=01;31:*.tzo=01;31:*.t7z=01;31:*.zip=01;31:*.z=01;31:*.dz=01;31:*.gz=01;31:*.lrz=01;31:*.lz=01;31:*.lzo=01;31:*.xz=01;31:*.zst=01;31:*.tzst=01;31:*.bz2=01;31:*.bz=01;31:*.tbz=01;31:*.tbz2=01;31:*.tz=01;31:*.deb=01;31:*.rpm=01;31:*.jar=01;31:*.war=01;31:*.ear=01;31:*.sar=01;31:*.rar=01;31:*.alz=01;31:*.ace=01;31:*.zoo=01;31:*.cpio=01;31:*.7z=01;31:*.rz=01;31:*.cab=01;31:*.wim=01;31:*.swm=01;31:*.dwm=01;31:*.esd=01;31:*.jpg=01;35:*.jpeg=01;35:*.mjpg=01;35:*.mjpeg=01;35:*.gif=01;35:*.bmp=01;35:*.pbm=01;35:*.pgm=01;35:*.ppm=01;35:*.tga=01;35:*.xbm=01;35:*.xpm=01;35:*.tif=01;35:*.tiff=01;35:*.png=01;35:*.svg=01;35:*.svgz=01;35:*.mng=01;35:*.pcx=01;35:*.mov=01;35:*.mpg=01;35:*.mpeg=01;35:*.m2v=01;35:*.mkv=01;35:*.webm=01;35:*.webp=01;35:*.ogm=01;35:*.mp4=01;35:*.m4v=01;35:*.mp4v=01;35:*.vob=01;35:*.qt=01;35:*.nuv=01;35:*.wmv=01;35:*.asf=01;35:*.rm=01;35:*.rmvb=01;35:*.flc=01;35:*.avi=01;35:*.fli=01;35:*.flv=01;35:*.gl=01;35:*.dl=01;35:*.xcf=01;35:*.xwd=01;35:*.yuv=01;35:*.cgm=01;35:*.emf=01;35:*.ogv=01;35:*.ogx=01;35:*.aac=00;36:*.au=00;36:*.flac=00;36:*.m4a=00;36:*.mid=00;36:*.midi=00;36:*.mka=00;36:*.mp3=00;36:*.mpc=00;36:*.ogg=00;36:*.ra=00;36:*.wav=00;36:*.oga=00;36:*.opus=00;36:*.spx=00;36:*.xspf=00;36:'), ('VSCODE_GIT_IPC_HANDLE', '/run/user/1000/vscode-git-c2f421b98a.sock'), ('TERM_PROGRAM', 'vscode'), ('AMENT_PREFIX_PATH', '/home/subin/subin_ws/ADS_Mission_Basic/install/simulator:/home/subin/subin_ws/ADS_Mission_Basic/install/mission_manager:/home/subin/subin_ws/ADS_Mission_Basic/install/evaluation:/home/subin/subin_ws/ADS_Mission_Basic/install/autonomous_driving:/home/subin/subin_ws/ADS_Mission_Basic/install/ad_msgs:/home/subin/subin_ws/Autonomous_Driving_Software_Final/install/simulator:/home/subin/subin_ws/Autonomous_Driving_Software_Final/install/mission_manager:/home/subin/subin_ws/Autonomous_Driving_Software_Final/install/evaluation:/home/subin/subin_ws/Autonomous_Driving_Software_Final/install/autonomous_driving:/home/subin/subin_ws/Autonomous_Driving_Software_Final/install/ad_msgs:/home/subin/subin_ws/ADS_Mission_Hard/install/simulator:/home/subin/subin_ws/ADS_Mission_Hard/install/mission_manager:/home/subin/subin_ws/ADS_Mission_Hard/install/evaluation:/home/subin/subin_ws/ADS_Mission_Hard/install/autonomous_driving:/home/subin/subin_ws/ADS_Mission_Hard/install/ad_msgs:/home/subin/subin_ws/ADS_Mission_Normal/install/simulator:/home/subin/subin_ws/ADS_Mission_Normal/install/mission_manager:/home/subin/subin_ws/ADS_Mission_Normal/install/evaluation:/home/subin/subin_ws/ADS_Mission_Normal/install/autonomous_driving:/home/subin/subin_ws/ADS_Mission_Normal/install/ad_msgs:/home/subin/subin_ws/ADS_Final_MissionHard/install/simulator:/home/subin/subin_ws/ADS_Final_MissionHard/install/mission_manager:/home/subin/subin_ws/ADS_Final_MissionHard/install/evaluation:/home/subin/subin_ws/ADS_Final_MissionHard/install/autonomous_driving:/home/subin/subin_ws/ADS_Final_MissionHard/install/ad_msgs:/opt/ros/humble'), ('SHELL', '/bin/bash'), ('LESSCLOSE', '/usr/bin/lesspipe %s %s'), ('VSCODE_GIT_ASKPASS_EXTRA_ARGS', ''), ('PWD', '/home/subin/subin_ws/ADS_Mission_Normal/build/evaluation'), ('XDG_DATA_DIRS', '/usr/local/share:/usr/share:/var/lib/snapd/desktop'), ('PYTHONPATH', '/home/subin/subin_ws/ADS_Mission_Basic/install/ad_msgs/local/lib/python3.10/dist-packages:/home/subin/subin_ws/Autonomous_Driving_Software_Final/install/ad_msgs/local/lib/python3.10/dist-packages:/home/subin/subin_ws/ADS_Mission_Hard/install/ad_msgs/local/lib/python3.10/dist-packages:/home/subin/subin_ws/ADS_Mission_Normal/install/ad_msgs/local/lib/python3.10/dist-packages:/home/subin/subin_ws/ADS_Final_MissionHard/install/ad_msgs/local/lib/python3.10/dist-packages:/opt/ros/humble/lib/python3.10/site-packages:/opt/ros/humble/local/lib/python3.10/dist-packages'), ('COLCON', '1'), ('WSL2_GUI_APPS_ENABLED', '1'), ('HOSTTYPE', 'x86_64'), ('CMAKE_PREFIX_PATH', '/home/subin/subin_ws/ADS_Mission_Normal/install/ad_msgs:/home/subin/subin_ws/ADS_Mission_Basic/install/simulator:/home/subin/subin_ws/ADS_Mission_Basic/install/mission_manager:/home/subin/subin_ws/ADS_Mission_Basic/install/evaluation:/home/subin/subin_ws/ADS_Mission_Basic/install/autonomous_driving:/home/subin/subin_ws/ADS_Mission_Basic/install/ad_msgs:/home/subin/subin_ws/Autonomous_Driving_Software_Final/install/simulator:/home/subin/subin_ws/Autonomous_Driving_Software_Final/install/mission_manager:/home/subin/subin_ws/Autonomous_Driving_Software_Final/install/evaluation:/home/subin/subin_ws/Autonomous_Driving_Software_Final/install/autonomous_driving:/home/subin/subin_ws/Autonomous_Driving_Software_Final/install/ad_msgs:/home/subin/subin_ws/ADS_Mission_Hard/install/simulator:/home/subin/subin_ws/ADS_Mission_Hard/install/mission_manager:/home/subin/subin_ws/ADS_Mission_Hard/install/evaluation:/home/subin/subin_ws/ADS_Mission_Hard/install/autonomous_driving:/home/subin/subin_ws/ADS_Mission_Hard/install/ad_msgs:/home/subin/subin_ws/ADS_Mission_Normal/install/simulator:/home/subin/subin_ws/ADS_Mission_Normal/install/mission_manager:/home/subin/subin_ws/ADS_Mission_Normal/install/evaluation:/home/subin/subin_ws/ADS_Mission_Normal/install/autonomous_driving:/home/subin/subin_ws/ADS_Final_MissionHard/install/simulator:/home/subin/subin_ws/ADS_Final_MissionHard/install/mission_manager:/home/subin/subin_ws/ADS_Final_MissionHard/install/evaluation:/home/subin/subin_ws/ADS_Final_MissionHard/install/autonomous_driving:/home/subin/subin_ws/ADS_Final_MissionHard/install/ad_msgs:/opt/ros/humble'), ('WSLENV', 'VSCODE_WSL_EXT_LOCATION/up')]), 'shell': False}
[0.572026] (mission_manager) JobProgress: {'identifier': 'mission_manager', 'progress': 'cmake'}
[0.573166] (mission_manager) JobProgress: {'identifier': 'mission_manager', 'progress': 'build'}
[0.573470] (mission_manager) Command: {'cmd': ['/usr/bin/cmake', '--build', '/home/subin/subin_ws/ADS_Mission_Normal/build/mission_manager', '--', '-j22', '-l22'], 'cwd': '/home/subin/subin_ws/ADS_Mission_Normal/build/mission_manager', 'env': OrderedDict([('LESSOPEN', '| /usr/bin/lesspipe %s'), ('USER', 'subin'), ('GIT_ASKPASS', '/home/subin/.vscode-server/bin/618725e67565b290ba4da6fe2d29f8fa1d4e3622/extensions/git/dist/askpass.sh'), ('SHLVL', '1'), ('LIBGL_ALWAYS_SOFTWARE', '1'), ('LD_LIBRARY_PATH', '/home/subin/subin_ws/ADS_Mission_Normal/install/ad_msgs/lib:/home/subin/subin_ws/ADS_Mission_Basic/install/ad_msgs/lib:/home/subin/subin_ws/Autonomous_Driving_Software_Final/install/ad_msgs/lib:/home/subin/subin_ws/ADS_Mission_Hard/install/ad_msgs/lib:/home/subin/subin_ws/ADS_Final_MissionHard/install/ad_msgs/lib:/opt/ros/humble/opt/rviz_ogre_vendor/lib:/opt/ros/humble/lib/x86_64-linux-gnu:/opt/ros/humble/lib'), ('MOTD_SHOWN', 'update-motd'), ('HOME', '/home/subin'), ('OLDPWD', '/home/subin/subin_ws'), ('TERM_PROGRAM_VERSION', '1.107.0'), ('VSCODE_IPC_HOOK_CLI', '/run/user/1000/vscode-ipc-dcfa51ba-6497-406c-9e9f-f76725eff328.sock'), ('ROS_PYTHON_VERSION', '3'), ('VSCODE_GIT_ASKPASS_MAIN', '/home/subin/.vscode-server/bin/618725e67565b290ba4da6fe2d29f8fa1d4e3622/extensions/git/dist/askpass-main.js'), ('VSCODE_GIT_ASKPASS_NODE', '/home/subin/.vscode-server/bin/618725e67565b290ba4da6fe2d29f8fa1d4e3622/node'), ('VSCODE_PYTHON_AUTOACTIVATE_GUARD', '1'), ('DBUS_SESSION_BUS_ADDRESS', 'unix:path=/run/user/1000/bus'), ('COLORTERM', 'truecolor'), ('WSL_DISTRO_NAME', 'Ubuntu-22.04'), ('WAYLAND_DISPLAY', 'wayland-0'), ('COLCON_PREFIX_PATH', '/home/subin/subin_ws/ADS_Mission_Basic/install:/home/subin/subin_ws/Autonomous_Driving_Software_Final/install:/home/subin/subin_ws/ADS_Mission_Hard/install:/home/subin/subin_ws/ADS_Mission_Normal/install:/home/subin/subin_ws/ADS_Final_MissionHard/install'), ('ROS_DISTRO', 'humble'), ('LOGNAME', 'subin'), ('NAME', 'GalaxyBook4Pro-427M5'), ('WSL_INTEROP', '/run/WSL/71539_interop'), ('PULSE_SERVER', 'unix:/mnt/wslg/PulseServer'), ('_', '/usr/bin/colcon'), ('ROS_VERSION', '2'), ('TERM', 'xterm-256color'), ('ROS_LOCALHOST_ONLY', '0'), ('PATH', '/home/subin/.vscode-server/data/User/globalStorage/github.copilot-chat/debugCommand:/home/subin/.vscode-server/data/User/globalStorage/github.copilot-chat/copilotCli:/home/subin/.vscode-server/bin/618725e67565b290ba4da6fe2d29f8fa1d4e3622/bin/remote-cli:/opt/ros/humble/bin:/usr/local/sbin:/usr/local/bin:/usr/sbin:/usr/bin:/sbin:/bin:/usr/games:/usr/local/games:/usr/lib/wsl/lib:/mnt/c/Program Files/Microsoft/jdk-17.0.16.8-hotspot/bin:/mnt/c/Program Files/Eclipse Adoptium/jdk-17.0.16.8-hotspot/bin:/mnt/c/Python313/Scripts/:/mnt/c/Python313/:/mnt/c/WINDOWS/system32:/mnt/c/WINDOWS:/mnt/c/WINDOWS/System32/Wbem:/mnt/c/WINDOWS/System32/WindowsPowerShell/v1.0/:/mnt/c/WINDOWS/System32/OpenSSH/:/mnt/c/ProgramData/chocolatey/bin:/mnt/c/Program Files/Docker/Docker/resources/bin:/mnt/c/Program Files (x86)/Windows Kits/10/Windows Performance Toolkit/:/mnt/c/Program Files/Microsoft/jdk-17.0.16.8-hotspot/bin:/mnt/c/Users/soo16/OneDrive/바탕 화면/Graphviz/bin:/mnt/c/:/mnt/c/Users/soo16/AppData/Local/nvm:/mnt/c/nvm4w/nodejs:/mnt/c/Program Files/Git/cmd:/mnt/c/Program Files/MySQL/MySQL Shell 8.0/bin/:/mnt/c/Users/soo16/AppData/Local/Programs/Python/Python312/Scripts/:/mnt/c/Users/soo16/AppData/Local/Programs/Python/Python312/:/mnt/c/Users/soo16/AppData/Local/Microsoft/WindowsApps:/mnt/c/Users/soo16/AppData/Local/afreeca:/mnt/c/Users/soo16/AppData/Local/Programs/Microsoft VS Code/bin:/mnt/c/Users/soo16/AppData/Local/SOOP:/mnt/c/Users/soo16/AppData/Local/GitHubDesktop/bin:/mnt/c/Program Files/Eclipse Adoptium/jdk-17.0.16.8-hotspot/bin:/mnt/c/Users/soo16/AppData/Local/Android/Sdk/platform-tools:/mnt/c/Users/soo16/AppData/Local/nvm:/mnt/c/nvm4w/nodejs:/snap/bin'), ('XDG_RUNTIME_DIR', '/run/user/1000/'), ('DISPLAY', ':0'), ('LANG', 'C.UTF-8'), ('LS_COLORS', 'rs=0:di=01;34:ln=01;36:mh=00:pi=40;33:so=01;35:do=01;35:bd=40;33;01:cd=40;33;01:or=40;31;01:mi=00:su=37;41:sg=30;43:ca=30;41:tw=30;42:ow=34;42:st=37;44:ex=01;32:*.tar=01;31:*.tgz=01;31:*.arc=01;31:*.arj=01;31:*.taz=01;31:*.lha=01;31:*.lz4=01;31:*.lzh=01;31:*.lzma=01;31:*.tlz=01;31:*.txz=01;31:*.tzo=01;31:*.t7z=01;31:*.zip=01;31:*.z=01;31:*.dz=01;31:*.gz=01;31:*.lrz=01;31:*.lz=01;31:*.lzo=01;31:*.xz=01;31:*.zst=01;31:*.tzst=01;31:*.bz2=01;31:*.bz=01;31:*.tbz=01;31:*.tbz2=01;31:*.tz=01;31:*.deb=01;31:*.rpm=01;31:*.jar=01;31:*.war=01;31:*.ear=01;31:*.sar=01;31:*.rar=01;31:*.alz=01;31:*.ace=01;31:*.zoo=01;31:*.cpio=01;31:*.7z=01;31:*.rz=01;31:*.cab=01;31:*.wim=01;31:*.swm=01;31:*.dwm=01;31:*.esd=01;31:*.jpg=01;35:*.jpeg=01;35:*.mjpg=01;35:*.mjpeg=01;35:*.gif=01;35:*.bmp=01;35:*.pbm=01;35:*.pgm=01;35:*.ppm=01;35:*.tga=01;35:*.xbm=01;35:*.xpm=01;35:*.tif=01;35:*.tiff=01;35:*.png=01;35:*.svg=01;35:*.svgz=01;35:*.mng=01;35:*.pcx=01;35:*.mov=01;35:*.mpg=01;35:*.mpeg=01;35:*.m2v=01;35:*.mkv=01;35:*.webm=01;35:*.webp=01;35:*.ogm=01;35:*.mp4=01;35:*.m4v=01;35:*.mp4v=01;35:*.vob=01;35:*.qt=01;35:*.nuv=01;35:*.wmv=01;35:*.asf=01;35:*.rm=01;35:*.rmvb=01;35:*.flc=01;35:*.avi=01;35:*.fli=01;35:*.flv=01;35:*.gl=01;35:*.dl=01;35:*.xcf=01;35:*.xwd=01;35:*.yuv=01;35:*.cgm=01;35:*.emf=01;35:*.ogv=01;35:*.ogx=01;35:*.aac=00;36:*.au=00;36:*.flac=00;36:*.m4a=00;36:*.mid=00;36:*.midi=00;36:*.mka=00;36:*.mp3=00;36:*.mpc=00;36:*.ogg=00;36:*.ra=00;36:*.wav=00;36:*.oga=00;36:*.opus=00;36:*.spx=00;36:*.xspf=00;36:'), ('VSCODE_GIT_IPC_HANDLE', '/run/user/1000/vscode-git-c2f421b98a.sock'), ('TERM_PROGRAM', 'vscode'), ('AMENT_PREFIX_PATH', '/home/subin/subin_ws/ADS_Mission_Basic/install/simulator:/home/subin/subin_ws/ADS_Mission_Basic/install/mission_manager:/home/subin/subin_ws/ADS_Mission_Basic/install/evaluation:/home/subin/subin_ws/ADS_Mission_Basic/install/autonomous_driving:/home/subin/subin_ws/ADS_Mission_Basic/install/ad_msgs:/home/subin/subin_ws/Autonomous_Driving_Software_Final/install/simulator:/home/subin/subin_ws/Autonomous_Driving_Software_Final/install/mission_manager:/home/subin/subin_ws/Autonomous_Driving_Software_Final/install/evaluation:/home/subin/subin_ws/Autonomous_Driving_Software_Final/install/autonomous_driving:/home/subin/subin_ws/Autonomous_Driving_Software_Final/install/ad_msgs:/home/subin/subin_ws/ADS_Mission_Hard/install/simulator:/home/subin/subin_ws/ADS_Mission_Hard/install/mission_manager:/home/subin/subin_ws/ADS_Mission_Hard/install/evaluation:/home/subin/subin_ws/ADS_Mission_Hard/install/autonomous_driving:/home/subin/subin_ws/ADS_Mission_Hard/install/ad_msgs:/home/subin/subin_ws/ADS_Mission_Normal/install/simulator:/home/subin/subin_ws/ADS_Mission_Normal/install/mission_manager:/home/subin/subin_ws/ADS_Mission_Normal/install/evaluation:/home/subin/subin_ws/ADS_Mission_Normal/install/autonomous_driving:/home/subin/subin_ws/ADS_Mission_Normal/install/ad_msgs:/home/subin/subin_ws/ADS_Final_MissionHard/install/simulator:/home/subin/subin_ws/ADS_Final_MissionHard/install/mission_manager:/home/subin/subin_ws/ADS_Final_MissionHard/install/evaluation:/home/subin/subin_ws/ADS_Final_MissionHard/install/autonomous_driving:/home/subin/subin_ws/ADS_Final_MissionHard/install/ad_msgs:/opt/ros/humble'), ('SHELL', '/bin/bash'), ('LESSCLOSE', '/usr/bin/lesspipe %s %s'), ('VSCODE_GIT_ASKPASS_EXTRA_ARGS', ''), ('PWD', '/home/subin/subin_ws/ADS_Mission_Normal/build/mission_manager'), ('XDG_DATA_DIRS', '/usr/local/share:/usr/share:/var/lib/snapd/desktop'), ('PYTHONPATH', '/home/subin/subin_ws/ADS_Mission_Basic/install/ad_msgs/local/lib/python3.10/dist-packages:/home/subin/subin_ws/Autonomous_Driving_Software_Final/install/ad_msgs/local/lib/python3.10/dist-packages:/home/subin/subin_ws/ADS_Mission_Hard/install/ad_msgs/local/lib/python3.10/dist-packages:/home/subin/subin_ws/ADS_Mission_Normal/install/ad_msgs/local/lib/python3.10/dist-packages:/home/subin/subin_ws/ADS_Final_MissionHard/install/ad_msgs/local/lib/python3.10/dist-packages:/opt/ros/humble/lib/python3.10/site-packages:/opt/ros/humble/local/lib/python3.10/dist-packages'), ('COLCON', '1'), ('WSL2_GUI_APPS_ENABLED', '1'), ('HOSTTYPE', 'x86_64'), ('CMAKE_PREFIX_PATH', '/home/subin/subin_ws/ADS_Mission_Normal/install/ad_msgs:/home/subin/subin_ws/ADS_Mission_Basic/install/simulator:/home/subin/subin_ws/ADS_Mission_Basic/install/mission_manager:/home/subin/subin_ws/ADS_Mission_Basic/install/evaluation:/home/subin/subin_ws/ADS_Mission_Basic/install/autonomous_driving:/home/subin/subin_ws/ADS_Mission_Basic/install/ad_msgs:/home/subin/subin_ws/Autonomous_Driving_Software_Final/install/simulator:/home/subin/subin_ws/Autonomous_Driving_Software_Final/install/mission_manager:/home/subin/subin_ws/Autonomous_Driving_Software_Final/install/evaluation:/home/subin/subin_ws/Autonomous_Driving_Software_Final/install/autonomous_driving:/home/subin/subin_ws/Autonomous_Driving_Software_Final/install/ad_msgs:/home/subin/subin_ws/ADS_Mission_Hard/install/simulator:/home/subin/subin_ws/ADS_Mission_Hard/install/mission_manager:/home/subin/subin_ws/ADS_Mission_Hard/install/evaluation:/home/subin/subin_ws/ADS_Mission_Hard/install/autonomous_driving:/home/subin/subin_ws/ADS_Mission_Hard/install/ad_msgs:/home/subin/subin_ws/ADS_Mission_Normal/install/simulator:/home/subin/subin_ws/ADS_Mission_Normal/install/mission_manager:/home/subin/subin_ws/ADS_Mission_Normal/install/evaluation:/home/subin/subin_ws/ADS_Mission_Normal/install/autonomous_driving:/home/subin/subin_ws/ADS_Final_MissionHard/install/simulator:/home/subin/subin_ws/ADS_Final_MissionHard/install/mission_manager:/home/subin/subin_ws/ADS_Final_MissionHard/install/evaluation:/home/subin/subin_ws/ADS_Final_MissionHard/install/autonomous_driving:/home/subin/subin_ws/ADS_Final_MissionHard/install/ad_msgs:/opt/ros/humble'), ('WSLENV', 'VSCODE_WSL_EXT_LOCATION/up')]), 'shell': False}
[0.574497] (autonomous_driving) JobProgress: {'identifier': 'autonomous_driving', 'progress': 'cmake'}
[0.575945] (autonomous_driving) JobProgress: {'identifier': 'autonomous_driving', 'progress': 'build'}
[0.576093] (autonomous_driving) Command: {'cmd': ['/usr/bin/cmake', '--build', '/home/subin/subin_ws/ADS_Mission_Normal/build/autonomous_driving', '--', '-j22', '-l22'], 'cwd': '/home/subin/subin_ws/ADS_Mission_Normal/build/autonomous_driving', 'env': OrderedDict([('LESSOPEN', '| /usr/bin/lesspipe %s'), ('USER', 'subin'), ('GIT_ASKPASS', '/home/subin/.vscode-server/bin/618725e67565b290ba4da6fe2d29f8fa1d4e3622/extensions/git/dist/askpass.sh'), ('SHLVL', '1'), ('LIBGL_ALWAYS_SOFTWARE', '1'), ('LD_LIBRARY_PATH', '/home/subin/subin_ws/ADS_Mission_Normal/install/ad_msgs/lib:/home/subin/subin_ws/ADS_Mission_Basic/install/ad_msgs/lib:/home/subin/subin_ws/Autonomous_Driving_Software_Final/install/ad_msgs/lib:/home/subin/subin_ws/ADS_Mission_Hard/install/ad_msgs/lib:/home/subin/subin_ws/ADS_Final_MissionHard/install/ad_msgs/lib:/opt/ros/humble/opt/rviz_ogre_vendor/lib:/opt/ros/humble/lib/x86_64-linux-gnu:/opt/ros/humble/lib'), ('MOTD_SHOWN', 'update-motd'), ('HOME', '/home/subin'), ('OLDPWD', '/home/subin/subin_ws'), ('TERM_PROGRAM_VERSION', '1.107.0'), ('VSCODE_IPC_HOOK_CLI', '/run/user/1000/vscode-ipc-dcfa51ba-6497-406c-9e9f-f76725eff328.sock'), ('ROS_PYTHON_VERSION', '3'), ('VSCODE_GIT_ASKPASS_MAIN', '/home/subin/.vscode-server/bin/618725e67565b290ba4da6fe2d29f8fa1d4e3622/extensions/git/dist/askpass-main.js'), ('VSCODE_GIT_ASKPASS_NODE', '/home/subin/.vscode-server/bin/618725e67565b290ba4da6fe2d29f8fa1d4e3622/node'), ('VSCODE_PYTHON_AUTOACTIVATE_GUARD', '1'), ('DBUS_SESSION_BUS_ADDRESS', 'unix:path=/run/user/1000/bus'), ('COLORTERM', 'truecolor'), ('WSL_DISTRO_NAME', 'Ubuntu-22.04'), ('WAYLAND_DISPLAY', 'wayland-0'), ('COLCON_PREFIX_PATH', '/home/subin/subin_ws/ADS_Mission_Basic/install:/home/subin/subin_ws/Autonomous_Driving_Software_Final/install:/home/subin/subin_ws/ADS_Mission_Hard/install:/home/subin/subin_ws/ADS_Mission_Normal/install:/home/subin/subin_ws/ADS_Final_MissionHard/install'), ('ROS_DISTRO', 'humble'), ('LOGNAME', 'subin'), ('NAME', 'GalaxyBook4Pro-427M5'), ('WSL_INTEROP', '/run/WSL/71539_interop'), ('PULSE_SERVER', 'unix:/mnt/wslg/PulseServer'), ('_', '/usr/bin/colcon'), ('ROS_VERSION', '2'), ('TERM', 'xterm-256color'), ('ROS_LOCALHOST_ONLY', '0'), ('PATH', '/home/subin/.vscode-server/data/User/globalStorage/github.copilot-chat/debugCommand:/home/subin/.vscode-server/data/User/globalStorage/github.copilot-chat/copilotCli:/home/subin/.vscode-server/bin/618725e67565b290ba4da6fe2d29f8fa1d4e3622/bin/remote-cli:/opt/ros/humble/bin:/usr/local/sbin:/usr/local/bin:/usr/sbin:/usr/bin:/sbin:/bin:/usr/games:/usr/local/games:/usr/lib/wsl/lib:/mnt/c/Program Files/Microsoft/jdk-17.0.16.8-hotspot/bin:/mnt/c/Program Files/Eclipse Adoptium/jdk-17.0.16.8-hotspot/bin:/mnt/c/Python313/Scripts/:/mnt/c/Python313/:/mnt/c/WINDOWS/system32:/mnt/c/WINDOWS:/mnt/c/WINDOWS/System32/Wbem:/mnt/c/WINDOWS/System32/WindowsPowerShell/v1.0/:/mnt/c/WINDOWS/System32/OpenSSH/:/mnt/c/ProgramData/chocolatey/bin:/mnt/c/Program Files/Docker/Docker/resources/bin:/mnt/c/Program Files (x86)/Windows Kits/10/Windows Performance Toolkit/:/mnt/c/Program Files/Microsoft/jdk-17.0.16.8-hotspot/bin:/mnt/c/Users/soo16/OneDrive/바탕 화면/Graphviz/bin:/mnt/c/:/mnt/c/Users/soo16/AppData/Local/nvm:/mnt/c/nvm4w/nodejs:/mnt/c/Program Files/Git/cmd:/mnt/c/Program Files/MySQL/MySQL Shell 8.0/bin/:/mnt/c/Users/soo16/AppData/Local/Programs/Python/Python312/Scripts/:/mnt/c/Users/soo16/AppData/Local/Programs/Python/Python312/:/mnt/c/Users/soo16/AppData/Local/Microsoft/WindowsApps:/mnt/c/Users/soo16/AppData/Local/afreeca:/mnt/c/Users/soo16/AppData/Local/Programs/Microsoft VS Code/bin:/mnt/c/Users/soo16/AppData/Local/SOOP:/mnt/c/Users/soo16/AppData/Local/GitHubDesktop/bin:/mnt/c/Program Files/Eclipse Adoptium/jdk-17.0.16.8-hotspot/bin:/mnt/c/Users/soo16/AppData/Local/Android/Sdk/platform-tools:/mnt/c/Users/soo16/AppData/Local/nvm:/mnt/c/nvm4w/nodejs:/snap/bin'), ('XDG_RUNTIME_DIR', '/run/user/1000/'), ('DISPLAY', ':0'), ('LANG', 'C.UTF-8'), ('LS_COLORS', 'rs=0:di=01;34:ln=01;36:mh=00:pi=40;33:so=01;35:do=01;35:bd=40;33;01:cd=40;33;01:or=40;31;01:mi=00:su=37;41:sg=30;43:ca=30;41:tw=30;42:ow=34;42:st=37;44:ex=01;32:*.tar=01;31:*.tgz=01;31:*.arc=01;31:*.arj=01;31:*.taz=01;31:*.lha=01;31:*.lz4=01;31:*.lzh=01;31:*.lzma=01;31:*.tlz=01;31:*.txz=01;31:*.tzo=01;31:*.t7z=01;31:*.zip=01;31:*.z=01;31:*.dz=01;31:*.gz=01;31:*.lrz=01;31:*.lz=01;31:*.lzo=01;31:*.xz=01;31:*.zst=01;31:*.tzst=01;31:*.bz2=01;31:*.bz=01;31:*.tbz=01;31:*.tbz2=01;31:*.tz=01;31:*.deb=01;31:*.rpm=01;31:*.jar=01;31:*.war=01;31:*.ear=01;31:*.sar=01;31:*.rar=01;31:*.alz=01;31:*.ace=01;31:*.zoo=01;31:*.cpio=01;31:*.7z=01;31:*.rz=01;31:*.cab=01;31:*.wim=01;31:*.swm=01;31:*.dwm=01;31:*.esd=01;31:*.jpg=01;35:*.jpeg=01;35:*.mjpg=01;35:*.mjpeg=01;35:*.gif=01;35:*.bmp=01;35:*.pbm=01;35:*.pgm=01;35:*.ppm=01;35:*.tga=01;35:*.xbm=01;35:*.xpm=01;35:*.tif=01;35:*.tiff=01;35:*.png=01;35:*.svg=01;35:*.svgz=01;35:*.mng=01;35:*.pcx=01;35:*.mov=01;35:*.mpg=01;35:*.mpeg=01;35:*.m2v=01;35:*.mkv=01;35:*.webm=01;35:*.webp=01;35:*.ogm=01;35:*.mp4=01;35:*.m4v=01;35:*.mp4v=01;35:*.vob=01;35:*.qt=01;35:*.nuv=01;35:*.wmv=01;35:*.asf=01;35:*.rm=01;35:*.rmvb=01;35:*.flc=01;35:*.avi=01;35:*.fli=01;35:*.flv=01;35:*.gl=01;35:*.dl=01;35:*.xcf=01;35:*.xwd=01;35:*.yuv=01;35:*.cgm=01;35:*.emf=01;35:*.ogv=01;35:*.ogx=01;35:*.aac=00;36:*.au=00;36:*.flac=00;36:*.m4a=00;36:*.mid=00;36:*.midi=00;36:*.mka=00;36:*.mp3=00;36:*.mpc=00;36:*.ogg=00;36:*.ra=00;36:*.wav=00;36:*.oga=00;36:*.opus=00;36:*.spx=00;36:*.xspf=00;36:'), ('VSCODE_GIT_IPC_HANDLE', '/run/user/1000/vscode-git-c2f421b98a.sock'), ('TERM_PROGRAM', 'vscode'), ('AMENT_PREFIX_PATH', '/home/subin/subin_ws/ADS_Mission_Basic/install/simulator:/home/subin/subin_ws/ADS_Mission_Basic/install/mission_manager:/home/subin/subin_ws/ADS_Mission_Basic/install/evaluation:/home/subin/subin_ws/ADS_Mission_Basic/install/autonomous_driving:/home/subin/subin_ws/ADS_Mission_Basic/install/ad_msgs:/home/subin/subin_ws/Autonomous_Driving_Software_Final/install/simulator:/home/subin/subin_ws/Autonomous_Driving_Software_Final/install/mission_manager:/home/subin/subin_ws/Autonomous_Driving_Software_Final/install/evaluation:/home/subin/subin_ws/Autonomous_Driving_Software_Final/install/autonomous_driving:/home/subin/subin_ws/Autonomous_Driving_Software_Final/install/ad_msgs:/home/subin/subin_ws/ADS_Mission_Hard/install/simulator:/home/subin/subin_ws/ADS_Mission_Hard/install/mission_manager:/home/subin/subin_ws/ADS_Mission_Hard/install/evaluation:/home/subin/subin_ws/ADS_Mission_Hard/install/autonomous_driving:/home/subin/subin_ws/ADS_Mission_Hard/install/ad_msgs:/home/subin/subin_ws/ADS_Mission_Normal/install/simulator:/home/subin/subin_ws/ADS_Mission_Normal/install/mission_manager:/home/subin/subin_ws/ADS_Mission_Normal/install/evaluation:/home/subin/subin_ws/ADS_Mission_Normal/install/autonomous_driving:/home/subin/subin_ws/ADS_Mission_Normal/install/ad_msgs:/home/subin/subin_ws/ADS_Final_MissionHard/install/simulator:/home/subin/subin_ws/ADS_Final_MissionHard/install/mission_manager:/home/subin/subin_ws/ADS_Final_MissionHard/install/evaluation:/home/subin/subin_ws/ADS_Final_MissionHard/install/autonomous_driving:/home/subin/subin_ws/ADS_Final_MissionHard/install/ad_msgs:/opt/ros/humble'), ('SHELL', '/bin/bash'), ('LESSCLOSE', '/usr/bin/lesspipe %s %s'), ('VSCODE_GIT_ASKPASS_EXTRA_ARGS', ''), ('PWD', '/home/subin/subin_ws/ADS_Mission_Normal/build/autonomous_driving'), ('XDG_DATA_DIRS', '/usr/local/share:/usr/share:/var/lib/snapd/desktop'), ('PYTHONPATH', '/home/subin/subin_ws/ADS_Mission_Basic/install/ad_msgs/local/lib/python3.10/dist-packages:/home/subin/subin_ws/Autonomous_Driving_Software_Final/install/ad_msgs/local/lib/python3.10/dist-packages:/home/subin/subin_ws/ADS_Mission_Hard/install/ad_msgs/local/lib/python3.10/dist-packages:/home/subin/subin_ws/ADS_Mission_Normal/install/ad_msgs/local/lib/python3.10/dist-packages:/home/subin/subin_ws/ADS_Final_MissionHard/install/ad_msgs/local/lib/python3.10/dist-packages:/opt/ros/humble/lib/python3.10/site-packages:/opt/ros/humble/local/lib/python3.10/dist-packages'), ('COLCON', '1'), ('WSL2_GUI_APPS_ENABLED', '1'), ('HOSTTYPE', 'x86_64'), ('CMAKE_PREFIX_PATH', '/home/subin/subin_ws/ADS_Mission_Normal/install/ad_msgs:/home/subin/subin_ws/ADS_Mission_Basic/install/simulator:/home/subin/subin_ws/ADS_Mission_Basic/install/mission_manager:/home/subin/subin_ws/ADS_Mission_Basic/install/evaluation:/home/subin/subin_ws/ADS_Mission_Basic/install/autonomous_driving:/home/subin/subin_ws/ADS_Mission_Basic/install/ad_msgs:/home/subin/subin_ws/Autonomous_Driving_Software_Final/install/simulator:/home/subin/subin_ws/Autonomous_Driving_Software_Final/install/mission_manager:/home/subin/subin_ws/Autonomous_Driving_Software_Final/install/evaluation:/home/subin/subin_ws/Autonomous_Driving_Software_Final/install/autonomous_driving:/home/subin/subin_ws/Autonomous_Driving_Software_Final/install/ad_msgs:/home/subin/subin_ws/ADS_Mission_Hard/install/simulator:/home/subin/subin_ws/ADS_Mission_Hard/install/mission_manager:/home/subin/subin_ws/ADS_Mission_Hard/install/evaluation:/home/subin/subin_ws/ADS_Mission_Hard/install/autonomous_driving:/home/subin/subin_ws/ADS_Mission_Hard/install/ad_msgs:/home/subin/subin_ws/ADS_Mission_Normal/install/simulator:/home/subin/subin_ws/ADS_Mission_Normal/install/mission_manager:/home/subin/subin_ws/ADS_Mission_Normal/install/evaluation:/home/subin/subin_ws/ADS_Mission_Normal/install/autonomous_driving:/home/subin/subin_ws/ADS_Final_MissionHard/install/simulator:/home/subin/subin_ws/ADS_Final_MissionHard/install/mission_manager:/home/subin/subin_ws/ADS_Final_MissionHard/install/evaluation:/home/subin/subin_ws/ADS_Final_MissionHard/install/autonomous_driving:/home/subin/subin_ws/ADS_Final_MissionHard/install/ad_msgs:/opt/ros/humble'), ('WSLENV', 'VSCODE_WSL_EXT_LOCATION/up')]), 'shell': False}
[0.594479] (autonomous_driving) StdoutLine: {'line': b'-- Found ament_cmake: 1.3.12 (/opt/ros/humble/share/ament_cmake/cmake)\n'}
[0.600148] (-) TimerEvent: {}
[0.603738] (evaluation) StdoutLine: {'line': b'\x1b[35m\x1b[1mConsolidate compiler generated dependencies of target evaluation\x1b[0m\n'}
[0.607683] (simulator) JobProgress: {'identifier': 'simulator', 'progress': 'cmake'}
[0.607962] (mission_manager) StdoutLine: {'line': b'\x1b[35m\x1b[1mConsolidate compiler generated dependencies of target mission_manager\x1b[0m\n'}
[0.609694] (simulator) JobProgress: {'identifier': 'simulator', 'progress': 'build'}
[0.611187] (simulator) Command: {'cmd': ['/usr/bin/cmake', '--build', '/home/subin/subin_ws/ADS_Mission_Normal/build/simulator', '--', '-j22', '-l22'], 'cwd': '/home/subin/subin_ws/ADS_Mission_Normal/build/simulator', 'env': OrderedDict([('LESSOPEN', '| /usr/bin/lesspipe %s'), ('USER', 'subin'), ('GIT_ASKPASS', '/home/subin/.vscode-server/bin/618725e67565b290ba4da6fe2d29f8fa1d4e3622/extensions/git/dist/askpass.sh'), ('SHLVL', '1'), ('LIBGL_ALWAYS_SOFTWARE', '1'), ('LD_LIBRARY_PATH', '/home/subin/subin_ws/ADS_Mission_Normal/install/ad_msgs/lib:/home/subin/subin_ws/ADS_Mission_Basic/install/ad_msgs/lib:/home/subin/subin_ws/Autonomous_Driving_Software_Final/install/ad_msgs/lib:/home/subin/subin_ws/ADS_Mission_Hard/install/ad_msgs/lib:/home/subin/subin_ws/ADS_Final_MissionHard/install/ad_msgs/lib:/opt/ros/humble/opt/rviz_ogre_vendor/lib:/opt/ros/humble/lib/x86_64-linux-gnu:/opt/ros/humble/lib'), ('MOTD_SHOWN', 'update-motd'), ('HOME', '/home/subin'), ('OLDPWD', '/home/subin/subin_ws'), ('TERM_PROGRAM_VERSION', '1.107.0'), ('VSCODE_IPC_HOOK_CLI', '/run/user/1000/vscode-ipc-dcfa51ba-6497-406c-9e9f-f76725eff328.sock'), ('ROS_PYTHON_VERSION', '3'), ('VSCODE_GIT_ASKPASS_MAIN', '/home/subin/.vscode-server/bin/618725e67565b290ba4da6fe2d29f8fa1d4e3622/extensions/git/dist/askpass-main.js'), ('VSCODE_GIT_ASKPASS_NODE', '/home/subin/.vscode-server/bin/618725e67565b290ba4da6fe2d29f8fa1d4e3622/node'), ('VSCODE_PYTHON_AUTOACTIVATE_GUARD', '1'), ('DBUS_SESSION_BUS_ADDRESS', 'unix:path=/run/user/1000/bus'), ('COLORTERM', 'truecolor'), ('WSL_DISTRO_NAME', 'Ubuntu-22.04'), ('WAYLAND_DISPLAY', 'wayland-0'), ('COLCON_PREFIX_PATH', '/home/subin/subin_ws/ADS_Mission_Basic/install:/home/subin/subin_ws/Autonomous_Driving_Software_Final/install:/home/subin/subin_ws/ADS_Mission_Hard/install:/home/subin/subin_ws/ADS_Mission_Normal/install:/home/subin/subin_ws/ADS_Final_MissionHard/install'), ('ROS_DISTRO', 'humble'), ('LOGNAME', 'subin'), ('NAME', 'GalaxyBook4Pro-427M5'), ('WSL_INTEROP', '/run/WSL/71539_interop'), ('PULSE_SERVER', 'unix:/mnt/wslg/PulseServer'), ('_', '/usr/bin/colcon'), ('ROS_VERSION', '2'), ('TERM', 'xterm-256color'), ('ROS_LOCALHOST_ONLY', '0'), ('PATH', '/home/subin/.vscode-server/data/User/globalStorage/github.copilot-chat/debugCommand:/home/subin/.vscode-server/data/User/globalStorage/github.copilot-chat/copilotCli:/home/subin/.vscode-server/bin/618725e67565b290ba4da6fe2d29f8fa1d4e3622/bin/remote-cli:/opt/ros/humble/bin:/usr/local/sbin:/usr/local/bin:/usr/sbin:/usr/bin:/sbin:/bin:/usr/games:/usr/local/games:/usr/lib/wsl/lib:/mnt/c/Program Files/Microsoft/jdk-17.0.16.8-hotspot/bin:/mnt/c/Program Files/Eclipse Adoptium/jdk-17.0.16.8-hotspot/bin:/mnt/c/Python313/Scripts/:/mnt/c/Python313/:/mnt/c/WINDOWS/system32:/mnt/c/WINDOWS:/mnt/c/WINDOWS/System32/Wbem:/mnt/c/WINDOWS/System32/WindowsPowerShell/v1.0/:/mnt/c/WINDOWS/System32/OpenSSH/:/mnt/c/ProgramData/chocolatey/bin:/mnt/c/Program Files/Docker/Docker/resources/bin:/mnt/c/Program Files (x86)/Windows Kits/10/Windows Performance Toolkit/:/mnt/c/Program Files/Microsoft/jdk-17.0.16.8-hotspot/bin:/mnt/c/Users/soo16/OneDrive/바탕 화면/Graphviz/bin:/mnt/c/:/mnt/c/Users/soo16/AppData/Local/nvm:/mnt/c/nvm4w/nodejs:/mnt/c/Program Files/Git/cmd:/mnt/c/Program Files/MySQL/MySQL Shell 8.0/bin/:/mnt/c/Users/soo16/AppData/Local/Programs/Python/Python312/Scripts/:/mnt/c/Users/soo16/AppData/Local/Programs/Python/Python312/:/mnt/c/Users/soo16/AppData/Local/Microsoft/WindowsApps:/mnt/c/Users/soo16/AppData/Local/afreeca:/mnt/c/Users/soo16/AppData/Local/Programs/Microsoft VS Code/bin:/mnt/c/Users/soo16/AppData/Local/SOOP:/mnt/c/Users/soo16/AppData/Local/GitHubDesktop/bin:/mnt/c/Program Files/Eclipse Adoptium/jdk-17.0.16.8-hotspot/bin:/mnt/c/Users/soo16/AppData/Local/Android/Sdk/platform-tools:/mnt/c/Users/soo16/AppData/Local/nvm:/mnt/c/nvm4w/nodejs:/snap/bin'), ('XDG_RUNTIME_DIR', '/run/user/1000/'), ('DISPLAY', ':0'), ('LANG', 'C.UTF-8'), ('LS_COLORS', 'rs=0:di=01;34:ln=01;36:mh=00:pi=40;33:so=01;35:do=01;35:bd=40;33;01:cd=40;33;01:or=40;31;01:mi=00:su=37;41:sg=30;43:ca=30;41:tw=30;42:ow=34;42:st=37;44:ex=01;32:*.tar=01;31:*.tgz=01;31:*.arc=01;31:*.arj=01;31:*.taz=01;31:*.lha=01;31:*.lz4=01;31:*.lzh=01;31:*.lzma=01;31:*.tlz=01;31:*.txz=01;31:*.tzo=01;31:*.t7z=01;31:*.zip=01;31:*.z=01;31:*.dz=01;31:*.gz=01;31:*.lrz=01;31:*.lz=01;31:*.lzo=01;31:*.xz=01;31:*.zst=01;31:*.tzst=01;31:*.bz2=01;31:*.bz=01;31:*.tbz=01;31:*.tbz2=01;31:*.tz=01;31:*.deb=01;31:*.rpm=01;31:*.jar=01;31:*.war=01;31:*.ear=01;31:*.sar=01;31:*.rar=01;31:*.alz=01;31:*.ace=01;31:*.zoo=01;31:*.cpio=01;31:*.7z=01;31:*.rz=01;31:*.cab=01;31:*.wim=01;31:*.swm=01;31:*.dwm=01;31:*.esd=01;31:*.jpg=01;35:*.jpeg=01;35:*.mjpg=01;35:*.mjpeg=01;35:*.gif=01;35:*.bmp=01;35:*.pbm=01;35:*.pgm=01;35:*.ppm=01;35:*.tga=01;35:*.xbm=01;35:*.xpm=01;35:*.tif=01;35:*.tiff=01;35:*.png=01;35:*.svg=01;35:*.svgz=01;35:*.mng=01;35:*.pcx=01;35:*.mov=01;35:*.mpg=01;35:*.mpeg=01;35:*.m2v=01;35:*.mkv=01;35:*.webm=01;35:*.webp=01;35:*.ogm=01;35:*.mp4=01;35:*.m4v=01;35:*.mp4v=01;35:*.vob=01;35:*.qt=01;35:*.nuv=01;35:*.wmv=01;35:*.asf=01;35:*.rm=01;35:*.rmvb=01;35:*.flc=01;35:*.avi=01;35:*.fli=01;35:*.flv=01;35:*.gl=01;35:*.dl=01;35:*.xcf=01;35:*.xwd=01;35:*.yuv=01;35:*.cgm=01;35:*.emf=01;35:*.ogv=01;35:*.ogx=01;35:*.aac=00;36:*.au=00;36:*.flac=00;36:*.m4a=00;36:*.mid=00;36:*.midi=00;36:*.mka=00;36:*.mp3=00;36:*.mpc=00;36:*.ogg=00;36:*.ra=00;36:*.wav=00;36:*.oga=00;36:*.opus=00;36:*.spx=00;36:*.xspf=00;36:'), ('VSCODE_GIT_IPC_HANDLE', '/run/user/1000/vscode-git-c2f421b98a.sock'), ('TERM_PROGRAM', 'vscode'), ('AMENT_PREFIX_PATH', '/home/subin/subin_ws/ADS_Mission_Basic/install/simulator:/home/subin/subin_ws/ADS_Mission_Basic/install/mission_manager:/home/subin/subin_ws/ADS_Mission_Basic/install/evaluation:/home/subin/subin_ws/ADS_Mission_Basic/install/autonomous_driving:/home/subin/subin_ws/ADS_Mission_Basic/install/ad_msgs:/home/subin/subin_ws/Autonomous_Driving_Software_Final/install/simulator:/home/subin/subin_ws/Autonomous_Driving_Software_Final/install/mission_manager:/home/subin/subin_ws/Autonomous_Driving_Software_Final/install/evaluation:/home/subin/subin_ws/Autonomous_Driving_Software_Final/install/autonomous_driving:/home/subin/subin_ws/Autonomous_Driving_Software_Final/install/ad_msgs:/home/subin/subin_ws/ADS_Mission_Hard/install/simulator:/home/subin/subin_ws/ADS_Mission_Hard/install/mission_manager:/home/subin/subin_ws/ADS_Mission_Hard/install/evaluation:/home/subin/subin_ws/ADS_Mission_Hard/install/autonomous_driving:/home/subin/subin_ws/ADS_Mission_Hard/install/ad_msgs:/home/subin/subin_ws/ADS_Mission_Normal/install/simulator:/home/subin/subin_ws/ADS_Mission_Normal/install/mission_manager:/home/subin/subin_ws/ADS_Mission_Normal/install/evaluation:/home/subin/subin_ws/ADS_Mission_Normal/install/autonomous_driving:/home/subin/subin_ws/ADS_Mission_Normal/install/ad_msgs:/home/subin/subin_ws/ADS_Final_MissionHard/install/simulator:/home/subin/subin_ws/ADS_Final_MissionHard/install/mission_manager:/home/subin/subin_ws/ADS_Final_MissionHard/install/evaluation:/home/subin/subin_ws/ADS_Final_MissionHard/install/autonomous_driving:/home/subin/subin_ws/ADS_Final_MissionHard/install/ad_msgs:/opt/ros/humble'), ('SHELL', '/bin/bash'), ('LESSCLOSE', '/usr/bin/lesspipe %s %s'), ('VSCODE_GIT_ASKPASS_EXTRA_ARGS', ''), ('PWD', '/home/subin/subin_ws/ADS_Mission_Normal/build/simulator'), ('XDG_DATA_DIRS', '/usr/local/share:/usr/share:/var/lib/snapd/desktop'), ('PYTHONPATH', '/home/subin/subin_ws/ADS_Mission_Basic/install/ad_msgs/local/lib/python3.10/dist-packages:/home/subin/subin_ws/Autonomous_Driving_Software_Final/install/ad_msgs/local/lib/python3.10/dist-packages:/home/subin/subin_ws/ADS_Mission_Hard/install/ad_msgs/local/lib/python3.10/dist-packages:/home/subin/subin_ws/ADS_Mission_Normal/install/ad_msgs/local/lib/python3.10/dist-packages:/home/subin/subin_ws/ADS_Final_MissionHard/install/ad_msgs/local/lib/python3.10/dist-packages:/opt/ros/humble/lib/python3.10/site-packages:/opt/ros/humble/local/lib/python3.10/dist-packages'), ('COLCON', '1'), ('WSL2_GUI_APPS_ENABLED', '1'), ('HOSTTYPE', 'x86_64'), ('CMAKE_PREFIX_PATH', '/home/subin/subin_ws/ADS_Mission_Normal/install/ad_msgs:/home/subin/subin_ws/ADS_Mission_Basic/install/simulator:/home/subin/subin_ws/ADS_Mission_Basic/install/mission_manager:/home/subin/subin_ws/ADS_Mission_Basic/install/evaluation:/home/subin/subin_ws/ADS_Mission_Basic/install/autonomous_driving:/home/subin/subin_ws/ADS_Mission_Basic/install/ad_msgs:/home/subin/subin_ws/Autonomous_Driving_Software_Final/install/simulator:/home/subin/subin_ws/Autonomous_Driving_Software_Final/install/mission_manager:/home/subin/subin_ws/Autonomous_Driving_Software_Final/install/evaluation:/home/subin/subin_ws/Autonomous_Driving_Software_Final/install/autonomous_driving:/home/subin/subin_ws/Autonomous_Driving_Software_Final/install/ad_msgs:/home/subin/subin_ws/ADS_Mission_Hard/install/simulator:/home/subin/subin_ws/ADS_Mission_Hard/install/mission_manager:/home/subin/subin_ws/ADS_Mission_Hard/install/evaluation:/home/subin/subin_ws/ADS_Mission_Hard/install/autonomous_driving:/home/subin/subin_ws/ADS_Mission_Hard/install/ad_msgs:/home/subin/subin_ws/ADS_Mission_Normal/install/simulator:/home/subin/subin_ws/ADS_Mission_Normal/install/mission_manager:/home/subin/subin_ws/ADS_Mission_Normal/install/evaluation:/home/subin/subin_ws/ADS_Mission_Normal/install/autonomous_driving:/home/subin/subin_ws/ADS_Final_MissionHard/install/simulator:/home/subin/subin_ws/ADS_Final_MissionHard/install/mission_manager:/home/subin/subin_ws/ADS_Final_MissionHard/install/evaluation:/home/subin/subin_ws/ADS_Final_MissionHard/install/autonomous_driving:/home/subin/subin_ws/ADS_Final_MissionHard/install/ad_msgs:/opt/ros/humble'), ('WSLENV', 'VSCODE_WSL_EXT_LOCATION/up')]), 'shell': False}
[0.624791] (mission_manager) StdoutLine: {'line': b'[100%] Built target mission_manager\n'}
[0.625100] (evaluation) StdoutLine: {'line': b'[100%] Built target evaluation\n'}
[0.633797] (mission_manager) CommandEnded: {'returncode': 0}
[0.635480] (mission_manager) JobProgress: {'identifier': 'mission_manager', 'progress': 'install'}
[0.636408] (mission_manager) Command: {'cmd': ['/usr/bin/cmake', '--install', '/home/subin/subin_ws/ADS_Mission_Normal/build/mission_manager'], 'cwd': '/home/subin/subin_ws/ADS_Mission_Normal/build/mission_manager', 'env': OrderedDict([('LESSOPEN', '| /usr/bin/lesspipe %s'), ('USER', 'subin'), ('GIT_ASKPASS', '/home/subin/.vscode-server/bin/618725e67565b290ba4da6fe2d29f8fa1d4e3622/extensions/git/dist/askpass.sh'), ('SHLVL', '1'), ('LIBGL_ALWAYS_SOFTWARE', '1'), ('LD_LIBRARY_PATH', '/home/subin/subin_ws/ADS_Mission_Normal/install/ad_msgs/lib:/home/subin/subin_ws/ADS_Mission_Basic/install/ad_msgs/lib:/home/subin/subin_ws/Autonomous_Driving_Software_Final/install/ad_msgs/lib:/home/subin/subin_ws/ADS_Mission_Hard/install/ad_msgs/lib:/home/subin/subin_ws/ADS_Final_MissionHard/install/ad_msgs/lib:/opt/ros/humble/opt/rviz_ogre_vendor/lib:/opt/ros/humble/lib/x86_64-linux-gnu:/opt/ros/humble/lib'), ('MOTD_SHOWN', 'update-motd'), ('HOME', '/home/subin'), ('OLDPWD', '/home/subin/subin_ws'), ('TERM_PROGRAM_VERSION', '1.107.0'), ('VSCODE_IPC_HOOK_CLI', '/run/user/1000/vscode-ipc-dcfa51ba-6497-406c-9e9f-f76725eff328.sock'), ('ROS_PYTHON_VERSION', '3'), ('VSCODE_GIT_ASKPASS_MAIN', '/home/subin/.vscode-server/bin/618725e67565b290ba4da6fe2d29f8fa1d4e3622/extensions/git/dist/askpass-main.js'), ('VSCODE_GIT_ASKPASS_NODE', '/home/subin/.vscode-server/bin/618725e67565b290ba4da6fe2d29f8fa1d4e3622/node'), ('VSCODE_PYTHON_AUTOACTIVATE_GUARD', '1'), ('DBUS_SESSION_BUS_ADDRESS', 'unix:path=/run/user/1000/bus'), ('COLORTERM', 'truecolor'), ('WSL_DISTRO_NAME', 'Ubuntu-22.04'), ('WAYLAND_DISPLAY', 'wayland-0'), ('COLCON_PREFIX_PATH', '/home/subin/subin_ws/ADS_Mission_Basic/install:/home/subin/subin_ws/Autonomous_Driving_Software_Final/install:/home/subin/subin_ws/ADS_Mission_Hard/install:/home/subin/subin_ws/ADS_Mission_Normal/install:/home/subin/subin_ws/ADS_Final_MissionHard/install'), ('ROS_DISTRO', 'humble'), ('LOGNAME', 'subin'), ('NAME', 'GalaxyBook4Pro-427M5'), ('WSL_INTEROP', '/run/WSL/71539_interop'), ('PULSE_SERVER', 'unix:/mnt/wslg/PulseServer'), ('_', '/usr/bin/colcon'), ('ROS_VERSION', '2'), ('TERM', 'xterm-256color'), ('ROS_LOCALHOST_ONLY', '0'), ('PATH', '/home/subin/.vscode-server/data/User/globalStorage/github.copilot-chat/debugCommand:/home/subin/.vscode-server/data/User/globalStorage/github.copilot-chat/copilotCli:/home/subin/.vscode-server/bin/618725e67565b290ba4da6fe2d29f8fa1d4e3622/bin/remote-cli:/opt/ros/humble/bin:/usr/local/sbin:/usr/local/bin:/usr/sbin:/usr/bin:/sbin:/bin:/usr/games:/usr/local/games:/usr/lib/wsl/lib:/mnt/c/Program Files/Microsoft/jdk-17.0.16.8-hotspot/bin:/mnt/c/Program Files/Eclipse Adoptium/jdk-17.0.16.8-hotspot/bin:/mnt/c/Python313/Scripts/:/mnt/c/Python313/:/mnt/c/WINDOWS/system32:/mnt/c/WINDOWS:/mnt/c/WINDOWS/System32/Wbem:/mnt/c/WINDOWS/System32/WindowsPowerShell/v1.0/:/mnt/c/WINDOWS/System32/OpenSSH/:/mnt/c/ProgramData/chocolatey/bin:/mnt/c/Program Files/Docker/Docker/resources/bin:/mnt/c/Program Files (x86)/Windows Kits/10/Windows Performance Toolkit/:/mnt/c/Program Files/Microsoft/jdk-17.0.16.8-hotspot/bin:/mnt/c/Users/soo16/OneDrive/바탕 화면/Graphviz/bin:/mnt/c/:/mnt/c/Users/soo16/AppData/Local/nvm:/mnt/c/nvm4w/nodejs:/mnt/c/Program Files/Git/cmd:/mnt/c/Program Files/MySQL/MySQL Shell 8.0/bin/:/mnt/c/Users/soo16/AppData/Local/Programs/Python/Python312/Scripts/:/mnt/c/Users/soo16/AppData/Local/Programs/Python/Python312/:/mnt/c/Users/soo16/AppData/Local/Microsoft/WindowsApps:/mnt/c/Users/soo16/AppData/Local/afreeca:/mnt/c/Users/soo16/AppData/Local/Programs/Microsoft VS Code/bin:/mnt/c/Users/soo16/AppData/Local/SOOP:/mnt/c/Users/soo16/AppData/Local/GitHubDesktop/bin:/mnt/c/Program Files/Eclipse Adoptium/jdk-17.0.16.8-hotspot/bin:/mnt/c/Users/soo16/AppData/Local/Android/Sdk/platform-tools:/mnt/c/Users/soo16/AppData/Local/nvm:/mnt/c/nvm4w/nodejs:/snap/bin'), ('XDG_RUNTIME_DIR', '/run/user/1000/'), ('DISPLAY', ':0'), ('LANG', 'C.UTF-8'), ('LS_COLORS', 'rs=0:di=01;34:ln=01;36:mh=00:pi=40;33:so=01;35:do=01;35:bd=40;33;01:cd=40;33;01:or=40;31;01:mi=00:su=37;41:sg=30;43:ca=30;41:tw=30;42:ow=34;42:st=37;44:ex=01;32:*.tar=01;31:*.tgz=01;31:*.arc=01;31:*.arj=01;31:*.taz=01;31:*.lha=01;31:*.lz4=01;31:*.lzh=01;31:*.lzma=01;31:*.tlz=01;31:*.txz=01;31:*.tzo=01;31:*.t7z=01;31:*.zip=01;31:*.z=01;31:*.dz=01;31:*.gz=01;31:*.lrz=01;31:*.lz=01;31:*.lzo=01;31:*.xz=01;31:*.zst=01;31:*.tzst=01;31:*.bz2=01;31:*.bz=01;31:*.tbz=01;31:*.tbz2=01;31:*.tz=01;31:*.deb=01;31:*.rpm=01;31:*.jar=01;31:*.war=01;31:*.ear=01;31:*.sar=01;31:*.rar=01;31:*.alz=01;31:*.ace=01;31:*.zoo=01;31:*.cpio=01;31:*.7z=01;31:*.rz=01;31:*.cab=01;31:*.wim=01;31:*.swm=01;31:*.dwm=01;31:*.esd=01;31:*.jpg=01;35:*.jpeg=01;35:*.mjpg=01;35:*.mjpeg=01;35:*.gif=01;35:*.bmp=01;35:*.pbm=01;35:*.pgm=01;35:*.ppm=01;35:*.tga=01;35:*.xbm=01;35:*.xpm=01;35:*.tif=01;35:*.tiff=01;35:*.png=01;35:*.svg=01;35:*.svgz=01;35:*.mng=01;35:*.pcx=01;35:*.mov=01;35:*.mpg=01;35:*.mpeg=01;35:*.m2v=01;35:*.mkv=01;35:*.webm=01;35:*.webp=01;35:*.ogm=01;35:*.mp4=01;35:*.m4v=01;35:*.mp4v=01;35:*.vob=01;35:*.qt=01;35:*.nuv=01;35:*.wmv=01;35:*.asf=01;35:*.rm=01;35:*.rmvb=01;35:*.flc=01;35:*.avi=01;35:*.fli=01;35:*.flv=01;35:*.gl=01;35:*.dl=01;35:*.xcf=01;35:*.xwd=01;35:*.yuv=01;35:*.cgm=01;35:*.emf=01;35:*.ogv=01;35:*.ogx=01;35:*.aac=00;36:*.au=00;36:*.flac=00;36:*.m4a=00;36:*.mid=00;36:*.midi=00;36:*.mka=00;36:*.mp3=00;36:*.mpc=00;36:*.ogg=00;36:*.ra=00;36:*.wav=00;36:*.oga=00;36:*.opus=00;36:*.spx=00;36:*.xspf=00;36:'), ('VSCODE_GIT_IPC_HANDLE', '/run/user/1000/vscode-git-c2f421b98a.sock'), ('TERM_PROGRAM', 'vscode'), ('AMENT_PREFIX_PATH', '/home/subin/subin_ws/ADS_Mission_Basic/install/simulator:/home/subin/subin_ws/ADS_Mission_Basic/install/mission_manager:/home/subin/subin_ws/ADS_Mission_Basic/install/evaluation:/home/subin/subin_ws/ADS_Mission_Basic/install/autonomous_driving:/home/subin/subin_ws/ADS_Mission_Basic/install/ad_msgs:/home/subin/subin_ws/Autonomous_Driving_Software_Final/install/simulator:/home/subin/subin_ws/Autonomous_Driving_Software_Final/install/mission_manager:/home/subin/subin_ws/Autonomous_Driving_Software_Final/install/evaluation:/home/subin/subin_ws/Autonomous_Driving_Software_Final/install/autonomous_driving:/home/subin/subin_ws/Autonomous_Driving_Software_Final/install/ad_msgs:/home/subin/subin_ws/ADS_Mission_Hard/install/simulator:/home/subin/subin_ws/ADS_Mission_Hard/install/mission_manager:/home/subin/subin_ws/ADS_Mission_Hard/install/evaluation:/home/subin/subin_ws/ADS_Mission_Hard/install/autonomous_driving:/home/subin/subin_ws/ADS_Mission_Hard/install/ad_msgs:/home/subin/subin_ws/ADS_Mission_Normal/install/simulator:/home/subin/subin_ws/ADS_Mission_Normal/install/mission_manager:/home/subin/subin_ws/ADS_Mission_Normal/install/evaluation:/home/subin/subin_ws/ADS_Mission_Normal/install/autonomous_driving:/home/subin/subin_ws/ADS_Mission_Normal/install/ad_msgs:/home/subin/subin_ws/ADS_Final_MissionHard/install/simulator:/home/subin/subin_ws/ADS_Final_MissionHard/install/mission_manager:/home/subin/subin_ws/ADS_Final_MissionHard/install/evaluation:/home/subin/subin_ws/ADS_Final_MissionHard/install/autonomous_driving:/home/subin/subin_ws/ADS_Final_MissionHard/install/ad_msgs:/opt/ros/humble'), ('SHELL', '/bin/bash'), ('LESSCLOSE', '/usr/bin/lesspipe %s %s'), ('VSCODE_GIT_ASKPASS_EXTRA_ARGS', ''), ('PWD', '/home/subin/subin_ws/ADS_Mission_Normal/build/mission_manager'), ('XDG_DATA_DIRS', '/usr/local/share:/usr/share:/var/lib/snapd/desktop'), ('PYTHONPATH', '/home/subin/subin_ws/ADS_Mission_Basic/install/ad_msgs/local/lib/python3.10/dist-packages:/home/subin/subin_ws/Autonomous_Driving_Software_Final/install/ad_msgs/local/lib/python3.10/dist-packages:/home/subin/subin_ws/ADS_Mission_Hard/install/ad_msgs/local/lib/python3.10/dist-packages:/home/subin/subin_ws/ADS_Mission_Normal/install/ad_msgs/local/lib/python3.10/dist-packages:/home/subin/subin_ws/ADS_Final_MissionHard/install/ad_msgs/local/lib/python3.10/dist-packages:/opt/ros/humble/lib/python3.10/site-packages:/opt/ros/humble/local/lib/python3.10/dist-packages'), ('COLCON', '1'), ('WSL2_GUI_APPS_ENABLED', '1'), ('HOSTTYPE', 'x86_64'), ('CMAKE_PREFIX_PATH', '/home/subin/subin_ws/ADS_Mission_Normal/install/ad_msgs:/home/subin/subin_ws/ADS_Mission_Basic/install/simulator:/home/subin/subin_ws/ADS_Mission_Basic/install/mission_manager:/home/subin/subin_ws/ADS_Mission_Basic/install/evaluation:/home/subin/subin_ws/ADS_Mission_Basic/install/autonomous_driving:/home/subin/subin_ws/ADS_Mission_Basic/install/ad_msgs:/home/subin/subin_ws/Autonomous_Driving_Software_Final/install/simulator:/home/subin/subin_ws/Autonomous_Driving_Software_Final/install/mission_manager:/home/subin/subin_ws/Autonomous_Driving_Software_Final/install/evaluation:/home/subin/subin_ws/Autonomous_Driving_Software_Final/install/autonomous_driving:/home/subin/subin_ws/Autonomous_Driving_Software_Final/install/ad_msgs:/home/subin/subin_ws/ADS_Mission_Hard/install/simulator:/home/subin/subin_ws/ADS_Mission_Hard/install/mission_manager:/home/subin/subin_ws/ADS_Mission_Hard/install/evaluation:/home/subin/subin_ws/ADS_Mission_Hard/install/autonomous_driving:/home/subin/subin_ws/ADS_Mission_Hard/install/ad_msgs:/home/subin/subin_ws/ADS_Mission_Normal/install/simulator:/home/subin/subin_ws/ADS_Mission_Normal/install/mission_manager:/home/subin/subin_ws/ADS_Mission_Normal/install/evaluation:/home/subin/subin_ws/ADS_Mission_Normal/install/autonomous_driving:/home/subin/subin_ws/ADS_Final_MissionHard/install/simulator:/home/subin/subin_ws/ADS_Final_MissionHard/install/mission_manager:/home/subin/subin_ws/ADS_Final_MissionHard/install/evaluation:/home/subin/subin_ws/ADS_Final_MissionHard/install/autonomous_driving:/home/subin/subin_ws/ADS_Final_MissionHard/install/ad_msgs:/opt/ros/humble'), ('WSLENV', 'VSCODE_WSL_EXT_LOCATION/up')]), 'shell': False}
[0.637740] (evaluation) CommandEnded: {'returncode': 0}
[0.639865] (evaluation) JobProgress: {'identifier': 'evaluation', 'progress': 'install'}
[0.640156] (evaluation) Command: {'cmd': ['/usr/bin/cmake', '--install', '/home/subin/subin_ws/ADS_Mission_Normal/build/evaluation'], 'cwd': '/home/subin/subin_ws/ADS_Mission_Normal/build/evaluation', 'env': OrderedDict([('LESSOPEN', '| /usr/bin/lesspipe %s'), ('USER', 'subin'), ('GIT_ASKPASS', '/home/subin/.vscode-server/bin/618725e67565b290ba4da6fe2d29f8fa1d4e3622/extensions/git/dist/askpass.sh'), ('SHLVL', '1'), ('LIBGL_ALWAYS_SOFTWARE', '1'), ('LD_LIBRARY_PATH', '/home/subin/subin_ws/ADS_Mission_Normal/install/ad_msgs/lib:/home/subin/subin_ws/ADS_Mission_Basic/install/ad_msgs/lib:/home/subin/subin_ws/Autonomous_Driving_Software_Final/install/ad_msgs/lib:/home/subin/subin_ws/ADS_Mission_Hard/install/ad_msgs/lib:/home/subin/subin_ws/ADS_Final_MissionHard/install/ad_msgs/lib:/opt/ros/humble/opt/rviz_ogre_vendor/lib:/opt/ros/humble/lib/x86_64-linux-gnu:/opt/ros/humble/lib'), ('MOTD_SHOWN', 'update-motd'), ('HOME', '/home/subin'), ('OLDPWD', '/home/subin/subin_ws'), ('TERM_PROGRAM_VERSION', '1.107.0'), ('VSCODE_IPC_HOOK_CLI', '/run/user/1000/vscode-ipc-dcfa51ba-6497-406c-9e9f-f76725eff328.sock'), ('ROS_PYTHON_VERSION', '3'), ('VSCODE_GIT_ASKPASS_MAIN', '/home/subin/.vscode-server/bin/618725e67565b290ba4da6fe2d29f8fa1d4e3622/extensions/git/dist/askpass-main.js'), ('VSCODE_GIT_ASKPASS_NODE', '/home/subin/.vscode-server/bin/618725e67565b290ba4da6fe2d29f8fa1d4e3622/node'), ('VSCODE_PYTHON_AUTOACTIVATE_GUARD', '1'), ('DBUS_SESSION_BUS_ADDRESS', 'unix:path=/run/user/1000/bus'), ('COLORTERM', 'truecolor'), ('WSL_DISTRO_NAME', 'Ubuntu-22.04'), ('WAYLAND_DISPLAY', 'wayland-0'), ('COLCON_PREFIX_PATH', '/home/subin/subin_ws/ADS_Mission_Basic/install:/home/subin/subin_ws/Autonomous_Driving_Software_Final/install:/home/subin/subin_ws/ADS_Mission_Hard/install:/home/subin/subin_ws/ADS_Mission_Normal/install:/home/subin/subin_ws/ADS_Final_MissionHard/install'), ('ROS_DISTRO', 'humble'), ('LOGNAME', 'subin'), ('NAME', 'GalaxyBook4Pro-427M5'), ('WSL_INTEROP', '/run/WSL/71539_interop'), ('PULSE_SERVER', 'unix:/mnt/wslg/PulseServer'), ('_', '/usr/bin/colcon'), ('ROS_VERSION', '2'), ('TERM', 'xterm-256color'), ('ROS_LOCALHOST_ONLY', '0'), ('PATH', '/home/subin/.vscode-server/data/User/globalStorage/github.copilot-chat/debugCommand:/home/subin/.vscode-server/data/User/globalStorage/github.copilot-chat/copilotCli:/home/subin/.vscode-server/bin/618725e67565b290ba4da6fe2d29f8fa1d4e3622/bin/remote-cli:/opt/ros/humble/bin:/usr/local/sbin:/usr/local/bin:/usr/sbin:/usr/bin:/sbin:/bin:/usr/games:/usr/local/games:/usr/lib/wsl/lib:/mnt/c/Program Files/Microsoft/jdk-17.0.16.8-hotspot/bin:/mnt/c/Program Files/Eclipse Adoptium/jdk-17.0.16.8-hotspot/bin:/mnt/c/Python313/Scripts/:/mnt/c/Python313/:/mnt/c/WINDOWS/system32:/mnt/c/WINDOWS:/mnt/c/WINDOWS/System32/Wbem:/mnt/c/WINDOWS/System32/WindowsPowerShell/v1.0/:/mnt/c/WINDOWS/System32/OpenSSH/:/mnt/c/ProgramData/chocolatey/bin:/mnt/c/Program Files/Docker/Docker/resources/bin:/mnt/c/Program Files (x86)/Windows Kits/10/Windows Performance Toolkit/:/mnt/c/Program Files/Microsoft/jdk-17.0.16.8-hotspot/bin:/mnt/c/Users/soo16/OneDrive/바탕 화면/Graphviz/bin:/mnt/c/:/mnt/c/Users/soo16/AppData/Local/nvm:/mnt/c/nvm4w/nodejs:/mnt/c/Program Files/Git/cmd:/mnt/c/Program Files/MySQL/MySQL Shell 8.0/bin/:/mnt/c/Users/soo16/AppData/Local/Programs/Python/Python312/Scripts/:/mnt/c/Users/soo16/AppData/Local/Programs/Python/Python312/:/mnt/c/Users/soo16/AppData/Local/Microsoft/WindowsApps:/mnt/c/Users/soo16/AppData/Local/afreeca:/mnt/c/Users/soo16/AppData/Local/Programs/Microsoft VS Code/bin:/mnt/c/Users/soo16/AppData/Local/SOOP:/mnt/c/Users/soo16/AppData/Local/GitHubDesktop/bin:/mnt/c/Program Files/Eclipse Adoptium/jdk-17.0.16.8-hotspot/bin:/mnt/c/Users/soo16/AppData/Local/Android/Sdk/platform-tools:/mnt/c/Users/soo16/AppData/Local/nvm:/mnt/c/nvm4w/nodejs:/snap/bin'), ('XDG_RUNTIME_DIR', '/run/user/1000/'), ('DISPLAY', ':0'), ('LANG', 'C.UTF-8'), ('LS_COLORS', 'rs=0:di=01;34:ln=01;36:mh=00:pi=40;33:so=01;35:do=01;35:bd=40;33;01:cd=40;33;01:or=40;31;01:mi=00:su=37;41:sg=30;43:ca=30;41:tw=30;42:ow=34;42:st=37;44:ex=01;32:*.tar=01;31:*.tgz=01;31:*.arc=01;31:*.arj=01;31:*.taz=01;31:*.lha=01;31:*.lz4=01;31:*.lzh=01;31:*.lzma=01;31:*.tlz=01;31:*.txz=01;31:*.tzo=01;31:*.t7z=01;31:*.zip=01;31:*.z=01;31:*.dz=01;31:*.gz=01;31:*.lrz=01;31:*.lz=01;31:*.lzo=01;31:*.xz=01;31:*.zst=01;31:*.tzst=01;31:*.bz2=01;31:*.bz=01;31:*.tbz=01;31:*.tbz2=01;31:*.tz=01;31:*.deb=01;31:*.rpm=01;31:*.jar=01;31:*.war=01;31:*.ear=01;31:*.sar=01;31:*.rar=01;31:*.alz=01;31:*.ace=01;31:*.zoo=01;31:*.cpio=01;31:*.7z=01;31:*.rz=01;31:*.cab=01;31:*.wim=01;31:*.swm=01;31:*.dwm=01;31:*.esd=01;31:*.jpg=01;35:*.jpeg=01;35:*.mjpg=01;35:*.mjpeg=01;35:*.gif=01;35:*.bmp=01;35:*.pbm=01;35:*.pgm=01;35:*.ppm=01;35:*.tga=01;35:*.xbm=01;35:*.xpm=01;35:*.tif=01;35:*.tiff=01;35:*.png=01;35:*.svg=01;35:*.svgz=01;35:*.mng=01;35:*.pcx=01;35:*.mov=01;35:*.mpg=01;35:*.mpeg=01;35:*.m2v=01;35:*.mkv=01;35:*.webm=01;35:*.webp=01;35:*.ogm=01;35:*.mp4=01;35:*.m4v=01;35:*.mp4v=01;35:*.vob=01;35:*.qt=01;35:*.nuv=01;35:*.wmv=01;35:*.asf=01;35:*.rm=01;35:*.rmvb=01;35:*.flc=01;35:*.avi=01;35:*.fli=01;35:*.flv=01;35:*.gl=01;35:*.dl=01;35:*.xcf=01;35:*.xwd=01;35:*.yuv=01;35:*.cgm=01;35:*.emf=01;35:*.ogv=01;35:*.ogx=01;35:*.aac=00;36:*.au=00;36:*.flac=00;36:*.m4a=00;36:*.mid=00;36:*.midi=00;36:*.mka=00;36:*.mp3=00;36:*.mpc=00;36:*.ogg=00;36:*.ra=00;36:*.wav=00;36:*.oga=00;36:*.opus=00;36:*.spx=00;36:*.xspf=00;36:'), ('VSCODE_GIT_IPC_HANDLE', '/run/user/1000/vscode-git-c2f421b98a.sock'), ('TERM_PROGRAM', 'vscode'), ('AMENT_PREFIX_PATH', '/home/subin/subin_ws/ADS_Mission_Basic/install/simulator:/home/subin/subin_ws/ADS_Mission_Basic/install/mission_manager:/home/subin/subin_ws/ADS_Mission_Basic/install/evaluation:/home/subin/subin_ws/ADS_Mission_Basic/install/autonomous_driving:/home/subin/subin_ws/ADS_Mission_Basic/install/ad_msgs:/home/subin/subin_ws/Autonomous_Driving_Software_Final/install/simulator:/home/subin/subin_ws/Autonomous_Driving_Software_Final/install/mission_manager:/home/subin/subin_ws/Autonomous_Driving_Software_Final/install/evaluation:/home/subin/subin_ws/Autonomous_Driving_Software_Final/install/autonomous_driving:/home/subin/subin_ws/Autonomous_Driving_Software_Final/install/ad_msgs:/home/subin/subin_ws/ADS_Mission_Hard/install/simulator:/home/subin/subin_ws/ADS_Mission_Hard/install/mission_manager:/home/subin/subin_ws/ADS_Mission_Hard/install/evaluation:/home/subin/subin_ws/ADS_Mission_Hard/install/autonomous_driving:/home/subin/subin_ws/ADS_Mission_Hard/install/ad_msgs:/home/subin/subin_ws/ADS_Mission_Normal/install/simulator:/home/subin/subin_ws/ADS_Mission_Normal/install/mission_manager:/home/subin/subin_ws/ADS_Mission_Normal/install/evaluation:/home/subin/subin_ws/ADS_Mission_Normal/install/autonomous_driving:/home/subin/subin_ws/ADS_Mission_Normal/install/ad_msgs:/home/subin/subin_ws/ADS_Final_MissionHard/install/simulator:/home/subin/subin_ws/ADS_Final_MissionHard/install/mission_manager:/home/subin/subin_ws/ADS_Final_MissionHard/install/evaluation:/home/subin/subin_ws/ADS_Final_MissionHard/install/autonomous_driving:/home/subin/subin_ws/ADS_Final_MissionHard/install/ad_msgs:/opt/ros/humble'), ('SHELL', '/bin/bash'), ('LESSCLOSE', '/usr/bin/lesspipe %s %s'), ('VSCODE_GIT_ASKPASS_EXTRA_ARGS', ''), ('PWD', '/home/subin/subin_ws/ADS_Mission_Normal/build/evaluation'), ('XDG_DATA_DIRS', '/usr/local/share:/usr/share:/var/lib/snapd/desktop'), ('PYTHONPATH', '/home/subin/subin_ws/ADS_Mission_Basic/install/ad_msgs/local/lib/python3.10/dist-packages:/home/subin/subin_ws/Autonomous_Driving_Software_Final/install/ad_msgs/local/lib/python3.10/dist-packages:/home/subin/subin_ws/ADS_Mission_Hard/install/ad_msgs/local/lib/python3.10/dist-packages:/home/subin/subin_ws/ADS_Mission_Normal/install/ad_msgs/local/lib/python3.10/dist-packages:/home/subin/subin_ws/ADS_Final_MissionHard/install/ad_msgs/local/lib/python3.10/dist-packages:/opt/ros/humble/lib/python3.10/site-packages:/opt/ros/humble/local/lib/python3.10/dist-packages'), ('COLCON', '1'), ('WSL2_GUI_APPS_ENABLED', '1'), ('HOSTTYPE', 'x86_64'), ('CMAKE_PREFIX_PATH', '/home/subin/subin_ws/ADS_Mission_Normal/install/ad_msgs:/home/subin/subin_ws/ADS_Mission_Basic/install/simulator:/home/subin/subin_ws/ADS_Mission_Basic/install/mission_manager:/home/subin/subin_ws/ADS_Mission_Basic/install/evaluation:/home/subin/subin_ws/ADS_Mission_Basic/install/autonomous_driving:/home/subin/subin_ws/ADS_Mission_Basic/install/ad_msgs:/home/subin/subin_ws/Autonomous_Driving_Software_Final/install/simulator:/home/subin/subin_ws/Autonomous_Driving_Software_Final/install/mission_manager:/home/subin/subin_ws/Autonomous_Driving_Software_Final/install/evaluation:/home/subin/subin_ws/Autonomous_Driving_Software_Final/install/autonomous_driving:/home/subin/subin_ws/Autonomous_Driving_Software_Final/install/ad_msgs:/home/subin/subin_ws/ADS_Mission_Hard/install/simulator:/home/subin/subin_ws/ADS_Mission_Hard/install/mission_manager:/home/subin/subin_ws/ADS_Mission_Hard/install/evaluation:/home/subin/subin_ws/ADS_Mission_Hard/install/autonomous_driving:/home/subin/subin_ws/ADS_Mission_Hard/install/ad_msgs:/home/subin/subin_ws/ADS_Mission_Normal/install/simulator:/home/subin/subin_ws/ADS_Mission_Normal/install/mission_manager:/home/subin/subin_ws/ADS_Mission_Normal/install/evaluation:/home/subin/subin_ws/ADS_Mission_Normal/install/autonomous_driving:/home/subin/subin_ws/ADS_Final_MissionHard/install/simulator:/home/subin/subin_ws/ADS_Final_MissionHard/install/mission_manager:/home/subin/subin_ws/ADS_Final_MissionHard/install/evaluation:/home/subin/subin_ws/ADS_Final_MissionHard/install/autonomous_driving:/home/subin/subin_ws/ADS_Final_MissionHard/install/ad_msgs:/opt/ros/humble'), ('WSLENV', 'VSCODE_WSL_EXT_LOCATION/up')]), 'shell': False}
[0.642089] (mission_manager) StdoutLine: {'line': b'-- Install configuration: ""\n'}
[0.643340] (mission_manager) StdoutLine: {'line': b'-- Up-to-date: /home/subin/subin_ws/ADS_Mission_Normal/install/mission_manager/lib/mission_manager/mission_manager\n'}
[0.643556] (mission_manager) StdoutLine: {'line': b'-- Up-to-date: /home/subin/subin_ws/ADS_Mission_Normal/install/mission_manager/share/mission_manager/launch\n'}
[0.644149] (mission_manager) StdoutLine: {'line': b'-- Up-to-date: /home/subin/subin_ws/ADS_Mission_Normal/install/mission_manager/share/mission_manager/launch/mission_manager.launch.xml\n'}
[0.644221] (mission_manager) StdoutLine: {'line': b'-- Up-to-date: /home/subin/subin_ws/ADS_Mission_Normal/install/mission_manager/share/ament_index/resource_index/package_run_dependencies/mission_manager\n'}
[0.644256] (mission_manager) StdoutLine: {'line': b'-- Up-to-date: /home/subin/subin_ws/ADS_Mission_Normal/install/mission_manager/share/ament_index/resource_index/parent_prefix_path/mission_manager\n'}
[0.644285] (mission_manager) StdoutLine: {'line': b'-- Up-to-date: /home/subin/subin_ws/ADS_Mission_Normal/install/mission_manager/share/mission_manager/environment/ament_prefix_path.sh\n'}
[0.644311] (mission_manager) StdoutLine: {'line': b'-- Up-to-date: /home/subin/subin_ws/ADS_Mission_Normal/install/mission_manager/share/mission_manager/environment/ament_prefix_path.dsv\n'}
[0.644366] (mission_manager) StdoutLine: {'line': b'-- Up-to-date: /home/subin/subin_ws/ADS_Mission_Normal/install/mission_manager/share/mission_manager/environment/path.sh\n'}
[0.644411] (mission_manager) StdoutLine: {'line': b'-- Up-to-date: /home/subin/subin_ws/ADS_Mission_Normal/install/mission_manager/share/mission_manager/environment/path.dsv\n'}
[0.644440] (mission_manager) StdoutLine: {'line': b'-- Up-to-date: /home/subin/subin_ws/ADS_Mission_Normal/install/mission_manager/share/mission_manager/local_setup.bash\n'}
[0.644475] (mission_manager) StdoutLine: {'line': b'-- Up-to-date: /home/subin/subin_ws/ADS_Mission_Normal/install/mission_manager/share/mission_manager/local_setup.sh\n'}
[0.644501] (mission_manager) StdoutLine: {'line': b'-- Up-to-date: /home/subin/subin_ws/ADS_Mission_Normal/install/mission_manager/share/mission_manager/local_setup.zsh\n'}
[0.644530] (mission_manager) StdoutLine: {'line': b'-- Up-to-date: /home/subin/subin_ws/ADS_Mission_Normal/install/mission_manager/share/mission_manager/local_setup.dsv\n'}
[0.644555] (mission_manager) StdoutLine: {'line': b'-- Installing: /home/subin/subin_ws/ADS_Mission_Normal/install/mission_manager/share/mission_manager/package.dsv\n'}
[0.645312] (mission_manager) StdoutLine: {'line': b'-- Up-to-date: /home/subin/subin_ws/ADS_Mission_Normal/install/mission_manager/share/ament_index/resource_index/packages/mission_manager\n'}
[0.645849] (mission_manager) StdoutLine: {'line': b'-- Up-to-date: /home/subin/subin_ws/ADS_Mission_Normal/install/mission_manager/share/mission_manager/cmake/mission_managerConfig.cmake\n'}
[0.645997] (mission_manager) StdoutLine: {'line': b'-- Up-to-date: /home/subin/subin_ws/ADS_Mission_Normal/install/mission_manager/share/mission_manager/cmake/mission_managerConfig-version.cmake\n'}
[0.646070] (mission_manager) StdoutLine: {'line': b'-- Up-to-date: /home/subin/subin_ws/ADS_Mission_Normal/install/mission_manager/share/mission_manager/package.xml\n'}
[0.648289] (mission_manager) CommandEnded: {'returncode': 0}
[0.649405] (evaluation) StdoutLine: {'line': b'-- Install configuration: ""\n'}
[0.649518] (simulator) StdoutLine: {'line': b'\x1b[35m\x1b[1mConsolidate compiler generated dependencies of target vehicle\x1b[0m\n'}
[0.649603] (simulator) StdoutLine: {'line': b'\x1b[35m\x1b[1mConsolidate compiler generated dependencies of target display\x1b[0m\n'}
[0.649981] (evaluation) StdoutLine: {'line': b'-- Up-to-date: /home/subin/subin_ws/ADS_Mission_Normal/install/evaluation/lib/evaluation/evaluation\n'}
[0.650242] (evaluation) StdoutLine: {'line': b'-- Up-to-date: /home/subin/subin_ws/ADS_Mission_Normal/install/evaluation/share/evaluation/launch\n'}
[0.650909] (evaluation) StdoutLine: {'line': b'-- Up-to-date: /home/subin/subin_ws/ADS_Mission_Normal/install/evaluation/share/evaluation/launch/evaluation.launch.xml\n'}
[0.651413] (evaluation) StdoutLine: {'line': b'-- Up-to-date: /home/subin/subin_ws/ADS_Mission_Normal/install/evaluation/share/ament_index/resource_index/package_run_dependencies/evaluation\n'}
[0.651463] (evaluation) StdoutLine: {'line': b'-- Up-to-date: /home/subin/subin_ws/ADS_Mission_Normal/install/evaluation/share/ament_index/resource_index/parent_prefix_path/evaluation\n'}
[0.651918] (evaluation) StdoutLine: {'line': b'-- Up-to-date: /home/subin/subin_ws/ADS_Mission_Normal/install/evaluation/share/evaluation/environment/ament_prefix_path.sh\n'}
[0.652534] (evaluation) StdoutLine: {'line': b'-- Up-to-date: /home/subin/subin_ws/ADS_Mission_Normal/install/evaluation/share/evaluation/environment/ament_prefix_path.dsv\n'}
[0.652612] (evaluation) StdoutLine: {'line': b'-- Up-to-date: /home/subin/subin_ws/ADS_Mission_Normal/install/evaluation/share/evaluation/environment/path.sh\n'}
[0.652648] (evaluation) StdoutLine: {'line': b'-- Up-to-date: /home/subin/subin_ws/ADS_Mission_Normal/install/evaluation/share/evaluation/environment/path.dsv\n'}
[0.652681] (evaluation) StdoutLine: {'line': b'-- Up-to-date: /home/subin/subin_ws/ADS_Mission_Normal/install/evaluation/share/evaluation/local_setup.bash\n'}
[0.652710] (evaluation) StdoutLine: {'line': b'-- Up-to-date: /home/subin/subin_ws/ADS_Mission_Normal/install/evaluation/share/evaluation/local_setup.sh\n'}
[0.652738] (evaluation) StdoutLine: {'line': b'-- Up-to-date: /home/subin/subin_ws/ADS_Mission_Normal/install/evaluation/share/evaluation/local_setup.zsh\n'}
[0.652910] (evaluation) StdoutLine: {'line': b'-- Up-to-date: /home/subin/subin_ws/ADS_Mission_Normal/install/evaluation/share/evaluation/local_setup.dsv\n'}
[0.653240] (simulator) StdoutLine: {'line': b'\x1b[35m\x1b[1mConsolidate compiler generated dependencies of target lane_detection\x1b[0m\n'}
[0.653347] (evaluation) StdoutLine: {'line': b'-- Installing: /home/subin/subin_ws/ADS_Mission_Normal/install/evaluation/share/evaluation/package.dsv\n'}
[0.654118] (evaluation) StdoutLine: {'line': b'-- Up-to-date: /home/subin/subin_ws/ADS_Mission_Normal/install/evaluation/share/ament_index/resource_index/packages/evaluation\n'}
[0.654318] (evaluation) StdoutLine: {'line': b'-- Up-to-date: /home/subin/subin_ws/ADS_Mission_Normal/install/evaluation/share/evaluation/cmake/evaluationConfig.cmake\n'}
[0.654385] (evaluation) StdoutLine: {'line': b'-- Up-to-date: /home/subin/subin_ws/ADS_Mission_Normal/install/evaluation/share/evaluation/cmake/evaluationConfig-version.cmake\n'}
[0.654439] (evaluation) StdoutLine: {'line': b'-- Up-to-date: /home/subin/subin_ws/ADS_Mission_Normal/install/evaluation/share/evaluation/package.xml\n'}
[0.663403] (simulator) StdoutLine: {'line': b'[ 28%] Built target vehicle\n'}
[0.664144] (simulator) StdoutLine: {'line': b'[ 57%] Built target display\n'}
[0.666111] (mission_manager) JobEnded: {'identifier': 'mission_manager', 'rc': 0}
[0.668012] (evaluation) CommandEnded: {'returncode': 0}
[0.669890] (simulator) StdoutLine: {'line': b'[100%] Built target lane_detection\n'}
[0.678629] (evaluation) JobEnded: {'identifier': 'evaluation', 'rc': 0}
[0.680149] (simulator) CommandEnded: {'returncode': 0}
[0.681468] (simulator) JobProgress: {'identifier': 'simulator', 'progress': 'install'}
[0.682652] (simulator) Command: {'cmd': ['/usr/bin/cmake', '--install', '/home/subin/subin_ws/ADS_Mission_Normal/build/simulator'], 'cwd': '/home/subin/subin_ws/ADS_Mission_Normal/build/simulator', 'env': OrderedDict([('LESSOPEN', '| /usr/bin/lesspipe %s'), ('USER', 'subin'), ('GIT_ASKPASS', '/home/subin/.vscode-server/bin/618725e67565b290ba4da6fe2d29f8fa1d4e3622/extensions/git/dist/askpass.sh'), ('SHLVL', '1'), ('LIBGL_ALWAYS_SOFTWARE', '1'), ('LD_LIBRARY_PATH', '/home/subin/subin_ws/ADS_Mission_Normal/install/ad_msgs/lib:/home/subin/subin_ws/ADS_Mission_Basic/install/ad_msgs/lib:/home/subin/subin_ws/Autonomous_Driving_Software_Final/install/ad_msgs/lib:/home/subin/subin_ws/ADS_Mission_Hard/install/ad_msgs/lib:/home/subin/subin_ws/ADS_Final_MissionHard/install/ad_msgs/lib:/opt/ros/humble/opt/rviz_ogre_vendor/lib:/opt/ros/humble/lib/x86_64-linux-gnu:/opt/ros/humble/lib'), ('MOTD_SHOWN', 'update-motd'), ('HOME', '/home/subin'), ('OLDPWD', '/home/subin/subin_ws'), ('TERM_PROGRAM_VERSION', '1.107.0'), ('VSCODE_IPC_HOOK_CLI', '/run/user/1000/vscode-ipc-dcfa51ba-6497-406c-9e9f-f76725eff328.sock'), ('ROS_PYTHON_VERSION', '3'), ('VSCODE_GIT_ASKPASS_MAIN', '/home/subin/.vscode-server/bin/618725e67565b290ba4da6fe2d29f8fa1d4e3622/extensions/git/dist/askpass-main.js'), ('VSCODE_GIT_ASKPASS_NODE', '/home/subin/.vscode-server/bin/618725e67565b290ba4da6fe2d29f8fa1d4e3622/node'), ('VSCODE_PYTHON_AUTOACTIVATE_GUARD', '1'), ('DBUS_SESSION_BUS_ADDRESS', 'unix:path=/run/user/1000/bus'), ('COLORTERM', 'truecolor'), ('WSL_DISTRO_NAME', 'Ubuntu-22.04'), ('WAYLAND_DISPLAY', 'wayland-0'), ('COLCON_PREFIX_PATH', '/home/subin/subin_ws/ADS_Mission_Basic/install:/home/subin/subin_ws/Autonomous_Driving_Software_Final/install:/home/subin/subin_ws/ADS_Mission_Hard/install:/home/subin/subin_ws/ADS_Mission_Normal/install:/home/subin/subin_ws/ADS_Final_MissionHard/install'), ('ROS_DISTRO', 'humble'), ('LOGNAME', 'subin'), ('NAME', 'GalaxyBook4Pro-427M5'), ('WSL_INTEROP', '/run/WSL/71539_interop'), ('PULSE_SERVER', 'unix:/mnt/wslg/PulseServer'), ('_', '/usr/bin/colcon'), ('ROS_VERSION', '2'), ('TERM', 'xterm-256color'), ('ROS_LOCALHOST_ONLY', '0'), ('PATH', '/home/subin/.vscode-server/data/User/globalStorage/github.copilot-chat/debugCommand:/home/subin/.vscode-server/data/User/globalStorage/github.copilot-chat/copilotCli:/home/subin/.vscode-server/bin/618725e67565b290ba4da6fe2d29f8fa1d4e3622/bin/remote-cli:/opt/ros/humble/bin:/usr/local/sbin:/usr/local/bin:/usr/sbin:/usr/bin:/sbin:/bin:/usr/games:/usr/local/games:/usr/lib/wsl/lib:/mnt/c/Program Files/Microsoft/jdk-17.0.16.8-hotspot/bin:/mnt/c/Program Files/Eclipse Adoptium/jdk-17.0.16.8-hotspot/bin:/mnt/c/Python313/Scripts/:/mnt/c/Python313/:/mnt/c/WINDOWS/system32:/mnt/c/WINDOWS:/mnt/c/WINDOWS/System32/Wbem:/mnt/c/WINDOWS/System32/WindowsPowerShell/v1.0/:/mnt/c/WINDOWS/System32/OpenSSH/:/mnt/c/ProgramData/chocolatey/bin:/mnt/c/Program Files/Docker/Docker/resources/bin:/mnt/c/Program Files (x86)/Windows Kits/10/Windows Performance Toolkit/:/mnt/c/Program Files/Microsoft/jdk-17.0.16.8-hotspot/bin:/mnt/c/Users/soo16/OneDrive/바탕 화면/Graphviz/bin:/mnt/c/:/mnt/c/Users/soo16/AppData/Local/nvm:/mnt/c/nvm4w/nodejs:/mnt/c/Program Files/Git/cmd:/mnt/c/Program Files/MySQL/MySQL Shell 8.0/bin/:/mnt/c/Users/soo16/AppData/Local/Programs/Python/Python312/Scripts/:/mnt/c/Users/soo16/AppData/Local/Programs/Python/Python312/:/mnt/c/Users/soo16/AppData/Local/Microsoft/WindowsApps:/mnt/c/Users/soo16/AppData/Local/afreeca:/mnt/c/Users/soo16/AppData/Local/Programs/Microsoft VS Code/bin:/mnt/c/Users/soo16/AppData/Local/SOOP:/mnt/c/Users/soo16/AppData/Local/GitHubDesktop/bin:/mnt/c/Program Files/Eclipse Adoptium/jdk-17.0.16.8-hotspot/bin:/mnt/c/Users/soo16/AppData/Local/Android/Sdk/platform-tools:/mnt/c/Users/soo16/AppData/Local/nvm:/mnt/c/nvm4w/nodejs:/snap/bin'), ('XDG_RUNTIME_DIR', '/run/user/1000/'), ('DISPLAY', ':0'), ('LANG', 'C.UTF-8'), ('LS_COLORS', 'rs=0:di=01;34:ln=01;36:mh=00:pi=40;33:so=01;35:do=01;35:bd=40;33;01:cd=40;33;01:or=40;31;01:mi=00:su=37;41:sg=30;43:ca=30;41:tw=30;42:ow=34;42:st=37;44:ex=01;32:*.tar=01;31:*.tgz=01;31:*.arc=01;31:*.arj=01;31:*.taz=01;31:*.lha=01;31:*.lz4=01;31:*.lzh=01;31:*.lzma=01;31:*.tlz=01;31:*.txz=01;31:*.tzo=01;31:*.t7z=01;31:*.zip=01;31:*.z=01;31:*.dz=01;31:*.gz=01;31:*.lrz=01;31:*.lz=01;31:*.lzo=01;31:*.xz=01;31:*.zst=01;31:*.tzst=01;31:*.bz2=01;31:*.bz=01;31:*.tbz=01;31:*.tbz2=01;31:*.tz=01;31:*.deb=01;31:*.rpm=01;31:*.jar=01;31:*.war=01;31:*.ear=01;31:*.sar=01;31:*.rar=01;31:*.alz=01;31:*.ace=01;31:*.zoo=01;31:*.cpio=01;31:*.7z=01;31:*.rz=01;31:*.cab=01;31:*.wim=01;31:*.swm=01;31:*.dwm=01;31:*.esd=01;31:*.jpg=01;35:*.jpeg=01;35:*.mjpg=01;35:*.mjpeg=01;35:*.gif=01;35:*.bmp=01;35:*.pbm=01;35:*.pgm=01;35:*.ppm=01;35:*.tga=01;35:*.xbm=01;35:*.xpm=01;35:*.tif=01;35:*.tiff=01;35:*.png=01;35:*.svg=01;35:*.svgz=01;35:*.mng=01;35:*.pcx=01;35:*.mov=01;35:*.mpg=01;35:*.mpeg=01;35:*.m2v=01;35:*.mkv=01;35:*.webm=01;35:*.webp=01;35:*.ogm=01;35:*.mp4=01;35:*.m4v=01;35:*.mp4v=01;35:*.vob=01;35:*.qt=01;35:*.nuv=01;35:*.wmv=01;35:*.asf=01;35:*.rm=01;35:*.rmvb=01;35:*.flc=01;35:*.avi=01;35:*.fli=01;35:*.flv=01;35:*.gl=01;35:*.dl=01;35:*.xcf=01;35:*.xwd=01;35:*.yuv=01;35:*.cgm=01;35:*.emf=01;35:*.ogv=01;35:*.ogx=01;35:*.aac=00;36:*.au=00;36:*.flac=00;36:*.m4a=00;36:*.mid=00;36:*.midi=00;36:*.mka=00;36:*.mp3=00;36:*.mpc=00;36:*.ogg=00;36:*.ra=00;36:*.wav=00;36:*.oga=00;36:*.opus=00;36:*.spx=00;36:*.xspf=00;36:'), ('VSCODE_GIT_IPC_HANDLE', '/run/user/1000/vscode-git-c2f421b98a.sock'), ('TERM_PROGRAM', 'vscode'), ('AMENT_PREFIX_PATH', '/home/subin/subin_ws/ADS_Mission_Basic/install/simulator:/home/subin/subin_ws/ADS_Mission_Basic/install/mission_manager:/home/subin/subin_ws/ADS_Mission_Basic/install/evaluation:/home/subin/subin_ws/ADS_Mission_Basic/install/autonomous_driving:/home/subin/subin_ws/ADS_Mission_Basic/install/ad_msgs:/home/subin/subin_ws/Autonomous_Driving_Software_Final/install/simulator:/home/subin/subin_ws/Autonomous_Driving_Software_Final/install/mission_manager:/home/subin/subin_ws/Autonomous_Driving_Software_Final/install/evaluation:/home/subin/subin_ws/Autonomous_Driving_Software_Final/install/autonomous_driving:/home/subin/subin_ws/Autonomous_Driving_Software_Final/install/ad_msgs:/home/subin/subin_ws/ADS_Mission_Hard/install/simulator:/home/subin/subin_ws/ADS_Mission_Hard/install/mission_manager:/home/subin/subin_ws/ADS_Mission_Hard/install/evaluation:/home/subin/subin_ws/ADS_Mission_Hard/install/autonomous_driving:/home/subin/subin_ws/ADS_Mission_Hard/install/ad_msgs:/home/subin/subin_ws/ADS_Mission_Normal/install/simulator:/home/subin/subin_ws/ADS_Mission_Normal/install/mission_manager:/home/subin/subin_ws/ADS_Mission_Normal/install/evaluation:/home/subin/subin_ws/ADS_Mission_Normal/install/autonomous_driving:/home/subin/subin_ws/ADS_Mission_Normal/install/ad_msgs:/home/subin/subin_ws/ADS_Final_MissionHard/install/simulator:/home/subin/subin_ws/ADS_Final_MissionHard/install/mission_manager:/home/subin/subin_ws/ADS_Final_MissionHard/install/evaluation:/home/subin/subin_ws/ADS_Final_MissionHard/install/autonomous_driving:/home/subin/subin_ws/ADS_Final_MissionHard/install/ad_msgs:/opt/ros/humble'), ('SHELL', '/bin/bash'), ('LESSCLOSE', '/usr/bin/lesspipe %s %s'), ('VSCODE_GIT_ASKPASS_EXTRA_ARGS', ''), ('PWD', '/home/subin/subin_ws/ADS_Mission_Normal/build/simulator'), ('XDG_DATA_DIRS', '/usr/local/share:/usr/share:/var/lib/snapd/desktop'), ('PYTHONPATH', '/home/subin/subin_ws/ADS_Mission_Basic/install/ad_msgs/local/lib/python3.10/dist-packages:/home/subin/subin_ws/Autonomous_Driving_Software_Final/install/ad_msgs/local/lib/python3.10/dist-packages:/home/subin/subin_ws/ADS_Mission_Hard/install/ad_msgs/local/lib/python3.10/dist-packages:/home/subin/subin_ws/ADS_Mission_Normal/install/ad_msgs/local/lib/python3.10/dist-packages:/home/subin/subin_ws/ADS_Final_MissionHard/install/ad_msgs/local/lib/python3.10/dist-packages:/opt/ros/humble/lib/python3.10/site-packages:/opt/ros/humble/local/lib/python3.10/dist-packages'), ('COLCON', '1'), ('WSL2_GUI_APPS_ENABLED', '1'), ('HOSTTYPE', 'x86_64'), ('CMAKE_PREFIX_PATH', '/home/subin/subin_ws/ADS_Mission_Normal/install/ad_msgs:/home/subin/subin_ws/ADS_Mission_Basic/install/simulator:/home/subin/subin_ws/ADS_Mission_Basic/install/mission_manager:/home/subin/subin_ws/ADS_Mission_Basic/install/evaluation:/home/subin/subin_ws/ADS_Mission_Basic/install/autonomous_driving:/home/subin/subin_ws/ADS_Mission_Basic/install/ad_msgs:/home/subin/subin_ws/Autonomous_Driving_Software_Final/install/simulator:/home/subin/subin_ws/Autonomous_Driving_Software_Final/install/mission_manager:/home/subin/subin_ws/Autonomous_Driving_Software_Final/install/evaluation:/home/subin/subin_ws/Autonomous_Driving_Software_Final/install/autonomous_driving:/home/subin/subin_ws/Autonomous_Driving_Software_Final/install/ad_msgs:/home/subin/subin_ws/ADS_Mission_Hard/install/simulator:/home/subin/subin_ws/ADS_Mission_Hard/install/mission_manager:/home/subin/subin_ws/ADS_Mission_Hard/install/evaluation:/home/subin/subin_ws/ADS_Mission_Hard/install/autonomous_driving:/home/subin/subin_ws/ADS_Mission_Hard/install/ad_msgs:/home/subin/subin_ws/ADS_Mission_Normal/install/simulator:/home/subin/subin_ws/ADS_Mission_Normal/install/mission_manager:/home/subin/subin_ws/ADS_Mission_Normal/install/evaluation:/home/subin/subin_ws/ADS_Mission_Normal/install/autonomous_driving:/home/subin/subin_ws/ADS_Final_MissionHard/install/simulator:/home/subin/subin_ws/ADS_Final_MissionHard/install/mission_manager:/home/subin/subin_ws/ADS_Final_MissionHard/install/evaluation:/home/subin/subin_ws/ADS_Final_MissionHard/install/autonomous_driving:/home/subin/subin_ws/ADS_Final_MissionHard/install/ad_msgs:/opt/ros/humble'), ('WSLENV', 'VSCODE_WSL_EXT_LOCATION/up')]), 'shell': False}
[0.689333] (simulator) StdoutLine: {'line': b'-- Install configuration: ""\n'}
[0.690687] (simulator) StdoutLine: {'line': b'-- Up-to-date: /home/subin/subin_ws/ADS_Mission_Normal/install/simulator/lib/simulator/vehicle\n'}
[0.691814] (simulator) StdoutLine: {'line': b'-- Up-to-date: /home/subin/subin_ws/ADS_Mission_Normal/install/simulator/lib/simulator/lane_detection\n'}
[0.692924] (simulator) StdoutLine: {'line': b'-- Up-to-date: /home/subin/subin_ws/ADS_Mission_Normal/install/simulator/lib/simulator/display\n'}
[0.693117] (simulator) StdoutLine: {'line': b'-- Up-to-date: /home/subin/subin_ws/ADS_Mission_Normal/install/simulator/share/simulator/launch\n'}
[0.693489] (simulator) StdoutLine: {'line': b'-- Up-to-date: /home/subin/subin_ws/ADS_Mission_Normal/install/simulator/share/simulator/launch/simulation.launch.xml\n'}
[0.693604] (simulator) StdoutLine: {'line': b'-- Up-to-date: /home/subin/subin_ws/ADS_Mission_Normal/install/simulator/share/ament_index/resource_index/package_run_dependencies/simulator\n'}
[0.693898] (simulator) StdoutLine: {'line': b'-- Up-to-date: /home/subin/subin_ws/ADS_Mission_Normal/install/simulator/share/ament_index/resource_index/parent_prefix_path/simulator\n'}
[0.694085] (simulator) StdoutLine: {'line': b'-- Up-to-date: /home/subin/subin_ws/ADS_Mission_Normal/install/simulator/share/simulator/environment/ament_prefix_path.sh\n'}
[0.694149] (simulator) StdoutLine: {'line': b'-- Up-to-date: /home/subin/subin_ws/ADS_Mission_Normal/install/simulator/share/simulator/environment/ament_prefix_path.dsv\n'}
[0.694186] (simulator) StdoutLine: {'line': b'-- Up-to-date: /home/subin/subin_ws/ADS_Mission_Normal/install/simulator/share/simulator/environment/path.sh\n'}
[0.694212] (simulator) StdoutLine: {'line': b'-- Up-to-date: /home/subin/subin_ws/ADS_Mission_Normal/install/simulator/share/simulator/environment/path.dsv\n'}
[0.694275] (simulator) StdoutLine: {'line': b'-- Up-to-date: /home/subin/subin_ws/ADS_Mission_Normal/install/simulator/share/simulator/local_setup.bash\n'}
[0.694340] (simulator) StdoutLine: {'line': b'-- Up-to-date: /home/subin/subin_ws/ADS_Mission_Normal/install/simulator/share/simulator/local_setup.sh\n'}
[0.694483] (simulator) StdoutLine: {'line': b'-- Up-to-date: /home/subin/subin_ws/ADS_Mission_Normal/install/simulator/share/simulator/local_setup.zsh\n'}
[0.694517] (simulator) StdoutLine: {'line': b'-- Up-to-date: /home/subin/subin_ws/ADS_Mission_Normal/install/simulator/share/simulator/local_setup.dsv\n'}
[0.694547] (simulator) StdoutLine: {'line': b'-- Installing: /home/subin/subin_ws/ADS_Mission_Normal/install/simulator/share/simulator/package.dsv\n'}
[0.695298] (simulator) StdoutLine: {'line': b'-- Up-to-date: /home/subin/subin_ws/ADS_Mission_Normal/install/simulator/share/ament_index/resource_index/packages/simulator\n'}
[0.695620] (simulator) StdoutLine: {'line': b'-- Up-to-date: /home/subin/subin_ws/ADS_Mission_Normal/install/simulator/share/simulator/cmake/simulatorConfig.cmake\n'}
[0.695710] (simulator) StdoutLine: {'line': b'-- Up-to-date: /home/subin/subin_ws/ADS_Mission_Normal/install/simulator/share/simulator/cmake/simulatorConfig-version.cmake\n'}
[0.695768] (simulator) StdoutLine: {'line': b'-- Up-to-date: /home/subin/subin_ws/ADS_Mission_Normal/install/simulator/share/simulator/package.xml\n'}
[0.697301] (simulator) CommandEnded: {'returncode': 0}
[0.699170] (autonomous_driving) StdoutLine: {'line': b'-- Found rclcpp: 16.0.16 (/opt/ros/humble/share/rclcpp/cmake)\n'}
[0.700242] (-) TimerEvent: {}
[0.709846] (simulator) JobEnded: {'identifier': 'simulator', 'rc': 0}
[0.800407] (-) TimerEvent: {}
[0.900765] (-) TimerEvent: {}
[0.912123] (autonomous_driving) StdoutLine: {'line': b'-- Found rosidl_generator_c: 3.1.7 (/opt/ros/humble/share/rosidl_generator_c/cmake)\n'}
[0.914406] (autonomous_driving) StdoutLine: {'line': b'-- Found rosidl_adapter: 3.1.7 (/opt/ros/humble/share/rosidl_adapter/cmake)\n'}
[0.920368] (autonomous_driving) StdoutLine: {'line': b'-- Found rosidl_generator_cpp: 3.1.7 (/opt/ros/humble/share/rosidl_generator_cpp/cmake)\n'}
[0.927876] (autonomous_driving) StdoutLine: {'line': b'-- Using all available rosidl_typesupport_c: rosidl_typesupport_fastrtps_c;rosidl_typesupport_introspection_c\n'}
[0.938671] (autonomous_driving) StdoutLine: {'line': b'-- Using all available rosidl_typesupport_cpp: rosidl_typesupport_fastrtps_cpp;rosidl_typesupport_introspection_cpp\n'}
[0.959501] (autonomous_driving) StdoutLine: {'line': b'-- Found rmw_implementation_cmake: 6.1.2 (/opt/ros/humble/share/rmw_implementation_cmake/cmake)\n'}
[0.961723] (autonomous_driving) StdoutLine: {'line': b'-- Found rmw_fastrtps_cpp: 6.2.9 (/opt/ros/humble/share/rmw_fastrtps_cpp/cmake)\n'}
[1.000939] (-) TimerEvent: {}
[1.101340] (-) TimerEvent: {}
[1.201763] (-) TimerEvent: {}
[1.302188] (-) TimerEvent: {}
[1.402675] (-) TimerEvent: {}
[1.503127] (-) TimerEvent: {}
[1.603741] (-) TimerEvent: {}
[1.704287] (-) TimerEvent: {}
[1.804800] (-) TimerEvent: {}
[1.905343] (-) TimerEvent: {}
[2.005902] (-) TimerEvent: {}
[2.106492] (-) TimerEvent: {}
[2.207107] (-) TimerEvent: {}
[2.307614] (-) TimerEvent: {}
[2.408071] (-) TimerEvent: {}
[2.508646] (-) TimerEvent: {}
[2.609196] (-) TimerEvent: {}
[2.709811] (-) TimerEvent: {}
[2.810241] (-) TimerEvent: {}
[2.910858] (-) TimerEvent: {}
[3.011495] (-) TimerEvent: {}
[3.112032] (-) TimerEvent: {}
[3.212767] (-) TimerEvent: {}
[3.313503] (-) TimerEvent: {}
[3.414187] (-) TimerEvent: {}
[3.514834] (-) TimerEvent: {}
[3.615397] (-) TimerEvent: {}
[3.715879] (-) TimerEvent: {}
[3.816559] (-) TimerEvent: {}
[3.917102] (-) TimerEvent: {}
[4.017711] (-) TimerEvent: {}
[4.118229] (-) TimerEvent: {}
[4.218594] (-) TimerEvent: {}
[4.319045] (-) TimerEvent: {}
[4.419595] (-) TimerEvent: {}
[4.520158] (-) TimerEvent: {}
[4.620685] (-) TimerEvent: {}
[4.721223] (-) TimerEvent: {}
[4.822344] (-) TimerEvent: {}
[4.923037] (-) TimerEvent: {}
[5.023740] (-) TimerEvent: {}
[5.124402] (-) TimerEvent: {}
[5.225144] (-) TimerEvent: {}
[5.325957] (-) TimerEvent: {}
[5.426702] (-) TimerEvent: {}
[5.527358] (-) TimerEvent: {}
[5.628032] (-) TimerEvent: {}
[5.728708] (-) TimerEvent: {}
[5.829240] (-) TimerEvent: {}
[5.929869] (-) TimerEvent: {}
[6.030539] (-) TimerEvent: {}
[6.131128] (-) TimerEvent: {}
[6.231750] (-) TimerEvent: {}
[6.332464] (-) TimerEvent: {}
[6.433158] (-) TimerEvent: {}
[6.533861] (-) TimerEvent: {}
[6.634535] (-) TimerEvent: {}
[6.735195] (-) TimerEvent: {}
[6.835865] (-) TimerEvent: {}
[6.936566] (-) TimerEvent: {}
[7.037355] (-) TimerEvent: {}
[7.138208] (-) TimerEvent: {}
[7.238966] (-) TimerEvent: {}
[7.339717] (-) TimerEvent: {}
[7.440511] (-) TimerEvent: {}
[7.541175] (-) TimerEvent: {}
[7.641813] (-) TimerEvent: {}
[7.742833] (-) TimerEvent: {}
[7.843438] (-) TimerEvent: {}
[7.944038] (-) TimerEvent: {}
[8.044692] (-) TimerEvent: {}
[8.145475] (-) TimerEvent: {}
[8.246523] (-) TimerEvent: {}
[8.347270] (-) TimerEvent: {}
[8.448117] (-) TimerEvent: {}
[8.549158] (-) TimerEvent: {}
[8.649811] (-) TimerEvent: {}
[8.750421] (-) TimerEvent: {}
[8.851169] (-) TimerEvent: {}
[8.951839] (-) TimerEvent: {}
[9.052417] (-) TimerEvent: {}
[9.153088] (-) TimerEvent: {}
[9.253800] (-) TimerEvent: {}
[9.354766] (-) TimerEvent: {}
[9.455702] (-) TimerEvent: {}
[9.556429] (-) TimerEvent: {}
[9.656937] (-) TimerEvent: {}
[9.757423] (-) TimerEvent: {}
[9.858129] (-) TimerEvent: {}
[9.958889] (-) TimerEvent: {}
[10.059396] (-) TimerEvent: {}
[10.159979] (-) TimerEvent: {}
[10.260594] (-) TimerEvent: {}
[10.361498] (-) TimerEvent: {}
[10.462137] (-) TimerEvent: {}
[10.562998] (-) TimerEvent: {}
[10.663687] (-) TimerEvent: {}
[10.764376] (-) TimerEvent: {}
[10.864876] (-) TimerEvent: {}
[10.919768] (autonomous_driving) StdoutLine: {'line': b"-- Using RMW implementation 'rmw_fastrtps_cpp' as default\n"}
[10.965118] (-) TimerEvent: {}
[10.979658] (autonomous_driving) StdoutLine: {'line': b'-- Found ad_msgs: 0.0.0 (/home/subin/subin_ws/ADS_Mission_Normal/install/ad_msgs/share/ad_msgs/cmake)\n'}
[11.065343] (-) TimerEvent: {}
[11.069443] (autonomous_driving) StdoutLine: {'line': b'-- Found tf2: 0.25.17 (/opt/ros/humble/share/tf2/cmake)\n'}
[11.073623] (autonomous_driving) StdoutLine: {'line': b'-- Found tf2_ros: 0.25.17 (/opt/ros/humble/share/tf2_ros/cmake)\n'}
[11.165594] (-) TimerEvent: {}
[11.241744] (autonomous_driving) StdoutLine: {'line': b'-- Configuring done\n'}
[11.265888] (-) TimerEvent: {}
[11.283460] (autonomous_driving) StdoutLine: {'line': b'-- Generating done\n'}
[11.300711] (autonomous_driving) StdoutLine: {'line': b'-- Build files have been written to: /home/subin/subin_ws/ADS_Mission_Normal/build/autonomous_driving\n'}
[11.331694] (autonomous_driving) StdoutLine: {'line': b'\x1b[35m\x1b[1mConsolidate compiler generated dependencies of target perception_node\x1b[0m\n'}
[11.334033] (autonomous_driving) StdoutLine: {'line': b'\x1b[35m\x1b[1mConsolidate compiler generated dependencies of target planning_node\x1b[0m\n'}
[11.336006] (autonomous_driving) StdoutLine: {'line': b'\x1b[35m\x1b[1mConsolidate compiler generated dependencies of target control_node\x1b[0m\n'}
[11.354034] (autonomous_driving) StdoutLine: {'line': b'[ 14%] \x1b[32mBuilding CXX object CMakeFiles/control_node.dir/src/control_node.cpp.o\x1b[0m\n'}
[11.354227] (autonomous_driving) StdoutLine: {'line': b'[ 42%] \x1b[32mBuilding CXX object CMakeFiles/perception_node.dir/src/perception_node.cpp.o\x1b[0m\n'}
[11.354498] (autonomous_driving) StdoutLine: {'line': b'[ 42%] \x1b[32mBuilding CXX object CMakeFiles/planning_node.dir/src/planning_node.cpp.o\x1b[0m\n'}
[11.356725] (autonomous_driving) StdoutLine: {'line': b'[ 57%] \x1b[32mBuilding CXX object CMakeFiles/planning_node.dir/src/frenet_converter.cpp.o\x1b[0m\n'}
[11.366124] (-) TimerEvent: {}
[11.466787] (-) TimerEvent: {}
[11.567556] (-) TimerEvent: {}
[11.668051] (-) TimerEvent: {}
[11.768667] (-) TimerEvent: {}
[11.869183] (-) TimerEvent: {}
[11.969746] (-) TimerEvent: {}
[12.070355] (-) TimerEvent: {}
[12.170879] (-) TimerEvent: {}
[12.271366] (-) TimerEvent: {}
[12.371772] (-) TimerEvent: {}
[12.472231] (-) TimerEvent: {}
[12.572748] (-) TimerEvent: {}
[12.673160] (-) TimerEvent: {}
[12.773732] (-) TimerEvent: {}
[12.874252] (-) TimerEvent: {}
[12.974685] (-) TimerEvent: {}
[13.075083] (-) TimerEvent: {}
[13.175597] (-) TimerEvent: {}
[13.276407] (-) TimerEvent: {}
[13.376857] (-) TimerEvent: {}
[13.477498] (-) TimerEvent: {}
[13.578297] (-) TimerEvent: {}
[13.678752] (-) TimerEvent: {}
[13.779206] (-) TimerEvent: {}
[13.879710] (-) TimerEvent: {}
[13.980214] (-) TimerEvent: {}
[14.081039] (-) TimerEvent: {}
[14.181481] (-) TimerEvent: {}
[14.281954] (-) TimerEvent: {}
[14.382407] (-) TimerEvent: {}
[14.436377] (autonomous_driving) StderrLine: {'line': b'\x1b[01m\x1b[K/home/subin/subin_ws/ADS_Mission_Normal/src/app/autonomous_driving/src/planning_node.cpp:\x1b[m\x1b[K In member function \xe2\x80\x98\x1b[01m\x1b[Kvoid PlanningNode::Init(const rclcpp::Time&)\x1b[m\x1b[K\xe2\x80\x99:\n'}
[14.436761] (autonomous_driving) StderrLine: {'line': b'\x1b[01m\x1b[K/home/subin/subin_ws/ADS_Mission_Normal/src/app/autonomous_driving/src/planning_node.cpp:94:45:\x1b[m\x1b[K \x1b[01;35m\x1b[Kwarning: \x1b[m\x1b[Kunused parameter \xe2\x80\x98\x1b[01m\x1b[Kcurrent_time\x1b[m\x1b[K\xe2\x80\x99 [\x1b[01;35m\x1b[K\x1b]8;;https://gcc.gnu.org/onlinedocs/gcc/Warning-Options.html#index-Wunused-parameter\x07-Wunused-parameter\x1b]8;;\x07\x1b[m\x1b[K]\n'}
[14.436822] (autonomous_driving) StderrLine: {'line': b'   94 | void PlanningNode::Init(\x1b[01;35m\x1b[Kconst rclcpp::Time &current_time\x1b[m\x1b[K) {\n'}
[14.436856] (autonomous_driving) StderrLine: {'line': b'      |                         \x1b[01;35m\x1b[K~~~~~~~~~~~~~~~~~~~~^~~~~~~~~~~~\x1b[m\x1b[K\n'}
[14.440411] (autonomous_driving) StderrLine: {'line': b'\x1b[01m\x1b[K/home/subin/subin_ws/ADS_Mission_Normal/src/app/autonomous_driving/src/control_node.cpp:\x1b[m\x1b[K In member function \xe2\x80\x98\x1b[01m\x1b[Kvoid ControlNode::Init(const rclcpp::Time&)\x1b[m\x1b[K\xe2\x80\x99:\n'}
[14.440537] (autonomous_driving) StderrLine: {'line': b'\x1b[01m\x1b[K/home/subin/subin_ws/ADS_Mission_Normal/src/app/autonomous_driving/src/control_node.cpp:117:44:\x1b[m\x1b[K \x1b[01;35m\x1b[Kwarning: \x1b[m\x1b[Kunused parameter \xe2\x80\x98\x1b[01m\x1b[Kcurrent_time\x1b[m\x1b[K\xe2\x80\x99 [\x1b[01;35m\x1b[K\x1b]8;;https://gcc.gnu.org/onlinedocs/gcc/Warning-Options.html#index-Wunused-parameter\x07-Wunused-parameter\x1b]8;;\x07\x1b[m\x1b[K]\n'}
[14.440577] (autonomous_driving) StderrLine: {'line': b'  117 | void ControlNode::Init(\x1b[01;35m\x1b[Kconst rclcpp::Time &current_time\x1b[m\x1b[K) {}\n'}
[14.440606] (autonomous_driving) StderrLine: {'line': b'      |                        \x1b[01;35m\x1b[K~~~~~~~~~~~~~~~~~~~~^~~~~~~~~~~~\x1b[m\x1b[K\n'}
[14.446563] (autonomous_driving) StderrLine: {'line': b'\x1b[01m\x1b[K/home/subin/subin_ws/ADS_Mission_Normal/src/app/autonomous_driving/src/control_node.cpp:\x1b[m\x1b[K In member function \xe2\x80\x98\x1b[01m\x1b[Kdouble ControlNode::LateralControl(const interface::VehicleState&, const interface::PolyfitLane&, const AutonomousDrivingConfig&)\x1b[m\x1b[K\xe2\x80\x99:\n'}
[14.446834] (autonomous_driving) StderrLine: {'line': b'\x1b[01m\x1b[K/home/subin/subin_ws/ADS_Mission_Normal/src/app/autonomous_driving/src/control_node.cpp:244:67:\x1b[m\x1b[K \x1b[01;35m\x1b[Kwarning: \x1b[m\x1b[Kunused parameter \xe2\x80\x98\x1b[01m\x1b[Kvehicle_state\x1b[m\x1b[K\xe2\x80\x99 [\x1b[01;35m\x1b[K\x1b]8;;https://gcc.gnu.org/onlinedocs/gcc/Warning-Options.html#index-Wunused-parameter\x07-Wunused-parameter\x1b]8;;\x07\x1b[m\x1b[K]\n'}
[14.446879] (autonomous_driving) StderrLine: {'line': b'  244 | double ControlNode::LateralControl(\x1b[01;35m\x1b[Kconst interface::VehicleState &vehicle_state\x1b[m\x1b[K, const interface::PolyfitLane &driving_way_real, const AutonomousDrivingConfig &cfg) {\n'}
[14.446914] (autonomous_driving) StderrLine: {'line': b'      |                                    \x1b[01;35m\x1b[K~~~~~~~~~~~~~~~~~~~~~~~~~~~~~~~^~~~~~~~~~~~~\x1b[m\x1b[K\n'}
[14.446945] (autonomous_driving) StderrLine: {'line': b'\x1b[01m\x1b[K/home/subin/subin_ws/ADS_Mission_Normal/src/app/autonomous_driving/src/planning_node.cpp:\x1b[m\x1b[K In member function \xe2\x80\x98\x1b[01m\x1b[Kdouble PlanningNode::VelocityPlanning(const interface::VehicleState&, const interface::Lane&, const interface::Mission&, const interface::PolyfitLane&, const PlanningNode::BehaviorContext&)\x1b[m\x1b[K\xe2\x80\x99:\n'}
[14.446984] (autonomous_driving) StderrLine: {'line': b'\x1b[01m\x1b[K/home/subin/subin_ws/ADS_Mission_Normal/src/app/autonomous_driving/src/planning_node.cpp:456:12:\x1b[m\x1b[K \x1b[01;35m\x1b[Kwarning: \x1b[m\x1b[Kunused variable \xe2\x80\x98\x1b[01m\x1b[Ka3\x1b[m\x1b[K\xe2\x80\x99 [\x1b[01;35m\x1b[K\x1b]8;;https://gcc.gnu.org/onlinedocs/gcc/Warning-Options.html#index-Wunused-variable\x07-Wunused-variable\x1b]8;;\x07\x1b[m\x1b[K]\n'}
[14.447013] (autonomous_driving) StderrLine: {'line': b'  456 |     double \x1b[01;35m\x1b[Ka3\x1b[m\x1b[K = driving_way_real.a3;\n'}
[14.447040] (autonomous_driving) StderrLine: {'line': b'      |            \x1b[01;35m\x1b[K^~\x1b[m\x1b[K\n'}
[14.447065] (autonomous_driving) StderrLine: {'line': b'\x1b[01m\x1b[K/home/subin/subin_ws/ADS_Mission_Normal/src/app/autonomous_driving/src/planning_node.cpp:458:12:\x1b[m\x1b[K \x1b[01;35m\x1b[Kwarning: \x1b[m\x1b[Kunused variable \xe2\x80\x98\x1b[01m\x1b[Ka1\x1b[m\x1b[K\xe2\x80\x99 [\x1b[01;35m\x1b[K\x1b]8;;https://gcc.gnu.org/onlinedocs/gcc/Warning-Options.html#index-Wunused-variable\x07-Wunused-variable\x1b]8;;\x07\x1b[m\x1b[K]\n'}
[14.447091] (autonomous_driving) StderrLine: {'line': b'  458 |     double \x1b[01;35m\x1b[Ka1\x1b[m\x1b[K = driving_way_real.a1;\n'}
[14.447114] (autonomous_driving) StderrLine: {'line': b'      |            \x1b[01;35m\x1b[K^~\x1b[m\x1b[K\n'}
[14.447138] (autonomous_driving) StderrLine: {'line': b'\x1b[01m\x1b[K/home/subin/subin_ws/ADS_Mission_Normal/src/app/autonomous_driving/src/planning_node.cpp:459:12:\x1b[m\x1b[K \x1b[01;35m\x1b[Kwarning: \x1b[m\x1b[Kunused variable \xe2\x80\x98\x1b[01m\x1b[Ka0\x1b[m\x1b[K\xe2\x80\x99 [\x1b[01;35m\x1b[K\x1b]8;;https://gcc.gnu.org/onlinedocs/gcc/Warning-Options.html#index-Wunused-variable\x07-Wunused-variable\x1b]8;;\x07\x1b[m\x1b[K]\n'}
[14.447163] (autonomous_driving) StderrLine: {'line': b'  459 |     double \x1b[01;35m\x1b[Ka0\x1b[m\x1b[K = driving_way_real.a0;\n'}
[14.447189] (autonomous_driving) StderrLine: {'line': b'      |            \x1b[01;35m\x1b[K^~\x1b[m\x1b[K\n'}
[14.447213] (autonomous_driving) StderrLine: {'line': b'\x1b[01m\x1b[K/home/subin/subin_ws/ADS_Mission_Normal/src/app/autonomous_driving/src/planning_node.cpp:440:108:\x1b[m\x1b[K \x1b[01;35m\x1b[Kwarning: \x1b[m\x1b[Kunused parameter \xe2\x80\x98\x1b[01m\x1b[Klane_points\x1b[m\x1b[K\xe2\x80\x99 [\x1b[01;35m\x1b[K\x1b]8;;https://gcc.gnu.org/onlinedocs/gcc/Warning-Options.html#index-Wunused-parameter\x07-Wunused-parameter\x1b]8;;\x07\x1b[m\x1b[K]\n'}
[14.447241] (autonomous_driving) StderrLine: {'line': b'  440 | double PlanningNode::VelocityPlanning(const interface::VehicleState &vehicle_state, \x1b[01;35m\x1b[Kconst interface::Lane &lane_points\x1b[m\x1b[K, const interface::Mission &mission, const interface::PolyfitLane &driving_way_real, const BehaviorContext &ctx) {\n'}
[14.447268] (autonomous_driving) StderrLine: {'line': b'      |                                                                                     \x1b[01;35m\x1b[K~~~~~~~~~~~~~~~~~~~~~~~^~~~~~~~~~~\x1b[m\x1b[K\n'}
[14.482606] (-) TimerEvent: {}
[14.583047] (-) TimerEvent: {}
[14.683454] (-) TimerEvent: {}
[14.783902] (-) TimerEvent: {}
[14.884441] (-) TimerEvent: {}
[14.985229] (-) TimerEvent: {}
[15.085647] (-) TimerEvent: {}
[15.186321] (-) TimerEvent: {}
[15.286742] (-) TimerEvent: {}
[15.387161] (-) TimerEvent: {}
[15.487574] (-) TimerEvent: {}
[15.588089] (-) TimerEvent: {}
[15.688714] (-) TimerEvent: {}
[15.789140] (-) TimerEvent: {}
[15.889552] (-) TimerEvent: {}
[15.989974] (-) TimerEvent: {}
[16.090381] (-) TimerEvent: {}
[16.190798] (-) TimerEvent: {}
[16.291282] (-) TimerEvent: {}
[16.391693] (-) TimerEvent: {}
[16.492127] (-) TimerEvent: {}
[16.592590] (-) TimerEvent: {}
[16.693023] (-) TimerEvent: {}
[16.793467] (-) TimerEvent: {}
[16.893917] (-) TimerEvent: {}
[16.994392] (-) TimerEvent: {}
[17.094987] (-) TimerEvent: {}
[17.195500] (-) TimerEvent: {}
[17.296115] (-) TimerEvent: {}
[17.396537] (-) TimerEvent: {}
[17.499345] (-) TimerEvent: {}
[17.599779] (-) TimerEvent: {}
[17.700407] (-) TimerEvent: {}
[17.801064] (-) TimerEvent: {}
[17.901560] (-) TimerEvent: {}
[18.002162] (-) TimerEvent: {}
[18.102572] (-) TimerEvent: {}
[18.202968] (-) TimerEvent: {}
[18.303382] (-) TimerEvent: {}
[18.403839] (-) TimerEvent: {}
[18.504258] (-) TimerEvent: {}
[18.604675] (-) TimerEvent: {}
[18.705239] (-) TimerEvent: {}
[18.805946] (-) TimerEvent: {}
[18.906406] (-) TimerEvent: {}
[19.006864] (-) TimerEvent: {}
[19.107324] (-) TimerEvent: {}
[19.207752] (-) TimerEvent: {}
[19.308207] (-) TimerEvent: {}
[19.408746] (-) TimerEvent: {}
[19.509221] (-) TimerEvent: {}
[19.609712] (-) TimerEvent: {}
[19.710198] (-) TimerEvent: {}
[19.810625] (-) TimerEvent: {}
[19.911078] (-) TimerEvent: {}
[20.011523] (-) TimerEvent: {}
[20.112046] (-) TimerEvent: {}
[20.212525] (-) TimerEvent: {}
[20.313071] (-) TimerEvent: {}
[20.413577] (-) TimerEvent: {}
[20.514213] (-) TimerEvent: {}
[20.614672] (-) TimerEvent: {}
[20.715168] (-) TimerEvent: {}
[20.815594] (-) TimerEvent: {}
[20.916127] (-) TimerEvent: {}
[21.016599] (-) TimerEvent: {}
[21.117168] (-) TimerEvent: {}
[21.217578] (-) TimerEvent: {}
[21.318050] (-) TimerEvent: {}
[21.418590] (-) TimerEvent: {}
[21.519096] (-) TimerEvent: {}
[21.619511] (-) TimerEvent: {}
[21.719944] (-) TimerEvent: {}
[21.820494] (-) TimerEvent: {}
[21.920937] (-) TimerEvent: {}
[22.021466] (-) TimerEvent: {}
[22.121925] (-) TimerEvent: {}
[22.222509] (-) TimerEvent: {}
[22.323043] (-) TimerEvent: {}
[22.423566] (-) TimerEvent: {}
[22.524170] (-) TimerEvent: {}
[22.624671] (-) TimerEvent: {}
[22.725133] (-) TimerEvent: {}
[22.825671] (-) TimerEvent: {}
[22.926178] (-) TimerEvent: {}
[23.026581] (-) TimerEvent: {}
[23.127042] (-) TimerEvent: {}
[23.227580] (-) TimerEvent: {}
[23.328023] (-) TimerEvent: {}
[23.428448] (-) TimerEvent: {}
[23.528820] (-) TimerEvent: {}
[23.629245] (-) TimerEvent: {}
[23.729651] (-) TimerEvent: {}
[23.830052] (-) TimerEvent: {}
[23.930481] (-) TimerEvent: {}
[24.030914] (-) TimerEvent: {}
[24.131435] (-) TimerEvent: {}
[24.231897] (-) TimerEvent: {}
[24.332285] (-) TimerEvent: {}
[24.432732] (-) TimerEvent: {}
[24.533331] (-) TimerEvent: {}
[24.633733] (-) TimerEvent: {}
[24.734179] (-) TimerEvent: {}
[24.834622] (-) TimerEvent: {}
[24.935028] (-) TimerEvent: {}
[25.035487] (-) TimerEvent: {}
[25.135979] (-) TimerEvent: {}
[25.236555] (-) TimerEvent: {}
[25.336970] (-) TimerEvent: {}
[25.437356] (-) TimerEvent: {}
[25.537859] (-) TimerEvent: {}
[25.638267] (-) TimerEvent: {}
[25.738694] (-) TimerEvent: {}
[25.839174] (-) TimerEvent: {}
[25.939601] (-) TimerEvent: {}
[26.040072] (-) TimerEvent: {}
[26.140504] (-) TimerEvent: {}
[26.240869] (-) TimerEvent: {}
[26.341354] (-) TimerEvent: {}
[26.441921] (-) TimerEvent: {}
[26.542324] (-) TimerEvent: {}
[26.642777] (-) TimerEvent: {}
[26.743230] (-) TimerEvent: {}
[26.843749] (-) TimerEvent: {}
[26.944281] (-) TimerEvent: {}
[26.994294] (autonomous_driving) StdoutLine: {'line': b'[ 71%] \x1b[32m\x1b[1mLinking CXX executable perception_node\x1b[0m\n'}
[27.044442] (-) TimerEvent: {}
[27.144874] (-) TimerEvent: {}
[27.245268] (-) TimerEvent: {}
[27.345700] (-) TimerEvent: {}
[27.446159] (-) TimerEvent: {}
[27.546638] (-) TimerEvent: {}
[27.647098] (-) TimerEvent: {}
[27.747558] (-) TimerEvent: {}
[27.848083] (-) TimerEvent: {}
[27.848820] (autonomous_driving) StdoutLine: {'line': b'[ 71%] Built target perception_node\n'}
[27.948231] (-) TimerEvent: {}
[28.048810] (-) TimerEvent: {}
[28.149553] (-) TimerEvent: {}
[28.249991] (-) TimerEvent: {}
[28.350489] (-) TimerEvent: {}
[28.450996] (-) TimerEvent: {}
[28.551381] (-) TimerEvent: {}
[28.651847] (-) TimerEvent: {}
[28.752404] (-) TimerEvent: {}
[28.852996] (-) TimerEvent: {}
[28.953433] (-) TimerEvent: {}
[29.053897] (-) TimerEvent: {}
[29.154316] (-) TimerEvent: {}
[29.254742] (-) TimerEvent: {}
[29.355312] (-) TimerEvent: {}
[29.455755] (-) TimerEvent: {}
[29.556168] (-) TimerEvent: {}
[29.656620] (-) TimerEvent: {}
[29.757098] (-) TimerEvent: {}
[29.857507] (-) TimerEvent: {}
[29.957950] (-) TimerEvent: {}
[30.058457] (-) TimerEvent: {}
[30.159166] (-) TimerEvent: {}
[30.259644] (-) TimerEvent: {}
[30.274178] (autonomous_driving) StdoutLine: {'line': b'[ 85%] \x1b[32m\x1b[1mLinking CXX executable control_node\x1b[0m\n'}
[30.359780] (-) TimerEvent: {}
[30.460176] (-) TimerEvent: {}
[30.560654] (-) TimerEvent: {}
[30.661509] (-) TimerEvent: {}
[30.761931] (-) TimerEvent: {}
[30.862328] (-) TimerEvent: {}
[30.962762] (-) TimerEvent: {}
[31.063337] (-) TimerEvent: {}
[31.163981] (-) TimerEvent: {}
[31.264541] (-) TimerEvent: {}
[31.365024] (-) TimerEvent: {}
[31.465544] (-) TimerEvent: {}
[31.544500] (autonomous_driving) StdoutLine: {'line': b'[ 85%] Built target control_node\n'}
[31.565748] (-) TimerEvent: {}
[31.666235] (-) TimerEvent: {}
[31.766784] (-) TimerEvent: {}
[31.867537] (-) TimerEvent: {}
[31.968178] (-) TimerEvent: {}
[32.069005] (-) TimerEvent: {}
[32.169858] (-) TimerEvent: {}
[32.270511] (-) TimerEvent: {}
[32.273473] (autonomous_driving) StdoutLine: {'line': b'[100%] \x1b[32m\x1b[1mLinking CXX executable planning_node\x1b[0m\n'}
[32.370651] (-) TimerEvent: {}
[32.471055] (-) TimerEvent: {}
[32.571506] (-) TimerEvent: {}
[32.672006] (-) TimerEvent: {}
[32.772439] (-) TimerEvent: {}
[32.873015] (-) TimerEvent: {}
[32.973570] (-) TimerEvent: {}
[33.074235] (-) TimerEvent: {}
[33.174758] (-) TimerEvent: {}
[33.275279] (-) TimerEvent: {}
[33.376001] (-) TimerEvent: {}
[33.476983] (-) TimerEvent: {}
[33.577701] (-) TimerEvent: {}
[33.607347] (autonomous_driving) StdoutLine: {'line': b'[100%] Built target planning_node\n'}
[33.622057] (autonomous_driving) CommandEnded: {'returncode': 0}
[33.625583] (autonomous_driving) JobProgress: {'identifier': 'autonomous_driving', 'progress': 'install'}
[33.625907] (autonomous_driving) Command: {'cmd': ['/usr/bin/cmake', '--install', '/home/subin/subin_ws/ADS_Mission_Normal/build/autonomous_driving'], 'cwd': '/home/subin/subin_ws/ADS_Mission_Normal/build/autonomous_driving', 'env': OrderedDict([('LESSOPEN', '| /usr/bin/lesspipe %s'), ('USER', 'subin'), ('GIT_ASKPASS', '/home/subin/.vscode-server/bin/618725e67565b290ba4da6fe2d29f8fa1d4e3622/extensions/git/dist/askpass.sh'), ('SHLVL', '1'), ('LIBGL_ALWAYS_SOFTWARE', '1'), ('LD_LIBRARY_PATH', '/home/subin/subin_ws/ADS_Mission_Normal/install/ad_msgs/lib:/home/subin/subin_ws/ADS_Mission_Basic/install/ad_msgs/lib:/home/subin/subin_ws/Autonomous_Driving_Software_Final/install/ad_msgs/lib:/home/subin/subin_ws/ADS_Mission_Hard/install/ad_msgs/lib:/home/subin/subin_ws/ADS_Final_MissionHard/install/ad_msgs/lib:/opt/ros/humble/opt/rviz_ogre_vendor/lib:/opt/ros/humble/lib/x86_64-linux-gnu:/opt/ros/humble/lib'), ('MOTD_SHOWN', 'update-motd'), ('HOME', '/home/subin'), ('OLDPWD', '/home/subin/subin_ws'), ('TERM_PROGRAM_VERSION', '1.107.0'), ('VSCODE_IPC_HOOK_CLI', '/run/user/1000/vscode-ipc-dcfa51ba-6497-406c-9e9f-f76725eff328.sock'), ('ROS_PYTHON_VERSION', '3'), ('VSCODE_GIT_ASKPASS_MAIN', '/home/subin/.vscode-server/bin/618725e67565b290ba4da6fe2d29f8fa1d4e3622/extensions/git/dist/askpass-main.js'), ('VSCODE_GIT_ASKPASS_NODE', '/home/subin/.vscode-server/bin/618725e67565b290ba4da6fe2d29f8fa1d4e3622/node'), ('VSCODE_PYTHON_AUTOACTIVATE_GUARD', '1'), ('DBUS_SESSION_BUS_ADDRESS', 'unix:path=/run/user/1000/bus'), ('COLORTERM', 'truecolor'), ('WSL_DISTRO_NAME', 'Ubuntu-22.04'), ('WAYLAND_DISPLAY', 'wayland-0'), ('COLCON_PREFIX_PATH', '/home/subin/subin_ws/ADS_Mission_Basic/install:/home/subin/subin_ws/Autonomous_Driving_Software_Final/install:/home/subin/subin_ws/ADS_Mission_Hard/install:/home/subin/subin_ws/ADS_Mission_Normal/install:/home/subin/subin_ws/ADS_Final_MissionHard/install'), ('ROS_DISTRO', 'humble'), ('LOGNAME', 'subin'), ('NAME', 'GalaxyBook4Pro-427M5'), ('WSL_INTEROP', '/run/WSL/71539_interop'), ('PULSE_SERVER', 'unix:/mnt/wslg/PulseServer'), ('_', '/usr/bin/colcon'), ('ROS_VERSION', '2'), ('TERM', 'xterm-256color'), ('ROS_LOCALHOST_ONLY', '0'), ('PATH', '/home/subin/.vscode-server/data/User/globalStorage/github.copilot-chat/debugCommand:/home/subin/.vscode-server/data/User/globalStorage/github.copilot-chat/copilotCli:/home/subin/.vscode-server/bin/618725e67565b290ba4da6fe2d29f8fa1d4e3622/bin/remote-cli:/opt/ros/humble/bin:/usr/local/sbin:/usr/local/bin:/usr/sbin:/usr/bin:/sbin:/bin:/usr/games:/usr/local/games:/usr/lib/wsl/lib:/mnt/c/Program Files/Microsoft/jdk-17.0.16.8-hotspot/bin:/mnt/c/Program Files/Eclipse Adoptium/jdk-17.0.16.8-hotspot/bin:/mnt/c/Python313/Scripts/:/mnt/c/Python313/:/mnt/c/WINDOWS/system32:/mnt/c/WINDOWS:/mnt/c/WINDOWS/System32/Wbem:/mnt/c/WINDOWS/System32/WindowsPowerShell/v1.0/:/mnt/c/WINDOWS/System32/OpenSSH/:/mnt/c/ProgramData/chocolatey/bin:/mnt/c/Program Files/Docker/Docker/resources/bin:/mnt/c/Program Files (x86)/Windows Kits/10/Windows Performance Toolkit/:/mnt/c/Program Files/Microsoft/jdk-17.0.16.8-hotspot/bin:/mnt/c/Users/soo16/OneDrive/바탕 화면/Graphviz/bin:/mnt/c/:/mnt/c/Users/soo16/AppData/Local/nvm:/mnt/c/nvm4w/nodejs:/mnt/c/Program Files/Git/cmd:/mnt/c/Program Files/MySQL/MySQL Shell 8.0/bin/:/mnt/c/Users/soo16/AppData/Local/Programs/Python/Python312/Scripts/:/mnt/c/Users/soo16/AppData/Local/Programs/Python/Python312/:/mnt/c/Users/soo16/AppData/Local/Microsoft/WindowsApps:/mnt/c/Users/soo16/AppData/Local/afreeca:/mnt/c/Users/soo16/AppData/Local/Programs/Microsoft VS Code/bin:/mnt/c/Users/soo16/AppData/Local/SOOP:/mnt/c/Users/soo16/AppData/Local/GitHubDesktop/bin:/mnt/c/Program Files/Eclipse Adoptium/jdk-17.0.16.8-hotspot/bin:/mnt/c/Users/soo16/AppData/Local/Android/Sdk/platform-tools:/mnt/c/Users/soo16/AppData/Local/nvm:/mnt/c/nvm4w/nodejs:/snap/bin'), ('XDG_RUNTIME_DIR', '/run/user/1000/'), ('DISPLAY', ':0'), ('LANG', 'C.UTF-8'), ('LS_COLORS', 'rs=0:di=01;34:ln=01;36:mh=00:pi=40;33:so=01;35:do=01;35:bd=40;33;01:cd=40;33;01:or=40;31;01:mi=00:su=37;41:sg=30;43:ca=30;41:tw=30;42:ow=34;42:st=37;44:ex=01;32:*.tar=01;31:*.tgz=01;31:*.arc=01;31:*.arj=01;31:*.taz=01;31:*.lha=01;31:*.lz4=01;31:*.lzh=01;31:*.lzma=01;31:*.tlz=01;31:*.txz=01;31:*.tzo=01;31:*.t7z=01;31:*.zip=01;31:*.z=01;31:*.dz=01;31:*.gz=01;31:*.lrz=01;31:*.lz=01;31:*.lzo=01;31:*.xz=01;31:*.zst=01;31:*.tzst=01;31:*.bz2=01;31:*.bz=01;31:*.tbz=01;31:*.tbz2=01;31:*.tz=01;31:*.deb=01;31:*.rpm=01;31:*.jar=01;31:*.war=01;31:*.ear=01;31:*.sar=01;31:*.rar=01;31:*.alz=01;31:*.ace=01;31:*.zoo=01;31:*.cpio=01;31:*.7z=01;31:*.rz=01;31:*.cab=01;31:*.wim=01;31:*.swm=01;31:*.dwm=01;31:*.esd=01;31:*.jpg=01;35:*.jpeg=01;35:*.mjpg=01;35:*.mjpeg=01;35:*.gif=01;35:*.bmp=01;35:*.pbm=01;35:*.pgm=01;35:*.ppm=01;35:*.tga=01;35:*.xbm=01;35:*.xpm=01;35:*.tif=01;35:*.tiff=01;35:*.png=01;35:*.svg=01;35:*.svgz=01;35:*.mng=01;35:*.pcx=01;35:*.mov=01;35:*.mpg=01;35:*.mpeg=01;35:*.m2v=01;35:*.mkv=01;35:*.webm=01;35:*.webp=01;35:*.ogm=01;35:*.mp4=01;35:*.m4v=01;35:*.mp4v=01;35:*.vob=01;35:*.qt=01;35:*.nuv=01;35:*.wmv=01;35:*.asf=01;35:*.rm=01;35:*.rmvb=01;35:*.flc=01;35:*.avi=01;35:*.fli=01;35:*.flv=01;35:*.gl=01;35:*.dl=01;35:*.xcf=01;35:*.xwd=01;35:*.yuv=01;35:*.cgm=01;35:*.emf=01;35:*.ogv=01;35:*.ogx=01;35:*.aac=00;36:*.au=00;36:*.flac=00;36:*.m4a=00;36:*.mid=00;36:*.midi=00;36:*.mka=00;36:*.mp3=00;36:*.mpc=00;36:*.ogg=00;36:*.ra=00;36:*.wav=00;36:*.oga=00;36:*.opus=00;36:*.spx=00;36:*.xspf=00;36:'), ('VSCODE_GIT_IPC_HANDLE', '/run/user/1000/vscode-git-c2f421b98a.sock'), ('TERM_PROGRAM', 'vscode'), ('AMENT_PREFIX_PATH', '/home/subin/subin_ws/ADS_Mission_Basic/install/simulator:/home/subin/subin_ws/ADS_Mission_Basic/install/mission_manager:/home/subin/subin_ws/ADS_Mission_Basic/install/evaluation:/home/subin/subin_ws/ADS_Mission_Basic/install/autonomous_driving:/home/subin/subin_ws/ADS_Mission_Basic/install/ad_msgs:/home/subin/subin_ws/Autonomous_Driving_Software_Final/install/simulator:/home/subin/subin_ws/Autonomous_Driving_Software_Final/install/mission_manager:/home/subin/subin_ws/Autonomous_Driving_Software_Final/install/evaluation:/home/subin/subin_ws/Autonomous_Driving_Software_Final/install/autonomous_driving:/home/subin/subin_ws/Autonomous_Driving_Software_Final/install/ad_msgs:/home/subin/subin_ws/ADS_Mission_Hard/install/simulator:/home/subin/subin_ws/ADS_Mission_Hard/install/mission_manager:/home/subin/subin_ws/ADS_Mission_Hard/install/evaluation:/home/subin/subin_ws/ADS_Mission_Hard/install/autonomous_driving:/home/subin/subin_ws/ADS_Mission_Hard/install/ad_msgs:/home/subin/subin_ws/ADS_Mission_Normal/install/simulator:/home/subin/subin_ws/ADS_Mission_Normal/install/mission_manager:/home/subin/subin_ws/ADS_Mission_Normal/install/evaluation:/home/subin/subin_ws/ADS_Mission_Normal/install/autonomous_driving:/home/subin/subin_ws/ADS_Mission_Normal/install/ad_msgs:/home/subin/subin_ws/ADS_Final_MissionHard/install/simulator:/home/subin/subin_ws/ADS_Final_MissionHard/install/mission_manager:/home/subin/subin_ws/ADS_Final_MissionHard/install/evaluation:/home/subin/subin_ws/ADS_Final_MissionHard/install/autonomous_driving:/home/subin/subin_ws/ADS_Final_MissionHard/install/ad_msgs:/opt/ros/humble'), ('SHELL', '/bin/bash'), ('LESSCLOSE', '/usr/bin/lesspipe %s %s'), ('VSCODE_GIT_ASKPASS_EXTRA_ARGS', ''), ('PWD', '/home/subin/subin_ws/ADS_Mission_Normal/build/autonomous_driving'), ('XDG_DATA_DIRS', '/usr/local/share:/usr/share:/var/lib/snapd/desktop'), ('PYTHONPATH', '/home/subin/subin_ws/ADS_Mission_Basic/install/ad_msgs/local/lib/python3.10/dist-packages:/home/subin/subin_ws/Autonomous_Driving_Software_Final/install/ad_msgs/local/lib/python3.10/dist-packages:/home/subin/subin_ws/ADS_Mission_Hard/install/ad_msgs/local/lib/python3.10/dist-packages:/home/subin/subin_ws/ADS_Mission_Normal/install/ad_msgs/local/lib/python3.10/dist-packages:/home/subin/subin_ws/ADS_Final_MissionHard/install/ad_msgs/local/lib/python3.10/dist-packages:/opt/ros/humble/lib/python3.10/site-packages:/opt/ros/humble/local/lib/python3.10/dist-packages'), ('COLCON', '1'), ('WSL2_GUI_APPS_ENABLED', '1'), ('HOSTTYPE', 'x86_64'), ('CMAKE_PREFIX_PATH', '/home/subin/subin_ws/ADS_Mission_Normal/install/ad_msgs:/home/subin/subin_ws/ADS_Mission_Basic/install/simulator:/home/subin/subin_ws/ADS_Mission_Basic/install/mission_manager:/home/subin/subin_ws/ADS_Mission_Basic/install/evaluation:/home/subin/subin_ws/ADS_Mission_Basic/install/autonomous_driving:/home/subin/subin_ws/ADS_Mission_Basic/install/ad_msgs:/home/subin/subin_ws/Autonomous_Driving_Software_Final/install/simulator:/home/subin/subin_ws/Autonomous_Driving_Software_Final/install/mission_manager:/home/subin/subin_ws/Autonomous_Driving_Software_Final/install/evaluation:/home/subin/subin_ws/Autonomous_Driving_Software_Final/install/autonomous_driving:/home/subin/subin_ws/Autonomous_Driving_Software_Final/install/ad_msgs:/home/subin/subin_ws/ADS_Mission_Hard/install/simulator:/home/subin/subin_ws/ADS_Mission_Hard/install/mission_manager:/home/subin/subin_ws/ADS_Mission_Hard/install/evaluation:/home/subin/subin_ws/ADS_Mission_Hard/install/autonomous_driving:/home/subin/subin_ws/ADS_Mission_Hard/install/ad_msgs:/home/subin/subin_ws/ADS_Mission_Normal/install/simulator:/home/subin/subin_ws/ADS_Mission_Normal/install/mission_manager:/home/subin/subin_ws/ADS_Mission_Normal/install/evaluation:/home/subin/subin_ws/ADS_Mission_Normal/install/autonomous_driving:/home/subin/subin_ws/ADS_Final_MissionHard/install/simulator:/home/subin/subin_ws/ADS_Final_MissionHard/install/mission_manager:/home/subin/subin_ws/ADS_Final_MissionHard/install/evaluation:/home/subin/subin_ws/ADS_Final_MissionHard/install/autonomous_driving:/home/subin/subin_ws/ADS_Final_MissionHard/install/ad_msgs:/opt/ros/humble'), ('WSLENV', 'VSCODE_WSL_EXT_LOCATION/up')]), 'shell': False}
[33.634667] (autonomous_driving) StdoutLine: {'line': b'-- Install configuration: ""\n'}
[33.636306] (autonomous_driving) StdoutLine: {'line': b'-- Installing: /home/subin/subin_ws/ADS_Mission_Normal/install/autonomous_driving/lib/autonomous_driving/perception_node\n'}
[33.643802] (autonomous_driving) StdoutLine: {'line': b'-- Set runtime path of "/home/subin/subin_ws/ADS_Mission_Normal/install/autonomous_driving/lib/autonomous_driving/perception_node" to ""\n'}
[33.645340] (autonomous_driving) StdoutLine: {'line': b'-- Installing: /home/subin/subin_ws/ADS_Mission_Normal/install/autonomous_driving/lib/autonomous_driving/planning_node\n'}
[33.655256] (autonomous_driving) StdoutLine: {'line': b'-- Set runtime path of "/home/subin/subin_ws/ADS_Mission_Normal/install/autonomous_driving/lib/autonomous_driving/planning_node" to ""\n'}
[33.656454] (autonomous_driving) StdoutLine: {'line': b'-- Installing: /home/subin/subin_ws/ADS_Mission_Normal/install/autonomous_driving/lib/autonomous_driving/control_node\n'}
[33.669487] (autonomous_driving) StdoutLine: {'line': b'-- Set runtime path of "/home/subin/subin_ws/ADS_Mission_Normal/install/autonomous_driving/lib/autonomous_driving/control_node" to ""\n'}
[33.669694] (autonomous_driving) StdoutLine: {'line': b'-- Up-to-date: /home/subin/subin_ws/ADS_Mission_Normal/install/autonomous_driving/share/autonomous_driving/launch\n'}
[33.669757] (autonomous_driving) StdoutLine: {'line': b'-- Installing: /home/subin/subin_ws/ADS_Mission_Normal/install/autonomous_driving/share/autonomous_driving/launch/autonomous_driving.launch.xml\n'}
[33.670456] (autonomous_driving) StdoutLine: {'line': b'-- Installing: /home/subin/subin_ws/ADS_Mission_Normal/install/autonomous_driving/share/autonomous_driving/launch/manual_driving.launch.xml\n'}
[33.670883] (autonomous_driving) StdoutLine: {'line': b'-- Installing: /home/subin/subin_ws/ADS_Mission_Normal/install/autonomous_driving/lib/autonomous_driving/simultaneous_inputs.py\n'}
[33.670999] (autonomous_driving) StdoutLine: {'line': b'-- Up-to-date: /home/subin/subin_ws/ADS_Mission_Normal/install/autonomous_driving/share/ament_index/resource_index/package_run_dependencies/autonomous_driving\n'}
[33.671185] (autonomous_driving) StdoutLine: {'line': b'-- Installing: /home/subin/subin_ws/ADS_Mission_Normal/install/autonomous_driving/share/ament_index/resource_index/parent_prefix_path/autonomous_driving\n'}
[33.671894] (autonomous_driving) StdoutLine: {'line': b'-- Up-to-date: /home/subin/subin_ws/ADS_Mission_Normal/install/autonomous_driving/share/autonomous_driving/environment/ament_prefix_path.sh\n'}
[33.672030] (autonomous_driving) StdoutLine: {'line': b'-- Installing: /home/subin/subin_ws/ADS_Mission_Normal/install/autonomous_driving/share/autonomous_driving/environment/ament_prefix_path.dsv\n'}
[33.673007] (autonomous_driving) StdoutLine: {'line': b'-- Up-to-date: /home/subin/subin_ws/ADS_Mission_Normal/install/autonomous_driving/share/autonomous_driving/environment/path.sh\n'}
[33.673141] (autonomous_driving) StdoutLine: {'line': b'-- Installing: /home/subin/subin_ws/ADS_Mission_Normal/install/autonomous_driving/share/autonomous_driving/environment/path.dsv\n'}
[33.673363] (autonomous_driving) StdoutLine: {'line': b'-- Up-to-date: /home/subin/subin_ws/ADS_Mission_Normal/install/autonomous_driving/share/autonomous_driving/local_setup.bash\n'}
[33.673477] (autonomous_driving) StdoutLine: {'line': b'-- Up-to-date: /home/subin/subin_ws/ADS_Mission_Normal/install/autonomous_driving/share/autonomous_driving/local_setup.sh\n'}
[33.673540] (autonomous_driving) StdoutLine: {'line': b'-- Up-to-date: /home/subin/subin_ws/ADS_Mission_Normal/install/autonomous_driving/share/autonomous_driving/local_setup.zsh\n'}
[33.673586] (autonomous_driving) StdoutLine: {'line': b'-- Installing: /home/subin/subin_ws/ADS_Mission_Normal/install/autonomous_driving/share/autonomous_driving/local_setup.dsv\n'}
[33.674047] (autonomous_driving) StdoutLine: {'line': b'-- Installing: /home/subin/subin_ws/ADS_Mission_Normal/install/autonomous_driving/share/autonomous_driving/package.dsv\n'}
[33.674783] (autonomous_driving) StdoutLine: {'line': b'-- Up-to-date: /home/subin/subin_ws/ADS_Mission_Normal/install/autonomous_driving/share/ament_index/resource_index/packages/autonomous_driving\n'}
[33.674889] (autonomous_driving) StdoutLine: {'line': b'-- Up-to-date: /home/subin/subin_ws/ADS_Mission_Normal/install/autonomous_driving/share/autonomous_driving/cmake/autonomous_drivingConfig.cmake\n'}
[33.674959] (autonomous_driving) StdoutLine: {'line': b'-- Up-to-date: /home/subin/subin_ws/ADS_Mission_Normal/install/autonomous_driving/share/autonomous_driving/cmake/autonomous_drivingConfig-version.cmake\n'}
[33.675020] (autonomous_driving) StdoutLine: {'line': b'-- Installing: /home/subin/subin_ws/ADS_Mission_Normal/install/autonomous_driving/share/autonomous_driving/package.xml\n'}
[33.677965] (-) TimerEvent: {}
[33.678711] (autonomous_driving) CommandEnded: {'returncode': 0}
[33.695861] (autonomous_driving) JobEnded: {'identifier': 'autonomous_driving', 'rc': 0}
[33.697448] (-) EventReactorShutdown: {}
