[0.429s] DEBUG:colcon:Command line arguments: ['/usr/bin/colcon', 'build']
[0.429s] DEBUG:colcon:Parsed command line arguments: Namespace(log_base=None, log_level=None, verb_name='build', build_base='build', install_base='install', merge_install=False, symlink_install=False, test_result_base=None, continue_on_error=False, executor='parallel', parallel_workers=22, event_handlers=None, ignore_user_meta=False, metas=['./colcon.meta'], base_paths=['.'], packages_ignore=None, packages_ignore_regex=None, paths=None, packages_up_to=None, packages_up_to_regex=None, packages_above=None, packages_above_and_dependencies=None, packages_above_depth=None, packages_select_by_dep=None, packages_skip_by_dep=None, packages_skip_up_to=None, packages_select_build_failed=False, packages_skip_build_finished=False, packages_select_test_failures=False, packages_skip_test_passed=False, packages_select=None, packages_skip=None, packages_select_regex=None, packages_skip_regex=None, packages_start=None, packages_end=None, allow_overriding=[], cmake_args=None, cmake_target=None, cmake_target_skip_unavailable=False, cmake_clean_cache=False, cmake_clean_first=False, cmake_force_configure=False, ament_cmake_args=None, catkin_cmake_args=None, catkin_skip_building_tests=False, verb_parser=<colcon_defaults.argument_parser.defaults.DefaultArgumentsDecorator object at 0x78b082e2c970>, verb_extension=<colcon_core.verb.build.BuildVerb object at 0x78b082fc9000>, main=<bound method BuildVerb.main of <colcon_core.verb.build.BuildVerb object at 0x78b082fc9000>>)
[0.610s] Level 1:colcon.colcon_core.package_discovery:discover_packages(colcon_meta) check parameters
[0.611s] Level 1:colcon.colcon_core.package_discovery:discover_packages(recursive) check parameters
[0.611s] Level 1:colcon.colcon_core.package_discovery:discover_packages(ignore) check parameters
[0.611s] Level 1:colcon.colcon_core.package_discovery:discover_packages(path) check parameters
[0.611s] Level 1:colcon.colcon_core.package_discovery:discover_packages(colcon_meta) discover
[0.611s] Level 1:colcon.colcon_core.package_discovery:discover_packages(recursive) discover
[0.611s] INFO:colcon.colcon_core.package_discovery:Crawling recursively for packages in '/home/subin/subin_ws/ADS_Mission_Normal'
[0.611s] Level 1:colcon.colcon_core.package_identification:_identify(.) by extensions ['ignore', 'ignore_ament_install']
[0.611s] Level 1:colcon.colcon_core.package_identification:_identify(.) by extension 'ignore'
[0.611s] Level 1:colcon.colcon_core.package_identification:_identify(.) by extension 'ignore_ament_install'
[0.611s] Level 1:colcon.colcon_core.package_identification:_identify(.) by extensions ['colcon_pkg']
[0.611s] Level 1:colcon.colcon_core.package_identification:_identify(.) by extension 'colcon_pkg'
[0.611s] Level 1:colcon.colcon_core.package_identification:_identify(.) by extensions ['colcon_meta']
[0.611s] Level 1:colcon.colcon_core.package_identification:_identify(.) by extension 'colcon_meta'
[0.611s] Level 1:colcon.colcon_core.package_identification:_identify(.) by extensions ['ros']
[0.611s] Level 1:colcon.colcon_core.package_identification:_identify(.) by extension 'ros'
[0.622s] Level 1:colcon.colcon_core.package_identification:_identify(.) by extensions ['cmake', 'python']
[0.622s] Level 1:colcon.colcon_core.package_identification:_identify(.) by extension 'cmake'
[0.622s] Level 1:colcon.colcon_core.package_identification:_identify(.) by extension 'python'
[0.622s] Level 1:colcon.colcon_core.package_identification:_identify(.) by extensions ['python_setup_py']
[0.622s] Level 1:colcon.colcon_core.package_identification:_identify(.) by extension 'python_setup_py'
[0.632s] Level 1:colcon.colcon_core.package_identification:_identify(build) by extensions ['ignore', 'ignore_ament_install']
[0.633s] Level 1:colcon.colcon_core.package_identification:_identify(build) by extension 'ignore'
[0.633s] Level 1:colcon.colcon_core.package_identification:_identify(build) ignored
[0.633s] Level 1:colcon.colcon_core.package_identification:_identify(install) by extensions ['ignore', 'ignore_ament_install']
[0.633s] Level 1:colcon.colcon_core.package_identification:_identify(install) by extension 'ignore'
[0.633s] Level 1:colcon.colcon_core.package_identification:_identify(install) ignored
[0.634s] Level 1:colcon.colcon_core.package_identification:_identify(log) by extensions ['ignore', 'ignore_ament_install']
[0.634s] Level 1:colcon.colcon_core.package_identification:_identify(log) by extension 'ignore'
[0.634s] Level 1:colcon.colcon_core.package_identification:_identify(log) ignored
[0.635s] Level 1:colcon.colcon_core.package_identification:_identify(resources) by extensions ['ignore', 'ignore_ament_install']
[0.635s] Level 1:colcon.colcon_core.package_identification:_identify(resources) by extension 'ignore'
[0.635s] Level 1:colcon.colcon_core.package_identification:_identify(resources) by extension 'ignore_ament_install'
[0.635s] Level 1:colcon.colcon_core.package_identification:_identify(resources) by extensions ['colcon_pkg']
[0.635s] Level 1:colcon.colcon_core.package_identification:_identify(resources) by extension 'colcon_pkg'
[0.635s] Level 1:colcon.colcon_core.package_identification:_identify(resources) by extensions ['colcon_meta']
[0.635s] Level 1:colcon.colcon_core.package_identification:_identify(resources) by extension 'colcon_meta'
[0.635s] Level 1:colcon.colcon_core.package_identification:_identify(resources) by extensions ['ros']
[0.635s] Level 1:colcon.colcon_core.package_identification:_identify(resources) by extension 'ros'
[0.636s] Level 1:colcon.colcon_core.package_identification:_identify(resources) by extensions ['cmake', 'python']
[0.636s] Level 1:colcon.colcon_core.package_identification:_identify(resources) by extension 'cmake'
[0.636s] Level 1:colcon.colcon_core.package_identification:_identify(resources) by extension 'python'
[0.636s] Level 1:colcon.colcon_core.package_identification:_identify(resources) by extensions ['python_setup_py']
[0.636s] Level 1:colcon.colcon_core.package_identification:_identify(resources) by extension 'python_setup_py'
[0.637s] Level 1:colcon.colcon_core.package_identification:_identify(resources/csv) by extensions ['ignore', 'ignore_ament_install']
[0.637s] Level 1:colcon.colcon_core.package_identification:_identify(resources/csv) by extension 'ignore'
[0.637s] Level 1:colcon.colcon_core.package_identification:_identify(resources/csv) by extension 'ignore_ament_install'
[0.637s] Level 1:colcon.colcon_core.package_identification:_identify(resources/csv) by extensions ['colcon_pkg']
[0.637s] Level 1:colcon.colcon_core.package_identification:_identify(resources/csv) by extension 'colcon_pkg'
[0.637s] Level 1:colcon.colcon_core.package_identification:_identify(resources/csv) by extensions ['colcon_meta']
[0.638s] Level 1:colcon.colcon_core.package_identification:_identify(resources/csv) by extension 'colcon_meta'
[0.638s] Level 1:colcon.colcon_core.package_identification:_identify(resources/csv) by extensions ['ros']
[0.638s] Level 1:colcon.colcon_core.package_identification:_identify(resources/csv) by extension 'ros'
[0.638s] Level 1:colcon.colcon_core.package_identification:_identify(resources/csv) by extensions ['cmake', 'python']
[0.638s] Level 1:colcon.colcon_core.package_identification:_identify(resources/csv) by extension 'cmake'
[0.638s] Level 1:colcon.colcon_core.package_identification:_identify(resources/csv) by extension 'python'
[0.638s] Level 1:colcon.colcon_core.package_identification:_identify(resources/csv) by extensions ['python_setup_py']
[0.638s] Level 1:colcon.colcon_core.package_identification:_identify(resources/csv) by extension 'python_setup_py'
[0.639s] Level 1:colcon.colcon_core.package_identification:_identify(resources/csv/evaluation_lane) by extensions ['ignore', 'ignore_ament_install']
[0.640s] Level 1:colcon.colcon_core.package_identification:_identify(resources/csv/evaluation_lane) by extension 'ignore'
[0.640s] Level 1:colcon.colcon_core.package_identification:_identify(resources/csv/evaluation_lane) by extension 'ignore_ament_install'
[0.640s] Level 1:colcon.colcon_core.package_identification:_identify(resources/csv/evaluation_lane) by extensions ['colcon_pkg']
[0.640s] Level 1:colcon.colcon_core.package_identification:_identify(resources/csv/evaluation_lane) by extension 'colcon_pkg'
[0.640s] Level 1:colcon.colcon_core.package_identification:_identify(resources/csv/evaluation_lane) by extensions ['colcon_meta']
[0.640s] Level 1:colcon.colcon_core.package_identification:_identify(resources/csv/evaluation_lane) by extension 'colcon_meta'
[0.640s] Level 1:colcon.colcon_core.package_identification:_identify(resources/csv/evaluation_lane) by extensions ['ros']
[0.640s] Level 1:colcon.colcon_core.package_identification:_identify(resources/csv/evaluation_lane) by extension 'ros'
[0.640s] Level 1:colcon.colcon_core.package_identification:_identify(resources/csv/evaluation_lane) by extensions ['cmake', 'python']
[0.641s] Level 1:colcon.colcon_core.package_identification:_identify(resources/csv/evaluation_lane) by extension 'cmake'
[0.641s] Level 1:colcon.colcon_core.package_identification:_identify(resources/csv/evaluation_lane) by extension 'python'
[0.641s] Level 1:colcon.colcon_core.package_identification:_identify(resources/csv/evaluation_lane) by extensions ['python_setup_py']
[0.641s] Level 1:colcon.colcon_core.package_identification:_identify(resources/csv/evaluation_lane) by extension 'python_setup_py'
[0.642s] Level 1:colcon.colcon_core.package_identification:_identify(resources/csv/simulation_lane) by extensions ['ignore', 'ignore_ament_install']
[0.642s] Level 1:colcon.colcon_core.package_identification:_identify(resources/csv/simulation_lane) by extension 'ignore'
[0.642s] Level 1:colcon.colcon_core.package_identification:_identify(resources/csv/simulation_lane) by extension 'ignore_ament_install'
[0.642s] Level 1:colcon.colcon_core.package_identification:_identify(resources/csv/simulation_lane) by extensions ['colcon_pkg']
[0.642s] Level 1:colcon.colcon_core.package_identification:_identify(resources/csv/simulation_lane) by extension 'colcon_pkg'
[0.642s] Level 1:colcon.colcon_core.package_identification:_identify(resources/csv/simulation_lane) by extensions ['colcon_meta']
[0.642s] Level 1:colcon.colcon_core.package_identification:_identify(resources/csv/simulation_lane) by extension 'colcon_meta'
[0.643s] Level 1:colcon.colcon_core.package_identification:_identify(resources/csv/simulation_lane) by extensions ['ros']
[0.643s] Level 1:colcon.colcon_core.package_identification:_identify(resources/csv/simulation_lane) by extension 'ros'
[0.643s] Level 1:colcon.colcon_core.package_identification:_identify(resources/csv/simulation_lane) by extensions ['cmake', 'python']
[0.643s] Level 1:colcon.colcon_core.package_identification:_identify(resources/csv/simulation_lane) by extension 'cmake'
[0.643s] Level 1:colcon.colcon_core.package_identification:_identify(resources/csv/simulation_lane) by extension 'python'
[0.643s] Level 1:colcon.colcon_core.package_identification:_identify(resources/csv/simulation_lane) by extensions ['python_setup_py']
[0.643s] Level 1:colcon.colcon_core.package_identification:_identify(resources/csv/simulation_lane) by extension 'python_setup_py'
[0.644s] Level 1:colcon.colcon_core.package_identification:_identify(resources/meshes) by extensions ['ignore', 'ignore_ament_install']
[0.644s] Level 1:colcon.colcon_core.package_identification:_identify(resources/meshes) by extension 'ignore'
[0.644s] Level 1:colcon.colcon_core.package_identification:_identify(resources/meshes) by extension 'ignore_ament_install'
[0.645s] Level 1:colcon.colcon_core.package_identification:_identify(resources/meshes) by extensions ['colcon_pkg']
[0.645s] Level 1:colcon.colcon_core.package_identification:_identify(resources/meshes) by extension 'colcon_pkg'
[0.645s] Level 1:colcon.colcon_core.package_identification:_identify(resources/meshes) by extensions ['colcon_meta']
[0.645s] Level 1:colcon.colcon_core.package_identification:_identify(resources/meshes) by extension 'colcon_meta'
[0.645s] Level 1:colcon.colcon_core.package_identification:_identify(resources/meshes) by extensions ['ros']
[0.645s] Level 1:colcon.colcon_core.package_identification:_identify(resources/meshes) by extension 'ros'
[0.645s] Level 1:colcon.colcon_core.package_identification:_identify(resources/meshes) by extensions ['cmake', 'python']
[0.645s] Level 1:colcon.colcon_core.package_identification:_identify(resources/meshes) by extension 'cmake'
[0.645s] Level 1:colcon.colcon_core.package_identification:_identify(resources/meshes) by extension 'python'
[0.645s] Level 1:colcon.colcon_core.package_identification:_identify(resources/meshes) by extensions ['python_setup_py']
[0.646s] Level 1:colcon.colcon_core.package_identification:_identify(resources/meshes) by extension 'python_setup_py'
[0.646s] Level 1:colcon.colcon_core.package_identification:_identify(resources/rviz) by extensions ['ignore', 'ignore_ament_install']
[0.646s] Level 1:colcon.colcon_core.package_identification:_identify(resources/rviz) by extension 'ignore'
[0.646s] Level 1:colcon.colcon_core.package_identification:_identify(resources/rviz) by extension 'ignore_ament_install'
[0.647s] Level 1:colcon.colcon_core.package_identification:_identify(resources/rviz) by extensions ['colcon_pkg']
[0.647s] Level 1:colcon.colcon_core.package_identification:_identify(resources/rviz) by extension 'colcon_pkg'
[0.647s] Level 1:colcon.colcon_core.package_identification:_identify(resources/rviz) by extensions ['colcon_meta']
[0.647s] Level 1:colcon.colcon_core.package_identification:_identify(resources/rviz) by extension 'colcon_meta'
[0.647s] Level 1:colcon.colcon_core.package_identification:_identify(resources/rviz) by extensions ['ros']
[0.647s] Level 1:colcon.colcon_core.package_identification:_identify(resources/rviz) by extension 'ros'
[0.647s] Level 1:colcon.colcon_core.package_identification:_identify(resources/rviz) by extensions ['cmake', 'python']
[0.647s] Level 1:colcon.colcon_core.package_identification:_identify(resources/rviz) by extension 'cmake'
[0.647s] Level 1:colcon.colcon_core.package_identification:_identify(resources/rviz) by extension 'python'
[0.647s] Level 1:colcon.colcon_core.package_identification:_identify(resources/rviz) by extensions ['python_setup_py']
[0.647s] Level 1:colcon.colcon_core.package_identification:_identify(resources/rviz) by extension 'python_setup_py'
[0.647s] Level 1:colcon.colcon_core.package_identification:_identify(src) by extensions ['ignore', 'ignore_ament_install']
[0.648s] Level 1:colcon.colcon_core.package_identification:_identify(src) by extension 'ignore'
[0.648s] Level 1:colcon.colcon_core.package_identification:_identify(src) by extension 'ignore_ament_install'
[0.648s] Level 1:colcon.colcon_core.package_identification:_identify(src) by extensions ['colcon_pkg']
[0.648s] Level 1:colcon.colcon_core.package_identification:_identify(src) by extension 'colcon_pkg'
[0.648s] Level 1:colcon.colcon_core.package_identification:_identify(src) by extensions ['colcon_meta']
[0.648s] Level 1:colcon.colcon_core.package_identification:_identify(src) by extension 'colcon_meta'
[0.648s] Level 1:colcon.colcon_core.package_identification:_identify(src) by extensions ['ros']
[0.648s] Level 1:colcon.colcon_core.package_identification:_identify(src) by extension 'ros'
[0.648s] Level 1:colcon.colcon_core.package_identification:_identify(src) by extensions ['cmake', 'python']
[0.648s] Level 1:colcon.colcon_core.package_identification:_identify(src) by extension 'cmake'
[0.648s] Level 1:colcon.colcon_core.package_identification:_identify(src) by extension 'python'
[0.648s] Level 1:colcon.colcon_core.package_identification:_identify(src) by extensions ['python_setup_py']
[0.648s] Level 1:colcon.colcon_core.package_identification:_identify(src) by extension 'python_setup_py'
[0.648s] Level 1:colcon.colcon_core.package_identification:_identify(src/app) by extensions ['ignore', 'ignore_ament_install']
[0.648s] Level 1:colcon.colcon_core.package_identification:_identify(src/app) by extension 'ignore'
[0.648s] Level 1:colcon.colcon_core.package_identification:_identify(src/app) by extension 'ignore_ament_install'
[0.648s] Level 1:colcon.colcon_core.package_identification:_identify(src/app) by extensions ['colcon_pkg']
[0.648s] Level 1:colcon.colcon_core.package_identification:_identify(src/app) by extension 'colcon_pkg'
[0.648s] Level 1:colcon.colcon_core.package_identification:_identify(src/app) by extensions ['colcon_meta']
[0.649s] Level 1:colcon.colcon_core.package_identification:_identify(src/app) by extension 'colcon_meta'
[0.649s] Level 1:colcon.colcon_core.package_identification:_identify(src/app) by extensions ['ros']
[0.649s] Level 1:colcon.colcon_core.package_identification:_identify(src/app) by extension 'ros'
[0.649s] Level 1:colcon.colcon_core.package_identification:_identify(src/app) by extensions ['cmake', 'python']
[0.649s] Level 1:colcon.colcon_core.package_identification:_identify(src/app) by extension 'cmake'
[0.649s] Level 1:colcon.colcon_core.package_identification:_identify(src/app) by extension 'python'
[0.649s] Level 1:colcon.colcon_core.package_identification:_identify(src/app) by extensions ['python_setup_py']
[0.649s] Level 1:colcon.colcon_core.package_identification:_identify(src/app) by extension 'python_setup_py'
[0.649s] Level 1:colcon.colcon_core.package_identification:_identify(src/app/autonomous_driving) by extensions ['ignore', 'ignore_ament_install']
[0.649s] Level 1:colcon.colcon_core.package_identification:_identify(src/app/autonomous_driving) by extension 'ignore'
[0.649s] Level 1:colcon.colcon_core.package_identification:_identify(src/app/autonomous_driving) by extension 'ignore_ament_install'
[0.649s] Level 1:colcon.colcon_core.package_identification:_identify(src/app/autonomous_driving) by extensions ['colcon_pkg']
[0.649s] Level 1:colcon.colcon_core.package_identification:_identify(src/app/autonomous_driving) by extension 'colcon_pkg'
[0.649s] Level 1:colcon.colcon_core.package_identification:_identify(src/app/autonomous_driving) by extensions ['colcon_meta']
[0.649s] Level 1:colcon.colcon_core.package_identification:_identify(src/app/autonomous_driving) by extension 'colcon_meta'
[0.649s] Level 1:colcon.colcon_core.package_identification:_identify(src/app/autonomous_driving) by extensions ['ros']
[0.649s] Level 1:colcon.colcon_core.package_identification:_identify(src/app/autonomous_driving) by extension 'ros'
[0.653s] DEBUG:colcon.colcon_core.package_identification:Package 'src/app/autonomous_driving' with type 'ros.ament_cmake' and name 'autonomous_driving'
[0.654s] Level 1:colcon.colcon_core.package_identification:_identify(src/app/evaluation) by extensions ['ignore', 'ignore_ament_install']
[0.655s] Level 1:colcon.colcon_core.package_identification:_identify(src/app/evaluation) by extension 'ignore'
[0.655s] Level 1:colcon.colcon_core.package_identification:_identify(src/app/evaluation) by extension 'ignore_ament_install'
[0.655s] Level 1:colcon.colcon_core.package_identification:_identify(src/app/evaluation) by extensions ['colcon_pkg']
[0.655s] Level 1:colcon.colcon_core.package_identification:_identify(src/app/evaluation) by extension 'colcon_pkg'
[0.655s] Level 1:colcon.colcon_core.package_identification:_identify(src/app/evaluation) by extensions ['colcon_meta']
[0.655s] Level 1:colcon.colcon_core.package_identification:_identify(src/app/evaluation) by extension 'colcon_meta'
[0.655s] Level 1:colcon.colcon_core.package_identification:_identify(src/app/evaluation) by extensions ['ros']
[0.655s] Level 1:colcon.colcon_core.package_identification:_identify(src/app/evaluation) by extension 'ros'
[0.657s] DEBUG:colcon.colcon_core.package_identification:Package 'src/app/evaluation' with type 'ros.ament_cmake' and name 'evaluation'
[0.658s] Level 1:colcon.colcon_core.package_identification:_identify(src/app/mission_manager) by extensions ['ignore', 'ignore_ament_install']
[0.658s] Level 1:colcon.colcon_core.package_identification:_identify(src/app/mission_manager) by extension 'ignore'
[0.659s] Level 1:colcon.colcon_core.package_identification:_identify(src/app/mission_manager) by extension 'ignore_ament_install'
[0.659s] Level 1:colcon.colcon_core.package_identification:_identify(src/app/mission_manager) by extensions ['colcon_pkg']
[0.659s] Level 1:colcon.colcon_core.package_identification:_identify(src/app/mission_manager) by extension 'colcon_pkg'
[0.659s] Level 1:colcon.colcon_core.package_identification:_identify(src/app/mission_manager) by extensions ['colcon_meta']
[0.659s] Level 1:colcon.colcon_core.package_identification:_identify(src/app/mission_manager) by extension 'colcon_meta'
[0.659s] Level 1:colcon.colcon_core.package_identification:_identify(src/app/mission_manager) by extensions ['ros']
[0.660s] Level 1:colcon.colcon_core.package_identification:_identify(src/app/mission_manager) by extension 'ros'
[0.661s] DEBUG:colcon.colcon_core.package_identification:Package 'src/app/mission_manager' with type 'ros.ament_cmake' and name 'mission_manager'
[0.662s] Level 1:colcon.colcon_core.package_identification:_identify(src/app/simulator) by extensions ['ignore', 'ignore_ament_install']
[0.662s] Level 1:colcon.colcon_core.package_identification:_identify(src/app/simulator) by extension 'ignore'
[0.662s] Level 1:colcon.colcon_core.package_identification:_identify(src/app/simulator) by extension 'ignore_ament_install'
[0.662s] Level 1:colcon.colcon_core.package_identification:_identify(src/app/simulator) by extensions ['colcon_pkg']
[0.662s] Level 1:colcon.colcon_core.package_identification:_identify(src/app/simulator) by extension 'colcon_pkg'
[0.662s] Level 1:colcon.colcon_core.package_identification:_identify(src/app/simulator) by extensions ['colcon_meta']
[0.662s] Level 1:colcon.colcon_core.package_identification:_identify(src/app/simulator) by extension 'colcon_meta'
[0.662s] Level 1:colcon.colcon_core.package_identification:_identify(src/app/simulator) by extensions ['ros']
[0.662s] Level 1:colcon.colcon_core.package_identification:_identify(src/app/simulator) by extension 'ros'
[0.663s] DEBUG:colcon.colcon_core.package_identification:Package 'src/app/simulator' with type 'ros.ament_cmake' and name 'simulator'
[0.664s] Level 1:colcon.colcon_core.package_identification:_identify(src/bsw) by extensions ['ignore', 'ignore_ament_install']
[0.664s] Level 1:colcon.colcon_core.package_identification:_identify(src/bsw) by extension 'ignore'
[0.664s] Level 1:colcon.colcon_core.package_identification:_identify(src/bsw) by extension 'ignore_ament_install'
[0.665s] Level 1:colcon.colcon_core.package_identification:_identify(src/bsw) by extensions ['colcon_pkg']
[0.665s] Level 1:colcon.colcon_core.package_identification:_identify(src/bsw) by extension 'colcon_pkg'
[0.665s] Level 1:colcon.colcon_core.package_identification:_identify(src/bsw) by extensions ['colcon_meta']
[0.665s] Level 1:colcon.colcon_core.package_identification:_identify(src/bsw) by extension 'colcon_meta'
[0.665s] Level 1:colcon.colcon_core.package_identification:_identify(src/bsw) by extensions ['ros']
[0.665s] Level 1:colcon.colcon_core.package_identification:_identify(src/bsw) by extension 'ros'
[0.665s] Level 1:colcon.colcon_core.package_identification:_identify(src/bsw) by extensions ['cmake', 'python']
[0.665s] Level 1:colcon.colcon_core.package_identification:_identify(src/bsw) by extension 'cmake'
[0.665s] Level 1:colcon.colcon_core.package_identification:_identify(src/bsw) by extension 'python'
[0.665s] Level 1:colcon.colcon_core.package_identification:_identify(src/bsw) by extensions ['python_setup_py']
[0.665s] Level 1:colcon.colcon_core.package_identification:_identify(src/bsw) by extension 'python_setup_py'
[0.666s] Level 1:colcon.colcon_core.package_identification:_identify(src/bsw/system) by extensions ['ignore', 'ignore_ament_install']
[0.666s] Level 1:colcon.colcon_core.package_identification:_identify(src/bsw/system) by extension 'ignore'
[0.667s] Level 1:colcon.colcon_core.package_identification:_identify(src/bsw/system) by extension 'ignore_ament_install'
[0.667s] Level 1:colcon.colcon_core.package_identification:_identify(src/bsw/system) by extensions ['colcon_pkg']
[0.667s] Level 1:colcon.colcon_core.package_identification:_identify(src/bsw/system) by extension 'colcon_pkg'
[0.667s] Level 1:colcon.colcon_core.package_identification:_identify(src/bsw/system) by extensions ['colcon_meta']
[0.667s] Level 1:colcon.colcon_core.package_identification:_identify(src/bsw/system) by extension 'colcon_meta'
[0.667s] Level 1:colcon.colcon_core.package_identification:_identify(src/bsw/system) by extensions ['ros']
[0.667s] Level 1:colcon.colcon_core.package_identification:_identify(src/bsw/system) by extension 'ros'
[0.667s] Level 1:colcon.colcon_core.package_identification:_identify(src/bsw/system) by extensions ['cmake', 'python']
[0.667s] Level 1:colcon.colcon_core.package_identification:_identify(src/bsw/system) by extension 'cmake'
[0.667s] Level 1:colcon.colcon_core.package_identification:_identify(src/bsw/system) by extension 'python'
[0.667s] Level 1:colcon.colcon_core.package_identification:_identify(src/bsw/system) by extensions ['python_setup_py']
[0.667s] Level 1:colcon.colcon_core.package_identification:_identify(src/bsw/system) by extension 'python_setup_py'
[0.668s] Level 1:colcon.colcon_core.package_identification:_identify(src/bsw/system/bridge) by extensions ['ignore', 'ignore_ament_install']
[0.668s] Level 1:colcon.colcon_core.package_identification:_identify(src/bsw/system/bridge) by extension 'ignore'
[0.668s] Level 1:colcon.colcon_core.package_identification:_identify(src/bsw/system/bridge) by extension 'ignore_ament_install'
[0.668s] Level 1:colcon.colcon_core.package_identification:_identify(src/bsw/system/bridge) by extensions ['colcon_pkg']
[0.668s] Level 1:colcon.colcon_core.package_identification:_identify(src/bsw/system/bridge) by extension 'colcon_pkg'
[0.668s] Level 1:colcon.colcon_core.package_identification:_identify(src/bsw/system/bridge) by extensions ['colcon_meta']
[0.668s] Level 1:colcon.colcon_core.package_identification:_identify(src/bsw/system/bridge) by extension 'colcon_meta'
[0.669s] Level 1:colcon.colcon_core.package_identification:_identify(src/bsw/system/bridge) by extensions ['ros']
[0.669s] Level 1:colcon.colcon_core.package_identification:_identify(src/bsw/system/bridge) by extension 'ros'
[0.669s] Level 1:colcon.colcon_core.package_identification:_identify(src/bsw/system/bridge) by extensions ['cmake', 'python']
[0.669s] Level 1:colcon.colcon_core.package_identification:_identify(src/bsw/system/bridge) by extension 'cmake'
[0.669s] Level 1:colcon.colcon_core.package_identification:_identify(src/bsw/system/bridge) by extension 'python'
[0.669s] Level 1:colcon.colcon_core.package_identification:_identify(src/bsw/system/bridge) by extensions ['python_setup_py']
[0.669s] Level 1:colcon.colcon_core.package_identification:_identify(src/bsw/system/bridge) by extension 'python_setup_py'
[0.670s] Level 1:colcon.colcon_core.package_identification:_identify(src/bsw/system/interface) by extensions ['ignore', 'ignore_ament_install']
[0.670s] Level 1:colcon.colcon_core.package_identification:_identify(src/bsw/system/interface) by extension 'ignore'
[0.670s] Level 1:colcon.colcon_core.package_identification:_identify(src/bsw/system/interface) by extension 'ignore_ament_install'
[0.670s] Level 1:colcon.colcon_core.package_identification:_identify(src/bsw/system/interface) by extensions ['colcon_pkg']
[0.670s] Level 1:colcon.colcon_core.package_identification:_identify(src/bsw/system/interface) by extension 'colcon_pkg'
[0.670s] Level 1:colcon.colcon_core.package_identification:_identify(src/bsw/system/interface) by extensions ['colcon_meta']
[0.670s] Level 1:colcon.colcon_core.package_identification:_identify(src/bsw/system/interface) by extension 'colcon_meta'
[0.670s] Level 1:colcon.colcon_core.package_identification:_identify(src/bsw/system/interface) by extensions ['ros']
[0.670s] Level 1:colcon.colcon_core.package_identification:_identify(src/bsw/system/interface) by extension 'ros'
[0.670s] Level 1:colcon.colcon_core.package_identification:_identify(src/bsw/system/interface) by extensions ['cmake', 'python']
[0.670s] Level 1:colcon.colcon_core.package_identification:_identify(src/bsw/system/interface) by extension 'cmake'
[0.670s] Level 1:colcon.colcon_core.package_identification:_identify(src/bsw/system/interface) by extension 'python'
[0.670s] Level 1:colcon.colcon_core.package_identification:_identify(src/bsw/system/interface) by extensions ['python_setup_py']
[0.670s] Level 1:colcon.colcon_core.package_identification:_identify(src/bsw/system/interface) by extension 'python_setup_py'
[0.671s] Level 1:colcon.colcon_core.package_identification:_identify(src/rte) by extensions ['ignore', 'ignore_ament_install']
[0.671s] Level 1:colcon.colcon_core.package_identification:_identify(src/rte) by extension 'ignore'
[0.672s] Level 1:colcon.colcon_core.package_identification:_identify(src/rte) by extension 'ignore_ament_install'
[0.672s] Level 1:colcon.colcon_core.package_identification:_identify(src/rte) by extensions ['colcon_pkg']
[0.672s] Level 1:colcon.colcon_core.package_identification:_identify(src/rte) by extension 'colcon_pkg'
[0.672s] Level 1:colcon.colcon_core.package_identification:_identify(src/rte) by extensions ['colcon_meta']
[0.672s] Level 1:colcon.colcon_core.package_identification:_identify(src/rte) by extension 'colcon_meta'
[0.672s] Level 1:colcon.colcon_core.package_identification:_identify(src/rte) by extensions ['ros']
[0.672s] Level 1:colcon.colcon_core.package_identification:_identify(src/rte) by extension 'ros'
[0.672s] Level 1:colcon.colcon_core.package_identification:_identify(src/rte) by extensions ['cmake', 'python']
[0.672s] Level 1:colcon.colcon_core.package_identification:_identify(src/rte) by extension 'cmake'
[0.672s] Level 1:colcon.colcon_core.package_identification:_identify(src/rte) by extension 'python'
[0.672s] Level 1:colcon.colcon_core.package_identification:_identify(src/rte) by extensions ['python_setup_py']
[0.672s] Level 1:colcon.colcon_core.package_identification:_identify(src/rte) by extension 'python_setup_py'
[0.673s] Level 1:colcon.colcon_core.package_identification:_identify(src/rte/msg) by extensions ['ignore', 'ignore_ament_install']
[0.673s] Level 1:colcon.colcon_core.package_identification:_identify(src/rte/msg) by extension 'ignore'
[0.674s] Level 1:colcon.colcon_core.package_identification:_identify(src/rte/msg) by extension 'ignore_ament_install'
[0.674s] Level 1:colcon.colcon_core.package_identification:_identify(src/rte/msg) by extensions ['colcon_pkg']
[0.674s] Level 1:colcon.colcon_core.package_identification:_identify(src/rte/msg) by extension 'colcon_pkg'
[0.674s] Level 1:colcon.colcon_core.package_identification:_identify(src/rte/msg) by extensions ['colcon_meta']
[0.674s] Level 1:colcon.colcon_core.package_identification:_identify(src/rte/msg) by extension 'colcon_meta'
[0.674s] Level 1:colcon.colcon_core.package_identification:_identify(src/rte/msg) by extensions ['ros']
[0.674s] Level 1:colcon.colcon_core.package_identification:_identify(src/rte/msg) by extension 'ros'
[0.674s] Level 1:colcon.colcon_core.package_identification:_identify(src/rte/msg) by extensions ['cmake', 'python']
[0.674s] Level 1:colcon.colcon_core.package_identification:_identify(src/rte/msg) by extension 'cmake'
[0.674s] Level 1:colcon.colcon_core.package_identification:_identify(src/rte/msg) by extension 'python'
[0.674s] Level 1:colcon.colcon_core.package_identification:_identify(src/rte/msg) by extensions ['python_setup_py']
[0.674s] Level 1:colcon.colcon_core.package_identification:_identify(src/rte/msg) by extension 'python_setup_py'
[0.675s] Level 1:colcon.colcon_core.package_identification:_identify(src/rte/msg/ad_msgs) by extensions ['ignore', 'ignore_ament_install']
[0.675s] Level 1:colcon.colcon_core.package_identification:_identify(src/rte/msg/ad_msgs) by extension 'ignore'
[0.675s] Level 1:colcon.colcon_core.package_identification:_identify(src/rte/msg/ad_msgs) by extension 'ignore_ament_install'
[0.676s] Level 1:colcon.colcon_core.package_identification:_identify(src/rte/msg/ad_msgs) by extensions ['colcon_pkg']
[0.676s] Level 1:colcon.colcon_core.package_identification:_identify(src/rte/msg/ad_msgs) by extension 'colcon_pkg'
[0.676s] Level 1:colcon.colcon_core.package_identification:_identify(src/rte/msg/ad_msgs) by extensions ['colcon_meta']
[0.676s] Level 1:colcon.colcon_core.package_identification:_identify(src/rte/msg/ad_msgs) by extension 'colcon_meta'
[0.676s] Level 1:colcon.colcon_core.package_identification:_identify(src/rte/msg/ad_msgs) by extensions ['ros']
[0.676s] Level 1:colcon.colcon_core.package_identification:_identify(src/rte/msg/ad_msgs) by extension 'ros'
[0.677s] DEBUG:colcon.colcon_core.package_identification:Package 'src/rte/msg/ad_msgs' with type 'ros.ament_cmake' and name 'ad_msgs'
[0.677s] Level 1:colcon.colcon_core.package_discovery:discover_packages(recursive) using defaults
[0.678s] Level 1:colcon.colcon_core.package_discovery:discover_packages(ignore) discover
[0.678s] Level 1:colcon.colcon_core.package_discovery:discover_packages(ignore) using defaults
[0.678s] Level 1:colcon.colcon_core.package_discovery:discover_packages(path) discover
[0.678s] Level 1:colcon.colcon_core.package_discovery:discover_packages(path) using defaults
[0.705s] Level 1:colcon.colcon_core.package_discovery:discover_packages(prefix_path) check parameters
[0.705s] Level 1:colcon.colcon_core.package_discovery:discover_packages(prefix_path) discover
[0.706s] WARNING:colcon.colcon_core.prefix_path.colcon:The path '/home/subin/subin_ws/ADS_Final_MissionHard/install' in the environment variable COLCON_PREFIX_PATH doesn't exist
[0.708s] WARNING:colcon.colcon_ros.prefix_path.ament:The path '/home/subin/subin_ws/ADS_Final_MissionHard/install/simulator' in the environment variable AMENT_PREFIX_PATH doesn't exist
[0.708s] WARNING:colcon.colcon_ros.prefix_path.ament:The path '/home/subin/subin_ws/ADS_Final_MissionHard/install/mission_manager' in the environment variable AMENT_PREFIX_PATH doesn't exist
[0.708s] WARNING:colcon.colcon_ros.prefix_path.ament:The path '/home/subin/subin_ws/ADS_Final_MissionHard/install/evaluation' in the environment variable AMENT_PREFIX_PATH doesn't exist
[0.709s] WARNING:colcon.colcon_ros.prefix_path.ament:The path '/home/subin/subin_ws/ADS_Final_MissionHard/install/autonomous_driving' in the environment variable AMENT_PREFIX_PATH doesn't exist
[0.709s] WARNING:colcon.colcon_ros.prefix_path.ament:The path '/home/subin/subin_ws/ADS_Final_MissionHard/install/ad_msgs' in the environment variable AMENT_PREFIX_PATH doesn't exist
[0.709s] WARNING:colcon.colcon_ros.prefix_path.catkin:The path '/home/subin/subin_ws/ADS_Final_MissionHard/install/simulator' in the environment variable CMAKE_PREFIX_PATH doesn't exist
[0.710s] WARNING:colcon.colcon_ros.prefix_path.catkin:The path '/home/subin/subin_ws/ADS_Final_MissionHard/install/mission_manager' in the environment variable CMAKE_PREFIX_PATH doesn't exist
[0.710s] WARNING:colcon.colcon_ros.prefix_path.catkin:The path '/home/subin/subin_ws/ADS_Final_MissionHard/install/evaluation' in the environment variable CMAKE_PREFIX_PATH doesn't exist
[0.710s] WARNING:colcon.colcon_ros.prefix_path.catkin:The path '/home/subin/subin_ws/ADS_Final_MissionHard/install/autonomous_driving' in the environment variable CMAKE_PREFIX_PATH doesn't exist
[0.710s] WARNING:colcon.colcon_ros.prefix_path.catkin:The path '/home/subin/subin_ws/ADS_Final_MissionHard/install/ad_msgs' in the environment variable CMAKE_PREFIX_PATH doesn't exist
[0.711s] DEBUG:colcon.colcon_installed_package_information.package_discovery:Found 5 installed packages in /home/subin/subin_ws/ADS_Mission_Basic/install
[0.711s] DEBUG:colcon.colcon_installed_package_information.package_discovery:Found 5 installed packages in /home/subin/subin_ws/Autonomous_Driving_Software_Final/install
[0.712s] DEBUG:colcon.colcon_installed_package_information.package_discovery:Found 5 installed packages in /home/subin/subin_ws/ADS_Mission_Hard/install
[0.713s] DEBUG:colcon.colcon_installed_package_information.package_discovery:Found 5 installed packages in /home/subin/subin_ws/ADS_Mission_Normal/install
[0.716s] DEBUG:colcon.colcon_installed_package_information.package_discovery:Found 273 installed packages in /opt/ros/humble
[0.734s] Level 1:colcon.colcon_core.package_discovery:discover_packages(prefix_path) using defaults
[0.784s] Level 5:colcon.colcon_core.verb:set package 'ad_msgs' build argument 'cmake_args' from command line to 'None'
[0.784s] Level 5:colcon.colcon_core.verb:set package 'ad_msgs' build argument 'cmake_target' from command line to 'None'
[0.784s] Level 5:colcon.colcon_core.verb:set package 'ad_msgs' build argument 'cmake_target_skip_unavailable' from command line to 'False'
[0.784s] Level 5:colcon.colcon_core.verb:set package 'ad_msgs' build argument 'cmake_clean_cache' from command line to 'False'
[0.784s] Level 5:colcon.colcon_core.verb:set package 'ad_msgs' build argument 'cmake_clean_first' from command line to 'False'
[0.784s] Level 5:colcon.colcon_core.verb:set package 'ad_msgs' build argument 'cmake_force_configure' from command line to 'False'
[0.784s] Level 5:colcon.colcon_core.verb:set package 'ad_msgs' build argument 'ament_cmake_args' from command line to 'None'
[0.784s] Level 5:colcon.colcon_core.verb:set package 'ad_msgs' build argument 'catkin_cmake_args' from command line to 'None'
[0.784s] Level 5:colcon.colcon_core.verb:set package 'ad_msgs' build argument 'catkin_skip_building_tests' from command line to 'False'
[0.784s] DEBUG:colcon.colcon_core.verb:Building package 'ad_msgs' with the following arguments: {'ament_cmake_args': None, 'build_base': '/home/subin/subin_ws/ADS_Mission_Normal/build/ad_msgs', 'catkin_cmake_args': None, 'catkin_skip_building_tests': False, 'cmake_args': None, 'cmake_clean_cache': False, 'cmake_clean_first': False, 'cmake_force_configure': False, 'cmake_target': None, 'cmake_target_skip_unavailable': False, 'install_base': '/home/subin/subin_ws/ADS_Mission_Normal/install/ad_msgs', 'merge_install': False, 'path': '/home/subin/subin_ws/ADS_Mission_Normal/src/rte/msg/ad_msgs', 'symlink_install': False, 'test_result_base': None}
[0.784s] Level 5:colcon.colcon_core.verb:set package 'autonomous_driving' build argument 'cmake_args' from command line to 'None'
[0.784s] Level 5:colcon.colcon_core.verb:set package 'autonomous_driving' build argument 'cmake_target' from command line to 'None'
[0.784s] Level 5:colcon.colcon_core.verb:set package 'autonomous_driving' build argument 'cmake_target_skip_unavailable' from command line to 'False'
[0.785s] Level 5:colcon.colcon_core.verb:set package 'autonomous_driving' build argument 'cmake_clean_cache' from command line to 'False'
[0.785s] Level 5:colcon.colcon_core.verb:set package 'autonomous_driving' build argument 'cmake_clean_first' from command line to 'False'
[0.785s] Level 5:colcon.colcon_core.verb:set package 'autonomous_driving' build argument 'cmake_force_configure' from command line to 'False'
[0.785s] Level 5:colcon.colcon_core.verb:set package 'autonomous_driving' build argument 'ament_cmake_args' from command line to 'None'
[0.785s] Level 5:colcon.colcon_core.verb:set package 'autonomous_driving' build argument 'catkin_cmake_args' from command line to 'None'
[0.785s] Level 5:colcon.colcon_core.verb:set package 'autonomous_driving' build argument 'catkin_skip_building_tests' from command line to 'False'
[0.785s] DEBUG:colcon.colcon_core.verb:Building package 'autonomous_driving' with the following arguments: {'ament_cmake_args': None, 'build_base': '/home/subin/subin_ws/ADS_Mission_Normal/build/autonomous_driving', 'catkin_cmake_args': None, 'catkin_skip_building_tests': False, 'cmake_args': None, 'cmake_clean_cache': False, 'cmake_clean_first': False, 'cmake_force_configure': False, 'cmake_target': None, 'cmake_target_skip_unavailable': False, 'install_base': '/home/subin/subin_ws/ADS_Mission_Normal/install/autonomous_driving', 'merge_install': False, 'path': '/home/subin/subin_ws/ADS_Mission_Normal/src/app/autonomous_driving', 'symlink_install': False, 'test_result_base': None}
[0.785s] Level 5:colcon.colcon_core.verb:set package 'evaluation' build argument 'cmake_args' from command line to 'None'
[0.786s] Level 5:colcon.colcon_core.verb:set package 'evaluation' build argument 'cmake_target' from command line to 'None'
[0.786s] Level 5:colcon.colcon_core.verb:set package 'evaluation' build argument 'cmake_target_skip_unavailable' from command line to 'False'
[0.786s] Level 5:colcon.colcon_core.verb:set package 'evaluation' build argument 'cmake_clean_cache' from command line to 'False'
[0.786s] Level 5:colcon.colcon_core.verb:set package 'evaluation' build argument 'cmake_clean_first' from command line to 'False'
[0.786s] Level 5:colcon.colcon_core.verb:set package 'evaluation' build argument 'cmake_force_configure' from command line to 'False'
[0.786s] Level 5:colcon.colcon_core.verb:set package 'evaluation' build argument 'ament_cmake_args' from command line to 'None'
[0.786s] Level 5:colcon.colcon_core.verb:set package 'evaluation' build argument 'catkin_cmake_args' from command line to 'None'
[0.786s] Level 5:colcon.colcon_core.verb:set package 'evaluation' build argument 'catkin_skip_building_tests' from command line to 'False'
[0.786s] DEBUG:colcon.colcon_core.verb:Building package 'evaluation' with the following arguments: {'ament_cmake_args': None, 'build_base': '/home/subin/subin_ws/ADS_Mission_Normal/build/evaluation', 'catkin_cmake_args': None, 'catkin_skip_building_tests': False, 'cmake_args': None, 'cmake_clean_cache': False, 'cmake_clean_first': False, 'cmake_force_configure': False, 'cmake_target': None, 'cmake_target_skip_unavailable': False, 'install_base': '/home/subin/subin_ws/ADS_Mission_Normal/install/evaluation', 'merge_install': False, 'path': '/home/subin/subin_ws/ADS_Mission_Normal/src/app/evaluation', 'symlink_install': False, 'test_result_base': None}
[0.787s] Level 5:colcon.colcon_core.verb:set package 'mission_manager' build argument 'cmake_args' from command line to 'None'
[0.787s] Level 5:colcon.colcon_core.verb:set package 'mission_manager' build argument 'cmake_target' from command line to 'None'
[0.787s] Level 5:colcon.colcon_core.verb:set package 'mission_manager' build argument 'cmake_target_skip_unavailable' from command line to 'False'
[0.787s] Level 5:colcon.colcon_core.verb:set package 'mission_manager' build argument 'cmake_clean_cache' from command line to 'False'
[0.787s] Level 5:colcon.colcon_core.verb:set package 'mission_manager' build argument 'cmake_clean_first' from command line to 'False'
[0.787s] Level 5:colcon.colcon_core.verb:set package 'mission_manager' build argument 'cmake_force_configure' from command line to 'False'
[0.787s] Level 5:colcon.colcon_core.verb:set package 'mission_manager' build argument 'ament_cmake_args' from command line to 'None'
[0.787s] Level 5:colcon.colcon_core.verb:set package 'mission_manager' build argument 'catkin_cmake_args' from command line to 'None'
[0.787s] Level 5:colcon.colcon_core.verb:set package 'mission_manager' build argument 'catkin_skip_building_tests' from command line to 'False'
[0.787s] DEBUG:colcon.colcon_core.verb:Building package 'mission_manager' with the following arguments: {'ament_cmake_args': None, 'build_base': '/home/subin/subin_ws/ADS_Mission_Normal/build/mission_manager', 'catkin_cmake_args': None, 'catkin_skip_building_tests': False, 'cmake_args': None, 'cmake_clean_cache': False, 'cmake_clean_first': False, 'cmake_force_configure': False, 'cmake_target': None, 'cmake_target_skip_unavailable': False, 'install_base': '/home/subin/subin_ws/ADS_Mission_Normal/install/mission_manager', 'merge_install': False, 'path': '/home/subin/subin_ws/ADS_Mission_Normal/src/app/mission_manager', 'symlink_install': False, 'test_result_base': None}
[0.787s] Level 5:colcon.colcon_core.verb:set package 'simulator' build argument 'cmake_args' from command line to 'None'
[0.787s] Level 5:colcon.colcon_core.verb:set package 'simulator' build argument 'cmake_target' from command line to 'None'
[0.787s] Level 5:colcon.colcon_core.verb:set package 'simulator' build argument 'cmake_target_skip_unavailable' from command line to 'False'
[0.787s] Level 5:colcon.colcon_core.verb:set package 'simulator' build argument 'cmake_clean_cache' from command line to 'False'
[0.787s] Level 5:colcon.colcon_core.verb:set package 'simulator' build argument 'cmake_clean_first' from command line to 'False'
[0.787s] Level 5:colcon.colcon_core.verb:set package 'simulator' build argument 'cmake_force_configure' from command line to 'False'
[0.787s] Level 5:colcon.colcon_core.verb:set package 'simulator' build argument 'ament_cmake_args' from command line to 'None'
[0.787s] Level 5:colcon.colcon_core.verb:set package 'simulator' build argument 'catkin_cmake_args' from command line to 'None'
[0.787s] Level 5:colcon.colcon_core.verb:set package 'simulator' build argument 'catkin_skip_building_tests' from command line to 'False'
[0.787s] DEBUG:colcon.colcon_core.verb:Building package 'simulator' with the following arguments: {'ament_cmake_args': None, 'build_base': '/home/subin/subin_ws/ADS_Mission_Normal/build/simulator', 'catkin_cmake_args': None, 'catkin_skip_building_tests': False, 'cmake_args': None, 'cmake_clean_cache': False, 'cmake_clean_first': False, 'cmake_force_configure': False, 'cmake_target': None, 'cmake_target_skip_unavailable': False, 'install_base': '/home/subin/subin_ws/ADS_Mission_Normal/install/simulator', 'merge_install': False, 'path': '/home/subin/subin_ws/ADS_Mission_Normal/src/app/simulator', 'symlink_install': False, 'test_result_base': None}
[0.788s] INFO:colcon.colcon_core.executor:Executing jobs using 'parallel' executor
[0.789s] DEBUG:colcon.colcon_parallel_executor.executor.parallel:run_until_complete
[0.789s] INFO:colcon.colcon_ros.task.ament_cmake.build:Building ROS package in '/home/subin/subin_ws/ADS_Mission_Normal/src/rte/msg/ad_msgs' with build type 'ament_cmake'
[0.789s] INFO:colcon.colcon_cmake.task.cmake.build:Building CMake package in '/home/subin/subin_ws/ADS_Mission_Normal/src/rte/msg/ad_msgs'
[0.793s] INFO:colcon.colcon_core.plugin_system:Skipping extension 'colcon_core.shell.bat': Not used on non-Windows systems
[0.793s] INFO:colcon.colcon_core.shell:Skip shell extension 'powershell' for command environment: Not usable outside of PowerShell
[0.793s] DEBUG:colcon.colcon_core.shell:Skip shell extension 'dsv' for command environment
[0.810s] DEBUG:colcon.colcon_core.event_handler.log_command:Invoking command in '/home/subin/subin_ws/ADS_Mission_Normal/build/ad_msgs': CMAKE_PREFIX_PATH=${CMAKE_PREFIX_PATH}:/opt/ros/humble /usr/bin/cmake --build /home/subin/subin_ws/ADS_Mission_Normal/build/ad_msgs -- -j22 -l22
[1.125s] DEBUG:colcon.colcon_core.event_handler.log_command:Invoked command in '/home/subin/subin_ws/ADS_Mission_Normal/build/ad_msgs' returned '0': CMAKE_PREFIX_PATH=${CMAKE_PREFIX_PATH}:/opt/ros/humble /usr/bin/cmake --build /home/subin/subin_ws/ADS_Mission_Normal/build/ad_msgs -- -j22 -l22
[1.134s] DEBUG:colcon.colcon_core.event_handler.log_command:Invoking command in '/home/subin/subin_ws/ADS_Mission_Normal/build/ad_msgs': CMAKE_PREFIX_PATH=${CMAKE_PREFIX_PATH}:/opt/ros/humble /usr/bin/cmake --install /home/subin/subin_ws/ADS_Mission_Normal/build/ad_msgs
[1.203s] Level 1:colcon.colcon_core.environment:create_environment_scripts_only(ad_msgs)
[1.204s] DEBUG:colcon.colcon_core.event_handler.log_command:Invoked command in '/home/subin/subin_ws/ADS_Mission_Normal/build/ad_msgs' returned '0': CMAKE_PREFIX_PATH=${CMAKE_PREFIX_PATH}:/opt/ros/humble /usr/bin/cmake --install /home/subin/subin_ws/ADS_Mission_Normal/build/ad_msgs
[1.206s] Level 1:colcon.colcon_core.environment:checking '/home/subin/subin_ws/ADS_Mission_Normal/install/ad_msgs' for CMake module files
[1.207s] Level 1:colcon.colcon_core.environment:checking '/home/subin/subin_ws/ADS_Mission_Normal/install/ad_msgs' for CMake config files
[1.211s] Level 1:colcon.colcon_core.shell:create_environment_hook('ad_msgs', 'cmake_prefix_path')
[1.211s] INFO:colcon.colcon_core.shell:Creating environment hook '/home/subin/subin_ws/ADS_Mission_Normal/install/ad_msgs/share/ad_msgs/hook/cmake_prefix_path.ps1'
[1.211s] INFO:colcon.colcon_core.shell:Creating environment descriptor '/home/subin/subin_ws/ADS_Mission_Normal/install/ad_msgs/share/ad_msgs/hook/cmake_prefix_path.dsv'
[1.212s] INFO:colcon.colcon_core.shell:Creating environment hook '/home/subin/subin_ws/ADS_Mission_Normal/install/ad_msgs/share/ad_msgs/hook/cmake_prefix_path.sh'
[1.212s] Level 1:colcon.colcon_core.environment:checking '/home/subin/subin_ws/ADS_Mission_Normal/install/ad_msgs/lib'
[1.212s] Level 1:colcon.colcon_core.shell:create_environment_hook('ad_msgs', 'ld_library_path_lib')
[1.212s] INFO:colcon.colcon_core.shell:Creating environment hook '/home/subin/subin_ws/ADS_Mission_Normal/install/ad_msgs/share/ad_msgs/hook/ld_library_path_lib.ps1'
[1.213s] INFO:colcon.colcon_core.shell:Creating environment descriptor '/home/subin/subin_ws/ADS_Mission_Normal/install/ad_msgs/share/ad_msgs/hook/ld_library_path_lib.dsv'
[1.213s] INFO:colcon.colcon_core.shell:Creating environment hook '/home/subin/subin_ws/ADS_Mission_Normal/install/ad_msgs/share/ad_msgs/hook/ld_library_path_lib.sh'
[1.213s] Level 1:colcon.colcon_core.environment:checking '/home/subin/subin_ws/ADS_Mission_Normal/install/ad_msgs/bin'
[1.213s] Level 1:colcon.colcon_core.environment:checking '/home/subin/subin_ws/ADS_Mission_Normal/install/ad_msgs/lib/pkgconfig/ad_msgs.pc'
[1.213s] Level 1:colcon.colcon_core.environment:checking '/home/subin/subin_ws/ADS_Mission_Normal/install/ad_msgs/lib/python3.10/site-packages'
[1.214s] Level 1:colcon.colcon_core.environment:checking '/home/subin/subin_ws/ADS_Mission_Normal/install/ad_msgs/bin'
[1.214s] INFO:colcon.colcon_core.shell:Creating package script '/home/subin/subin_ws/ADS_Mission_Normal/install/ad_msgs/share/ad_msgs/package.ps1'
[1.214s] INFO:colcon.colcon_core.shell:Creating package descriptor '/home/subin/subin_ws/ADS_Mission_Normal/install/ad_msgs/share/ad_msgs/package.dsv'
[1.214s] INFO:colcon.colcon_core.shell:Creating package script '/home/subin/subin_ws/ADS_Mission_Normal/install/ad_msgs/share/ad_msgs/package.sh'
[1.215s] INFO:colcon.colcon_core.shell:Creating package script '/home/subin/subin_ws/ADS_Mission_Normal/install/ad_msgs/share/ad_msgs/package.bash'
[1.215s] INFO:colcon.colcon_core.shell:Creating package script '/home/subin/subin_ws/ADS_Mission_Normal/install/ad_msgs/share/ad_msgs/package.zsh'
[1.216s] Level 1:colcon.colcon_core.environment:create_file_with_runtime_dependencies(/home/subin/subin_ws/ADS_Mission_Normal/install/ad_msgs/share/colcon-core/packages/ad_msgs)
[1.216s] Level 1:colcon.colcon_core.environment:create_environment_scripts_only(ad_msgs)
[1.216s] Level 1:colcon.colcon_core.environment:checking '/home/subin/subin_ws/ADS_Mission_Normal/install/ad_msgs' for CMake module files
[1.217s] Level 1:colcon.colcon_core.environment:checking '/home/subin/subin_ws/ADS_Mission_Normal/install/ad_msgs' for CMake config files
[1.217s] Level 1:colcon.colcon_core.shell:create_environment_hook('ad_msgs', 'cmake_prefix_path')
[1.217s] INFO:colcon.colcon_core.shell:Creating environment hook '/home/subin/subin_ws/ADS_Mission_Normal/install/ad_msgs/share/ad_msgs/hook/cmake_prefix_path.ps1'
[1.217s] INFO:colcon.colcon_core.shell:Creating environment descriptor '/home/subin/subin_ws/ADS_Mission_Normal/install/ad_msgs/share/ad_msgs/hook/cmake_prefix_path.dsv'
[1.218s] INFO:colcon.colcon_core.shell:Creating environment hook '/home/subin/subin_ws/ADS_Mission_Normal/install/ad_msgs/share/ad_msgs/hook/cmake_prefix_path.sh'
[1.218s] Level 1:colcon.colcon_core.environment:checking '/home/subin/subin_ws/ADS_Mission_Normal/install/ad_msgs/lib'
[1.218s] Level 1:colcon.colcon_core.shell:create_environment_hook('ad_msgs', 'ld_library_path_lib')
[1.218s] INFO:colcon.colcon_core.shell:Creating environment hook '/home/subin/subin_ws/ADS_Mission_Normal/install/ad_msgs/share/ad_msgs/hook/ld_library_path_lib.ps1'
[1.218s] INFO:colcon.colcon_core.shell:Creating environment descriptor '/home/subin/subin_ws/ADS_Mission_Normal/install/ad_msgs/share/ad_msgs/hook/ld_library_path_lib.dsv'
[1.218s] INFO:colcon.colcon_core.shell:Creating environment hook '/home/subin/subin_ws/ADS_Mission_Normal/install/ad_msgs/share/ad_msgs/hook/ld_library_path_lib.sh'
[1.219s] Level 1:colcon.colcon_core.environment:checking '/home/subin/subin_ws/ADS_Mission_Normal/install/ad_msgs/bin'
[1.219s] Level 1:colcon.colcon_core.environment:checking '/home/subin/subin_ws/ADS_Mission_Normal/install/ad_msgs/lib/pkgconfig/ad_msgs.pc'
[1.219s] Level 1:colcon.colcon_core.environment:checking '/home/subin/subin_ws/ADS_Mission_Normal/install/ad_msgs/lib/python3.10/site-packages'
[1.219s] Level 1:colcon.colcon_core.environment:checking '/home/subin/subin_ws/ADS_Mission_Normal/install/ad_msgs/bin'
[1.219s] INFO:colcon.colcon_core.shell:Creating package script '/home/subin/subin_ws/ADS_Mission_Normal/install/ad_msgs/share/ad_msgs/package.ps1'
[1.219s] INFO:colcon.colcon_core.shell:Creating package descriptor '/home/subin/subin_ws/ADS_Mission_Normal/install/ad_msgs/share/ad_msgs/package.dsv'
[1.220s] INFO:colcon.colcon_core.shell:Creating package script '/home/subin/subin_ws/ADS_Mission_Normal/install/ad_msgs/share/ad_msgs/package.sh'
[1.220s] INFO:colcon.colcon_core.shell:Creating package script '/home/subin/subin_ws/ADS_Mission_Normal/install/ad_msgs/share/ad_msgs/package.bash'
[1.220s] INFO:colcon.colcon_core.shell:Creating package script '/home/subin/subin_ws/ADS_Mission_Normal/install/ad_msgs/share/ad_msgs/package.zsh'
[1.220s] Level 1:colcon.colcon_core.environment:create_file_with_runtime_dependencies(/home/subin/subin_ws/ADS_Mission_Normal/install/ad_msgs/share/colcon-core/packages/ad_msgs)
[1.221s] INFO:colcon.colcon_ros.task.ament_cmake.build:Building ROS package in '/home/subin/subin_ws/ADS_Mission_Normal/src/app/autonomous_driving' with build type 'ament_cmake'
[1.221s] INFO:colcon.colcon_cmake.task.cmake.build:Building CMake package in '/home/subin/subin_ws/ADS_Mission_Normal/src/app/autonomous_driving'
[1.221s] INFO:colcon.colcon_core.shell:Skip shell extension 'powershell' for command environment: Not usable outside of PowerShell
[1.221s] DEBUG:colcon.colcon_core.shell:Skip shell extension 'dsv' for command environment
[1.225s] INFO:colcon.colcon_ros.task.ament_cmake.build:Building ROS package in '/home/subin/subin_ws/ADS_Mission_Normal/src/app/evaluation' with build type 'ament_cmake'
[1.225s] INFO:colcon.colcon_cmake.task.cmake.build:Building CMake package in '/home/subin/subin_ws/ADS_Mission_Normal/src/app/evaluation'
[1.225s] INFO:colcon.colcon_core.shell:Skip shell extension 'powershell' for command environment: Not usable outside of PowerShell
[1.225s] DEBUG:colcon.colcon_core.shell:Skip shell extension 'dsv' for command environment
[1.228s] INFO:colcon.colcon_ros.task.ament_cmake.build:Building ROS package in '/home/subin/subin_ws/ADS_Mission_Normal/src/app/mission_manager' with build type 'ament_cmake'
[1.228s] INFO:colcon.colcon_cmake.task.cmake.build:Building CMake package in '/home/subin/subin_ws/ADS_Mission_Normal/src/app/mission_manager'
[1.229s] INFO:colcon.colcon_core.shell:Skip shell extension 'powershell' for command environment: Not usable outside of PowerShell
[1.229s] DEBUG:colcon.colcon_core.shell:Skip shell extension 'dsv' for command environment
[1.232s] INFO:colcon.colcon_ros.task.ament_cmake.build:Building ROS package in '/home/subin/subin_ws/ADS_Mission_Normal/src/app/simulator' with build type 'ament_cmake'
[1.232s] INFO:colcon.colcon_cmake.task.cmake.build:Building CMake package in '/home/subin/subin_ws/ADS_Mission_Normal/src/app/simulator'
[1.232s] INFO:colcon.colcon_core.shell:Skip shell extension 'powershell' for command environment: Not usable outside of PowerShell
[1.232s] DEBUG:colcon.colcon_core.shell:Skip shell extension 'dsv' for command environment
[1.361s] DEBUG:colcon.colcon_core.event_handler.log_command:Invoking command in '/home/subin/subin_ws/ADS_Mission_Normal/build/evaluation': CMAKE_PREFIX_PATH=/home/subin/subin_ws/ADS_Mission_Normal/install/ad_msgs:/home/subin/subin_ws/ADS_Mission_Basic/install/simulator:/home/subin/subin_ws/ADS_Mission_Basic/install/mission_manager:/home/subin/subin_ws/ADS_Mission_Basic/install/evaluation:/home/subin/subin_ws/ADS_Mission_Basic/install/autonomous_driving:/home/subin/subin_ws/ADS_Mission_Basic/install/ad_msgs:/home/subin/subin_ws/Autonomous_Driving_Software_Final/install/simulator:/home/subin/subin_ws/Autonomous_Driving_Software_Final/install/mission_manager:/home/subin/subin_ws/Autonomous_Driving_Software_Final/install/evaluation:/home/subin/subin_ws/Autonomous_Driving_Software_Final/install/autonomous_driving:/home/subin/subin_ws/Autonomous_Driving_Software_Final/install/ad_msgs:/home/subin/subin_ws/ADS_Mission_Hard/install/simulator:/home/subin/subin_ws/ADS_Mission_Hard/install/mission_manager:/home/subin/subin_ws/ADS_Mission_Hard/install/evaluation:/home/subin/subin_ws/ADS_Mission_Hard/install/autonomous_driving:/home/subin/subin_ws/ADS_Mission_Hard/install/ad_msgs:/home/subin/subin_ws/ADS_Mission_Normal/install/simulator:/home/subin/subin_ws/ADS_Mission_Normal/install/mission_manager:/home/subin/subin_ws/ADS_Mission_Normal/install/evaluation:/home/subin/subin_ws/ADS_Mission_Normal/install/autonomous_driving:/home/subin/subin_ws/ADS_Final_MissionHard/install/simulator:/home/subin/subin_ws/ADS_Final_MissionHard/install/mission_manager:/home/subin/subin_ws/ADS_Final_MissionHard/install/evaluation:/home/subin/subin_ws/ADS_Final_MissionHard/install/autonomous_driving:/home/subin/subin_ws/ADS_Final_MissionHard/install/ad_msgs:/opt/ros/humble LD_LIBRARY_PATH=/home/subin/subin_ws/ADS_Mission_Normal/install/ad_msgs/lib:/home/subin/subin_ws/ADS_Mission_Basic/install/ad_msgs/lib:/home/subin/subin_ws/Autonomous_Driving_Software_Final/install/ad_msgs/lib:/home/subin/subin_ws/ADS_Mission_Hard/install/ad_msgs/lib:/home/subin/subin_ws/ADS_Final_MissionHard/install/ad_msgs/lib:/opt/ros/humble/opt/rviz_ogre_vendor/lib:/opt/ros/humble/lib/x86_64-linux-gnu:/opt/ros/humble/lib /usr/bin/cmake --build /home/subin/subin_ws/ADS_Mission_Normal/build/evaluation -- -j22 -l22
[1.363s] DEBUG:colcon.colcon_core.event_handler.log_command:Invoking command in '/home/subin/subin_ws/ADS_Mission_Normal/build/mission_manager': CMAKE_PREFIX_PATH=/home/subin/subin_ws/ADS_Mission_Normal/install/ad_msgs:/home/subin/subin_ws/ADS_Mission_Basic/install/simulator:/home/subin/subin_ws/ADS_Mission_Basic/install/mission_manager:/home/subin/subin_ws/ADS_Mission_Basic/install/evaluation:/home/subin/subin_ws/ADS_Mission_Basic/install/autonomous_driving:/home/subin/subin_ws/ADS_Mission_Basic/install/ad_msgs:/home/subin/subin_ws/Autonomous_Driving_Software_Final/install/simulator:/home/subin/subin_ws/Autonomous_Driving_Software_Final/install/mission_manager:/home/subin/subin_ws/Autonomous_Driving_Software_Final/install/evaluation:/home/subin/subin_ws/Autonomous_Driving_Software_Final/install/autonomous_driving:/home/subin/subin_ws/Autonomous_Driving_Software_Final/install/ad_msgs:/home/subin/subin_ws/ADS_Mission_Hard/install/simulator:/home/subin/subin_ws/ADS_Mission_Hard/install/mission_manager:/home/subin/subin_ws/ADS_Mission_Hard/install/evaluation:/home/subin/subin_ws/ADS_Mission_Hard/install/autonomous_driving:/home/subin/subin_ws/ADS_Mission_Hard/install/ad_msgs:/home/subin/subin_ws/ADS_Mission_Normal/install/simulator:/home/subin/subin_ws/ADS_Mission_Normal/install/mission_manager:/home/subin/subin_ws/ADS_Mission_Normal/install/evaluation:/home/subin/subin_ws/ADS_Mission_Normal/install/autonomous_driving:/home/subin/subin_ws/ADS_Final_MissionHard/install/simulator:/home/subin/subin_ws/ADS_Final_MissionHard/install/mission_manager:/home/subin/subin_ws/ADS_Final_MissionHard/install/evaluation:/home/subin/subin_ws/ADS_Final_MissionHard/install/autonomous_driving:/home/subin/subin_ws/ADS_Final_MissionHard/install/ad_msgs:/opt/ros/humble LD_LIBRARY_PATH=/home/subin/subin_ws/ADS_Mission_Normal/install/ad_msgs/lib:/home/subin/subin_ws/ADS_Mission_Basic/install/ad_msgs/lib:/home/subin/subin_ws/Autonomous_Driving_Software_Final/install/ad_msgs/lib:/home/subin/subin_ws/ADS_Mission_Hard/install/ad_msgs/lib:/home/subin/subin_ws/ADS_Final_MissionHard/install/ad_msgs/lib:/opt/ros/humble/opt/rviz_ogre_vendor/lib:/opt/ros/humble/lib/x86_64-linux-gnu:/opt/ros/humble/lib /usr/bin/cmake --build /home/subin/subin_ws/ADS_Mission_Normal/build/mission_manager -- -j22 -l22
[1.369s] DEBUG:colcon.colcon_core.event_handler.log_command:Invoking command in '/home/subin/subin_ws/ADS_Mission_Normal/build/autonomous_driving': CMAKE_PREFIX_PATH=/home/subin/subin_ws/ADS_Mission_Normal/install/ad_msgs:/home/subin/subin_ws/ADS_Mission_Basic/install/simulator:/home/subin/subin_ws/ADS_Mission_Basic/install/mission_manager:/home/subin/subin_ws/ADS_Mission_Basic/install/evaluation:/home/subin/subin_ws/ADS_Mission_Basic/install/autonomous_driving:/home/subin/subin_ws/ADS_Mission_Basic/install/ad_msgs:/home/subin/subin_ws/Autonomous_Driving_Software_Final/install/simulator:/home/subin/subin_ws/Autonomous_Driving_Software_Final/install/mission_manager:/home/subin/subin_ws/Autonomous_Driving_Software_Final/install/evaluation:/home/subin/subin_ws/Autonomous_Driving_Software_Final/install/autonomous_driving:/home/subin/subin_ws/Autonomous_Driving_Software_Final/install/ad_msgs:/home/subin/subin_ws/ADS_Mission_Hard/install/simulator:/home/subin/subin_ws/ADS_Mission_Hard/install/mission_manager:/home/subin/subin_ws/ADS_Mission_Hard/install/evaluation:/home/subin/subin_ws/ADS_Mission_Hard/install/autonomous_driving:/home/subin/subin_ws/ADS_Mission_Hard/install/ad_msgs:/home/subin/subin_ws/ADS_Mission_Normal/install/simulator:/home/subin/subin_ws/ADS_Mission_Normal/install/mission_manager:/home/subin/subin_ws/ADS_Mission_Normal/install/evaluation:/home/subin/subin_ws/ADS_Mission_Normal/install/autonomous_driving:/home/subin/subin_ws/ADS_Final_MissionHard/install/simulator:/home/subin/subin_ws/ADS_Final_MissionHard/install/mission_manager:/home/subin/subin_ws/ADS_Final_MissionHard/install/evaluation:/home/subin/subin_ws/ADS_Final_MissionHard/install/autonomous_driving:/home/subin/subin_ws/ADS_Final_MissionHard/install/ad_msgs:/opt/ros/humble LD_LIBRARY_PATH=/home/subin/subin_ws/ADS_Mission_Normal/install/ad_msgs/lib:/home/subin/subin_ws/ADS_Mission_Basic/install/ad_msgs/lib:/home/subin/subin_ws/Autonomous_Driving_Software_Final/install/ad_msgs/lib:/home/subin/subin_ws/ADS_Mission_Hard/install/ad_msgs/lib:/home/subin/subin_ws/ADS_Final_MissionHard/install/ad_msgs/lib:/opt/ros/humble/opt/rviz_ogre_vendor/lib:/opt/ros/humble/lib/x86_64-linux-gnu:/opt/ros/humble/lib /usr/bin/cmake --build /home/subin/subin_ws/ADS_Mission_Normal/build/autonomous_driving -- -j22 -l22
[1.402s] DEBUG:colcon.colcon_core.event_handler.log_command:Invoking command in '/home/subin/subin_ws/ADS_Mission_Normal/build/simulator': CMAKE_PREFIX_PATH=/home/subin/subin_ws/ADS_Mission_Normal/install/ad_msgs:/home/subin/subin_ws/ADS_Mission_Basic/install/simulator:/home/subin/subin_ws/ADS_Mission_Basic/install/mission_manager:/home/subin/subin_ws/ADS_Mission_Basic/install/evaluation:/home/subin/subin_ws/ADS_Mission_Basic/install/autonomous_driving:/home/subin/subin_ws/ADS_Mission_Basic/install/ad_msgs:/home/subin/subin_ws/Autonomous_Driving_Software_Final/install/simulator:/home/subin/subin_ws/Autonomous_Driving_Software_Final/install/mission_manager:/home/subin/subin_ws/Autonomous_Driving_Software_Final/install/evaluation:/home/subin/subin_ws/Autonomous_Driving_Software_Final/install/autonomous_driving:/home/subin/subin_ws/Autonomous_Driving_Software_Final/install/ad_msgs:/home/subin/subin_ws/ADS_Mission_Hard/install/simulator:/home/subin/subin_ws/ADS_Mission_Hard/install/mission_manager:/home/subin/subin_ws/ADS_Mission_Hard/install/evaluation:/home/subin/subin_ws/ADS_Mission_Hard/install/autonomous_driving:/home/subin/subin_ws/ADS_Mission_Hard/install/ad_msgs:/home/subin/subin_ws/ADS_Mission_Normal/install/simulator:/home/subin/subin_ws/ADS_Mission_Normal/install/mission_manager:/home/subin/subin_ws/ADS_Mission_Normal/install/evaluation:/home/subin/subin_ws/ADS_Mission_Normal/install/autonomous_driving:/home/subin/subin_ws/ADS_Final_MissionHard/install/simulator:/home/subin/subin_ws/ADS_Final_MissionHard/install/mission_manager:/home/subin/subin_ws/ADS_Final_MissionHard/install/evaluation:/home/subin/subin_ws/ADS_Final_MissionHard/install/autonomous_driving:/home/subin/subin_ws/ADS_Final_MissionHard/install/ad_msgs:/opt/ros/humble LD_LIBRARY_PATH=/home/subin/subin_ws/ADS_Mission_Normal/install/ad_msgs/lib:/home/subin/subin_ws/ADS_Mission_Basic/install/ad_msgs/lib:/home/subin/subin_ws/Autonomous_Driving_Software_Final/install/ad_msgs/lib:/home/subin/subin_ws/ADS_Mission_Hard/install/ad_msgs/lib:/home/subin/subin_ws/ADS_Final_MissionHard/install/ad_msgs/lib:/opt/ros/humble/opt/rviz_ogre_vendor/lib:/opt/ros/humble/lib/x86_64-linux-gnu:/opt/ros/humble/lib /usr/bin/cmake --build /home/subin/subin_ws/ADS_Mission_Normal/build/simulator -- -j22 -l22
[1.423s] DEBUG:colcon.colcon_core.event_handler.log_command:Invoked command in '/home/subin/subin_ws/ADS_Mission_Normal/build/mission_manager' returned '0': CMAKE_PREFIX_PATH=/home/subin/subin_ws/ADS_Mission_Normal/install/ad_msgs:/home/subin/subin_ws/ADS_Mission_Basic/install/simulator:/home/subin/subin_ws/ADS_Mission_Basic/install/mission_manager:/home/subin/subin_ws/ADS_Mission_Basic/install/evaluation:/home/subin/subin_ws/ADS_Mission_Basic/install/autonomous_driving:/home/subin/subin_ws/ADS_Mission_Basic/install/ad_msgs:/home/subin/subin_ws/Autonomous_Driving_Software_Final/install/simulator:/home/subin/subin_ws/Autonomous_Driving_Software_Final/install/mission_manager:/home/subin/subin_ws/Autonomous_Driving_Software_Final/install/evaluation:/home/subin/subin_ws/Autonomous_Driving_Software_Final/install/autonomous_driving:/home/subin/subin_ws/Autonomous_Driving_Software_Final/install/ad_msgs:/home/subin/subin_ws/ADS_Mission_Hard/install/simulator:/home/subin/subin_ws/ADS_Mission_Hard/install/mission_manager:/home/subin/subin_ws/ADS_Mission_Hard/install/evaluation:/home/subin/subin_ws/ADS_Mission_Hard/install/autonomous_driving:/home/subin/subin_ws/ADS_Mission_Hard/install/ad_msgs:/home/subin/subin_ws/ADS_Mission_Normal/install/simulator:/home/subin/subin_ws/ADS_Mission_Normal/install/mission_manager:/home/subin/subin_ws/ADS_Mission_Normal/install/evaluation:/home/subin/subin_ws/ADS_Mission_Normal/install/autonomous_driving:/home/subin/subin_ws/ADS_Final_MissionHard/install/simulator:/home/subin/subin_ws/ADS_Final_MissionHard/install/mission_manager:/home/subin/subin_ws/ADS_Final_MissionHard/install/evaluation:/home/subin/subin_ws/ADS_Final_MissionHard/install/autonomous_driving:/home/subin/subin_ws/ADS_Final_MissionHard/install/ad_msgs:/opt/ros/humble LD_LIBRARY_PATH=/home/subin/subin_ws/ADS_Mission_Normal/install/ad_msgs/lib:/home/subin/subin_ws/ADS_Mission_Basic/install/ad_msgs/lib:/home/subin/subin_ws/Autonomous_Driving_Software_Final/install/ad_msgs/lib:/home/subin/subin_ws/ADS_Mission_Hard/install/ad_msgs/lib:/home/subin/subin_ws/ADS_Final_MissionHard/install/ad_msgs/lib:/opt/ros/humble/opt/rviz_ogre_vendor/lib:/opt/ros/humble/lib/x86_64-linux-gnu:/opt/ros/humble/lib /usr/bin/cmake --build /home/subin/subin_ws/ADS_Mission_Normal/build/mission_manager -- -j22 -l22
[1.426s] DEBUG:colcon.colcon_core.event_handler.log_command:Invoking command in '/home/subin/subin_ws/ADS_Mission_Normal/build/mission_manager': CMAKE_PREFIX_PATH=/home/subin/subin_ws/ADS_Mission_Normal/install/ad_msgs:/home/subin/subin_ws/ADS_Mission_Basic/install/simulator:/home/subin/subin_ws/ADS_Mission_Basic/install/mission_manager:/home/subin/subin_ws/ADS_Mission_Basic/install/evaluation:/home/subin/subin_ws/ADS_Mission_Basic/install/autonomous_driving:/home/subin/subin_ws/ADS_Mission_Basic/install/ad_msgs:/home/subin/subin_ws/Autonomous_Driving_Software_Final/install/simulator:/home/subin/subin_ws/Autonomous_Driving_Software_Final/install/mission_manager:/home/subin/subin_ws/Autonomous_Driving_Software_Final/install/evaluation:/home/subin/subin_ws/Autonomous_Driving_Software_Final/install/autonomous_driving:/home/subin/subin_ws/Autonomous_Driving_Software_Final/install/ad_msgs:/home/subin/subin_ws/ADS_Mission_Hard/install/simulator:/home/subin/subin_ws/ADS_Mission_Hard/install/mission_manager:/home/subin/subin_ws/ADS_Mission_Hard/install/evaluation:/home/subin/subin_ws/ADS_Mission_Hard/install/autonomous_driving:/home/subin/subin_ws/ADS_Mission_Hard/install/ad_msgs:/home/subin/subin_ws/ADS_Mission_Normal/install/simulator:/home/subin/subin_ws/ADS_Mission_Normal/install/mission_manager:/home/subin/subin_ws/ADS_Mission_Normal/install/evaluation:/home/subin/subin_ws/ADS_Mission_Normal/install/autonomous_driving:/home/subin/subin_ws/ADS_Final_MissionHard/install/simulator:/home/subin/subin_ws/ADS_Final_MissionHard/install/mission_manager:/home/subin/subin_ws/ADS_Final_MissionHard/install/evaluation:/home/subin/subin_ws/ADS_Final_MissionHard/install/autonomous_driving:/home/subin/subin_ws/ADS_Final_MissionHard/install/ad_msgs:/opt/ros/humble LD_LIBRARY_PATH=/home/subin/subin_ws/ADS_Mission_Normal/install/ad_msgs/lib:/home/subin/subin_ws/ADS_Mission_Basic/install/ad_msgs/lib:/home/subin/subin_ws/Autonomous_Driving_Software_Final/install/ad_msgs/lib:/home/subin/subin_ws/ADS_Mission_Hard/install/ad_msgs/lib:/home/subin/subin_ws/ADS_Final_MissionHard/install/ad_msgs/lib:/opt/ros/humble/opt/rviz_ogre_vendor/lib:/opt/ros/humble/lib/x86_64-linux-gnu:/opt/ros/humble/lib /usr/bin/cmake --install /home/subin/subin_ws/ADS_Mission_Normal/build/mission_manager
[1.427s] DEBUG:colcon.colcon_core.event_handler.log_command:Invoked command in '/home/subin/subin_ws/ADS_Mission_Normal/build/evaluation' returned '0': CMAKE_PREFIX_PATH=/home/subin/subin_ws/ADS_Mission_Normal/install/ad_msgs:/home/subin/subin_ws/ADS_Mission_Basic/install/simulator:/home/subin/subin_ws/ADS_Mission_Basic/install/mission_manager:/home/subin/subin_ws/ADS_Mission_Basic/install/evaluation:/home/subin/subin_ws/ADS_Mission_Basic/install/autonomous_driving:/home/subin/subin_ws/ADS_Mission_Basic/install/ad_msgs:/home/subin/subin_ws/Autonomous_Driving_Software_Final/install/simulator:/home/subin/subin_ws/Autonomous_Driving_Software_Final/install/mission_manager:/home/subin/subin_ws/Autonomous_Driving_Software_Final/install/evaluation:/home/subin/subin_ws/Autonomous_Driving_Software_Final/install/autonomous_driving:/home/subin/subin_ws/Autonomous_Driving_Software_Final/install/ad_msgs:/home/subin/subin_ws/ADS_Mission_Hard/install/simulator:/home/subin/subin_ws/ADS_Mission_Hard/install/mission_manager:/home/subin/subin_ws/ADS_Mission_Hard/install/evaluation:/home/subin/subin_ws/ADS_Mission_Hard/install/autonomous_driving:/home/subin/subin_ws/ADS_Mission_Hard/install/ad_msgs:/home/subin/subin_ws/ADS_Mission_Normal/install/simulator:/home/subin/subin_ws/ADS_Mission_Normal/install/mission_manager:/home/subin/subin_ws/ADS_Mission_Normal/install/evaluation:/home/subin/subin_ws/ADS_Mission_Normal/install/autonomous_driving:/home/subin/subin_ws/ADS_Final_MissionHard/install/simulator:/home/subin/subin_ws/ADS_Final_MissionHard/install/mission_manager:/home/subin/subin_ws/ADS_Final_MissionHard/install/evaluation:/home/subin/subin_ws/ADS_Final_MissionHard/install/autonomous_driving:/home/subin/subin_ws/ADS_Final_MissionHard/install/ad_msgs:/opt/ros/humble LD_LIBRARY_PATH=/home/subin/subin_ws/ADS_Mission_Normal/install/ad_msgs/lib:/home/subin/subin_ws/ADS_Mission_Basic/install/ad_msgs/lib:/home/subin/subin_ws/Autonomous_Driving_Software_Final/install/ad_msgs/lib:/home/subin/subin_ws/ADS_Mission_Hard/install/ad_msgs/lib:/home/subin/subin_ws/ADS_Final_MissionHard/install/ad_msgs/lib:/opt/ros/humble/opt/rviz_ogre_vendor/lib:/opt/ros/humble/lib/x86_64-linux-gnu:/opt/ros/humble/lib /usr/bin/cmake --build /home/subin/subin_ws/ADS_Mission_Normal/build/evaluation -- -j22 -l22
[1.429s] DEBUG:colcon.colcon_core.event_handler.log_command:Invoking command in '/home/subin/subin_ws/ADS_Mission_Normal/build/evaluation': CMAKE_PREFIX_PATH=/home/subin/subin_ws/ADS_Mission_Normal/install/ad_msgs:/home/subin/subin_ws/ADS_Mission_Basic/install/simulator:/home/subin/subin_ws/ADS_Mission_Basic/install/mission_manager:/home/subin/subin_ws/ADS_Mission_Basic/install/evaluation:/home/subin/subin_ws/ADS_Mission_Basic/install/autonomous_driving:/home/subin/subin_ws/ADS_Mission_Basic/install/ad_msgs:/home/subin/subin_ws/Autonomous_Driving_Software_Final/install/simulator:/home/subin/subin_ws/Autonomous_Driving_Software_Final/install/mission_manager:/home/subin/subin_ws/Autonomous_Driving_Software_Final/install/evaluation:/home/subin/subin_ws/Autonomous_Driving_Software_Final/install/autonomous_driving:/home/subin/subin_ws/Autonomous_Driving_Software_Final/install/ad_msgs:/home/subin/subin_ws/ADS_Mission_Hard/install/simulator:/home/subin/subin_ws/ADS_Mission_Hard/install/mission_manager:/home/subin/subin_ws/ADS_Mission_Hard/install/evaluation:/home/subin/subin_ws/ADS_Mission_Hard/install/autonomous_driving:/home/subin/subin_ws/ADS_Mission_Hard/install/ad_msgs:/home/subin/subin_ws/ADS_Mission_Normal/install/simulator:/home/subin/subin_ws/ADS_Mission_Normal/install/mission_manager:/home/subin/subin_ws/ADS_Mission_Normal/install/evaluation:/home/subin/subin_ws/ADS_Mission_Normal/install/autonomous_driving:/home/subin/subin_ws/ADS_Final_MissionHard/install/simulator:/home/subin/subin_ws/ADS_Final_MissionHard/install/mission_manager:/home/subin/subin_ws/ADS_Final_MissionHard/install/evaluation:/home/subin/subin_ws/ADS_Final_MissionHard/install/autonomous_driving:/home/subin/subin_ws/ADS_Final_MissionHard/install/ad_msgs:/opt/ros/humble LD_LIBRARY_PATH=/home/subin/subin_ws/ADS_Mission_Normal/install/ad_msgs/lib:/home/subin/subin_ws/ADS_Mission_Basic/install/ad_msgs/lib:/home/subin/subin_ws/Autonomous_Driving_Software_Final/install/ad_msgs/lib:/home/subin/subin_ws/ADS_Mission_Hard/install/ad_msgs/lib:/home/subin/subin_ws/ADS_Final_MissionHard/install/ad_msgs/lib:/opt/ros/humble/opt/rviz_ogre_vendor/lib:/opt/ros/humble/lib/x86_64-linux-gnu:/opt/ros/humble/lib /usr/bin/cmake --install /home/subin/subin_ws/ADS_Mission_Normal/build/evaluation
[1.436s] Level 1:colcon.colcon_core.environment:create_environment_scripts_only(mission_manager)
[1.437s] Level 1:colcon.colcon_core.environment:checking '/home/subin/subin_ws/ADS_Mission_Normal/install/mission_manager' for CMake module files
[1.438s] DEBUG:colcon.colcon_core.event_handler.log_command:Invoked command in '/home/subin/subin_ws/ADS_Mission_Normal/build/mission_manager' returned '0': CMAKE_PREFIX_PATH=/home/subin/subin_ws/ADS_Mission_Normal/install/ad_msgs:/home/subin/subin_ws/ADS_Mission_Basic/install/simulator:/home/subin/subin_ws/ADS_Mission_Basic/install/mission_manager:/home/subin/subin_ws/ADS_Mission_Basic/install/evaluation:/home/subin/subin_ws/ADS_Mission_Basic/install/autonomous_driving:/home/subin/subin_ws/ADS_Mission_Basic/install/ad_msgs:/home/subin/subin_ws/Autonomous_Driving_Software_Final/install/simulator:/home/subin/subin_ws/Autonomous_Driving_Software_Final/install/mission_manager:/home/subin/subin_ws/Autonomous_Driving_Software_Final/install/evaluation:/home/subin/subin_ws/Autonomous_Driving_Software_Final/install/autonomous_driving:/home/subin/subin_ws/Autonomous_Driving_Software_Final/install/ad_msgs:/home/subin/subin_ws/ADS_Mission_Hard/install/simulator:/home/subin/subin_ws/ADS_Mission_Hard/install/mission_manager:/home/subin/subin_ws/ADS_Mission_Hard/install/evaluation:/home/subin/subin_ws/ADS_Mission_Hard/install/autonomous_driving:/home/subin/subin_ws/ADS_Mission_Hard/install/ad_msgs:/home/subin/subin_ws/ADS_Mission_Normal/install/simulator:/home/subin/subin_ws/ADS_Mission_Normal/install/mission_manager:/home/subin/subin_ws/ADS_Mission_Normal/install/evaluation:/home/subin/subin_ws/ADS_Mission_Normal/install/autonomous_driving:/home/subin/subin_ws/ADS_Final_MissionHard/install/simulator:/home/subin/subin_ws/ADS_Final_MissionHard/install/mission_manager:/home/subin/subin_ws/ADS_Final_MissionHard/install/evaluation:/home/subin/subin_ws/ADS_Final_MissionHard/install/autonomous_driving:/home/subin/subin_ws/ADS_Final_MissionHard/install/ad_msgs:/opt/ros/humble LD_LIBRARY_PATH=/home/subin/subin_ws/ADS_Mission_Normal/install/ad_msgs/lib:/home/subin/subin_ws/ADS_Mission_Basic/install/ad_msgs/lib:/home/subin/subin_ws/Autonomous_Driving_Software_Final/install/ad_msgs/lib:/home/subin/subin_ws/ADS_Mission_Hard/install/ad_msgs/lib:/home/subin/subin_ws/ADS_Final_MissionHard/install/ad_msgs/lib:/opt/ros/humble/opt/rviz_ogre_vendor/lib:/opt/ros/humble/lib/x86_64-linux-gnu:/opt/ros/humble/lib /usr/bin/cmake --install /home/subin/subin_ws/ADS_Mission_Normal/build/mission_manager
[1.440s] Level 1:colcon.colcon_core.environment:checking '/home/subin/subin_ws/ADS_Mission_Normal/install/mission_manager' for CMake config files
[1.443s] Level 1:colcon.colcon_core.shell:create_environment_hook('mission_manager', 'cmake_prefix_path')
[1.444s] INFO:colcon.colcon_core.shell:Creating environment hook '/home/subin/subin_ws/ADS_Mission_Normal/install/mission_manager/share/mission_manager/hook/cmake_prefix_path.ps1'
[1.444s] INFO:colcon.colcon_core.shell:Creating environment descriptor '/home/subin/subin_ws/ADS_Mission_Normal/install/mission_manager/share/mission_manager/hook/cmake_prefix_path.dsv'
[1.445s] INFO:colcon.colcon_core.shell:Creating environment hook '/home/subin/subin_ws/ADS_Mission_Normal/install/mission_manager/share/mission_manager/hook/cmake_prefix_path.sh'
[1.446s] Level 1:colcon.colcon_core.environment:checking '/home/subin/subin_ws/ADS_Mission_Normal/install/mission_manager/lib'
[1.446s] Level 1:colcon.colcon_core.environment:checking '/home/subin/subin_ws/ADS_Mission_Normal/install/mission_manager/bin'
[1.446s] Level 1:colcon.colcon_core.environment:checking '/home/subin/subin_ws/ADS_Mission_Normal/install/mission_manager/lib/pkgconfig/mission_manager.pc'
[1.446s] Level 1:colcon.colcon_core.environment:checking '/home/subin/subin_ws/ADS_Mission_Normal/install/mission_manager/lib/python3.10/site-packages'
[1.446s] Level 1:colcon.colcon_core.environment:checking '/home/subin/subin_ws/ADS_Mission_Normal/install/mission_manager/bin'
[1.446s] INFO:colcon.colcon_core.shell:Creating package script '/home/subin/subin_ws/ADS_Mission_Normal/install/mission_manager/share/mission_manager/package.ps1'
[1.447s] INFO:colcon.colcon_core.shell:Creating package descriptor '/home/subin/subin_ws/ADS_Mission_Normal/install/mission_manager/share/mission_manager/package.dsv'
[1.447s] INFO:colcon.colcon_core.shell:Creating package script '/home/subin/subin_ws/ADS_Mission_Normal/install/mission_manager/share/mission_manager/package.sh'
[1.447s] INFO:colcon.colcon_core.shell:Creating package script '/home/subin/subin_ws/ADS_Mission_Normal/install/mission_manager/share/mission_manager/package.bash'
[1.448s] INFO:colcon.colcon_core.shell:Creating package script '/home/subin/subin_ws/ADS_Mission_Normal/install/mission_manager/share/mission_manager/package.zsh'
[1.448s] Level 1:colcon.colcon_core.environment:create_file_with_runtime_dependencies(/home/subin/subin_ws/ADS_Mission_Normal/install/mission_manager/share/colcon-core/packages/mission_manager)
[1.449s] Level 1:colcon.colcon_core.environment:create_environment_scripts_only(mission_manager)
[1.449s] Level 1:colcon.colcon_core.environment:checking '/home/subin/subin_ws/ADS_Mission_Normal/install/mission_manager' for CMake module files
[1.449s] Level 1:colcon.colcon_core.environment:checking '/home/subin/subin_ws/ADS_Mission_Normal/install/mission_manager' for CMake config files
[1.449s] Level 1:colcon.colcon_core.shell:create_environment_hook('mission_manager', 'cmake_prefix_path')
[1.450s] INFO:colcon.colcon_core.shell:Creating environment hook '/home/subin/subin_ws/ADS_Mission_Normal/install/mission_manager/share/mission_manager/hook/cmake_prefix_path.ps1'
[1.450s] INFO:colcon.colcon_core.shell:Creating environment descriptor '/home/subin/subin_ws/ADS_Mission_Normal/install/mission_manager/share/mission_manager/hook/cmake_prefix_path.dsv'
[1.450s] INFO:colcon.colcon_core.shell:Creating environment hook '/home/subin/subin_ws/ADS_Mission_Normal/install/mission_manager/share/mission_manager/hook/cmake_prefix_path.sh'
[1.451s] Level 1:colcon.colcon_core.environment:checking '/home/subin/subin_ws/ADS_Mission_Normal/install/mission_manager/lib'
[1.451s] Level 1:colcon.colcon_core.environment:checking '/home/subin/subin_ws/ADS_Mission_Normal/install/mission_manager/bin'
[1.451s] Level 1:colcon.colcon_core.environment:checking '/home/subin/subin_ws/ADS_Mission_Normal/install/mission_manager/lib/pkgconfig/mission_manager.pc'
[1.451s] Level 1:colcon.colcon_core.environment:checking '/home/subin/subin_ws/ADS_Mission_Normal/install/mission_manager/lib/python3.10/site-packages'
[1.451s] Level 1:colcon.colcon_core.environment:checking '/home/subin/subin_ws/ADS_Mission_Normal/install/mission_manager/bin'
[1.452s] INFO:colcon.colcon_core.shell:Creating package script '/home/subin/subin_ws/ADS_Mission_Normal/install/mission_manager/share/mission_manager/package.ps1'
[1.453s] INFO:colcon.colcon_core.shell:Creating package descriptor '/home/subin/subin_ws/ADS_Mission_Normal/install/mission_manager/share/mission_manager/package.dsv'
[1.453s] INFO:colcon.colcon_core.shell:Creating package script '/home/subin/subin_ws/ADS_Mission_Normal/install/mission_manager/share/mission_manager/package.sh'
[1.454s] INFO:colcon.colcon_core.shell:Creating package script '/home/subin/subin_ws/ADS_Mission_Normal/install/mission_manager/share/mission_manager/package.bash'
[1.454s] INFO:colcon.colcon_core.shell:Creating package script '/home/subin/subin_ws/ADS_Mission_Normal/install/mission_manager/share/mission_manager/package.zsh'
[1.455s] Level 1:colcon.colcon_core.environment:create_file_with_runtime_dependencies(/home/subin/subin_ws/ADS_Mission_Normal/install/mission_manager/share/colcon-core/packages/mission_manager)
[1.455s] Level 1:colcon.colcon_core.environment:create_environment_scripts_only(evaluation)
[1.456s] Level 1:colcon.colcon_core.environment:checking '/home/subin/subin_ws/ADS_Mission_Normal/install/evaluation' for CMake module files
[1.457s] DEBUG:colcon.colcon_core.event_handler.log_command:Invoked command in '/home/subin/subin_ws/ADS_Mission_Normal/build/evaluation' returned '0': CMAKE_PREFIX_PATH=/home/subin/subin_ws/ADS_Mission_Normal/install/ad_msgs:/home/subin/subin_ws/ADS_Mission_Basic/install/simulator:/home/subin/subin_ws/ADS_Mission_Basic/install/mission_manager:/home/subin/subin_ws/ADS_Mission_Basic/install/evaluation:/home/subin/subin_ws/ADS_Mission_Basic/install/autonomous_driving:/home/subin/subin_ws/ADS_Mission_Basic/install/ad_msgs:/home/subin/subin_ws/Autonomous_Driving_Software_Final/install/simulator:/home/subin/subin_ws/Autonomous_Driving_Software_Final/install/mission_manager:/home/subin/subin_ws/Autonomous_Driving_Software_Final/install/evaluation:/home/subin/subin_ws/Autonomous_Driving_Software_Final/install/autonomous_driving:/home/subin/subin_ws/Autonomous_Driving_Software_Final/install/ad_msgs:/home/subin/subin_ws/ADS_Mission_Hard/install/simulator:/home/subin/subin_ws/ADS_Mission_Hard/install/mission_manager:/home/subin/subin_ws/ADS_Mission_Hard/install/evaluation:/home/subin/subin_ws/ADS_Mission_Hard/install/autonomous_driving:/home/subin/subin_ws/ADS_Mission_Hard/install/ad_msgs:/home/subin/subin_ws/ADS_Mission_Normal/install/simulator:/home/subin/subin_ws/ADS_Mission_Normal/install/mission_manager:/home/subin/subin_ws/ADS_Mission_Normal/install/evaluation:/home/subin/subin_ws/ADS_Mission_Normal/install/autonomous_driving:/home/subin/subin_ws/ADS_Final_MissionHard/install/simulator:/home/subin/subin_ws/ADS_Final_MissionHard/install/mission_manager:/home/subin/subin_ws/ADS_Final_MissionHard/install/evaluation:/home/subin/subin_ws/ADS_Final_MissionHard/install/autonomous_driving:/home/subin/subin_ws/ADS_Final_MissionHard/install/ad_msgs:/opt/ros/humble LD_LIBRARY_PATH=/home/subin/subin_ws/ADS_Mission_Normal/install/ad_msgs/lib:/home/subin/subin_ws/ADS_Mission_Basic/install/ad_msgs/lib:/home/subin/subin_ws/Autonomous_Driving_Software_Final/install/ad_msgs/lib:/home/subin/subin_ws/ADS_Mission_Hard/install/ad_msgs/lib:/home/subin/subin_ws/ADS_Final_MissionHard/install/ad_msgs/lib:/opt/ros/humble/opt/rviz_ogre_vendor/lib:/opt/ros/humble/lib/x86_64-linux-gnu:/opt/ros/humble/lib /usr/bin/cmake --install /home/subin/subin_ws/ADS_Mission_Normal/build/evaluation
[1.457s] Level 1:colcon.colcon_core.environment:checking '/home/subin/subin_ws/ADS_Mission_Normal/install/evaluation' for CMake config files
[1.458s] Level 1:colcon.colcon_core.shell:create_environment_hook('evaluation', 'cmake_prefix_path')
[1.458s] INFO:colcon.colcon_core.shell:Creating environment hook '/home/subin/subin_ws/ADS_Mission_Normal/install/evaluation/share/evaluation/hook/cmake_prefix_path.ps1'
[1.458s] INFO:colcon.colcon_core.shell:Creating environment descriptor '/home/subin/subin_ws/ADS_Mission_Normal/install/evaluation/share/evaluation/hook/cmake_prefix_path.dsv'
[1.458s] INFO:colcon.colcon_core.shell:Creating environment hook '/home/subin/subin_ws/ADS_Mission_Normal/install/evaluation/share/evaluation/hook/cmake_prefix_path.sh'
[1.459s] Level 1:colcon.colcon_core.environment:checking '/home/subin/subin_ws/ADS_Mission_Normal/install/evaluation/lib'
[1.459s] Level 1:colcon.colcon_core.environment:checking '/home/subin/subin_ws/ADS_Mission_Normal/install/evaluation/bin'
[1.459s] Level 1:colcon.colcon_core.environment:checking '/home/subin/subin_ws/ADS_Mission_Normal/install/evaluation/lib/pkgconfig/evaluation.pc'
[1.459s] Level 1:colcon.colcon_core.environment:checking '/home/subin/subin_ws/ADS_Mission_Normal/install/evaluation/lib/python3.10/site-packages'
[1.459s] Level 1:colcon.colcon_core.environment:checking '/home/subin/subin_ws/ADS_Mission_Normal/install/evaluation/bin'
[1.460s] INFO:colcon.colcon_core.shell:Creating package script '/home/subin/subin_ws/ADS_Mission_Normal/install/evaluation/share/evaluation/package.ps1'
[1.460s] INFO:colcon.colcon_core.shell:Creating package descriptor '/home/subin/subin_ws/ADS_Mission_Normal/install/evaluation/share/evaluation/package.dsv'
[1.460s] INFO:colcon.colcon_core.shell:Creating package script '/home/subin/subin_ws/ADS_Mission_Normal/install/evaluation/share/evaluation/package.sh'
[1.460s] INFO:colcon.colcon_core.shell:Creating package script '/home/subin/subin_ws/ADS_Mission_Normal/install/evaluation/share/evaluation/package.bash'
[1.461s] INFO:colcon.colcon_core.shell:Creating package script '/home/subin/subin_ws/ADS_Mission_Normal/install/evaluation/share/evaluation/package.zsh'
[1.461s] Level 1:colcon.colcon_core.environment:create_file_with_runtime_dependencies(/home/subin/subin_ws/ADS_Mission_Normal/install/evaluation/share/colcon-core/packages/evaluation)
[1.461s] Level 1:colcon.colcon_core.environment:create_environment_scripts_only(evaluation)
[1.461s] Level 1:colcon.colcon_core.environment:checking '/home/subin/subin_ws/ADS_Mission_Normal/install/evaluation' for CMake module files
[1.462s] Level 1:colcon.colcon_core.environment:checking '/home/subin/subin_ws/ADS_Mission_Normal/install/evaluation' for CMake config files
[1.462s] Level 1:colcon.colcon_core.shell:create_environment_hook('evaluation', 'cmake_prefix_path')
[1.462s] INFO:colcon.colcon_core.shell:Creating environment hook '/home/subin/subin_ws/ADS_Mission_Normal/install/evaluation/share/evaluation/hook/cmake_prefix_path.ps1'
[1.462s] INFO:colcon.colcon_core.shell:Creating environment descriptor '/home/subin/subin_ws/ADS_Mission_Normal/install/evaluation/share/evaluation/hook/cmake_prefix_path.dsv'
[1.462s] INFO:colcon.colcon_core.shell:Creating environment hook '/home/subin/subin_ws/ADS_Mission_Normal/install/evaluation/share/evaluation/hook/cmake_prefix_path.sh'
[1.463s] Level 1:colcon.colcon_core.environment:checking '/home/subin/subin_ws/ADS_Mission_Normal/install/evaluation/lib'
[1.463s] Level 1:colcon.colcon_core.environment:checking '/home/subin/subin_ws/ADS_Mission_Normal/install/evaluation/bin'
[1.463s] Level 1:colcon.colcon_core.environment:checking '/home/subin/subin_ws/ADS_Mission_Normal/install/evaluation/lib/pkgconfig/evaluation.pc'
[1.464s] Level 1:colcon.colcon_core.environment:checking '/home/subin/subin_ws/ADS_Mission_Normal/install/evaluation/lib/python3.10/site-packages'
[1.464s] Level 1:colcon.colcon_core.environment:checking '/home/subin/subin_ws/ADS_Mission_Normal/install/evaluation/bin'
[1.464s] INFO:colcon.colcon_core.shell:Creating package script '/home/subin/subin_ws/ADS_Mission_Normal/install/evaluation/share/evaluation/package.ps1'
[1.465s] INFO:colcon.colcon_core.shell:Creating package descriptor '/home/subin/subin_ws/ADS_Mission_Normal/install/evaluation/share/evaluation/package.dsv'
[1.465s] INFO:colcon.colcon_core.shell:Creating package script '/home/subin/subin_ws/ADS_Mission_Normal/install/evaluation/share/evaluation/package.sh'
[1.466s] INFO:colcon.colcon_core.shell:Creating package script '/home/subin/subin_ws/ADS_Mission_Normal/install/evaluation/share/evaluation/package.bash'
[1.466s] INFO:colcon.colcon_core.shell:Creating package script '/home/subin/subin_ws/ADS_Mission_Normal/install/evaluation/share/evaluation/package.zsh'
[1.466s] Level 1:colcon.colcon_core.environment:create_file_with_runtime_dependencies(/home/subin/subin_ws/ADS_Mission_Normal/install/evaluation/share/colcon-core/packages/evaluation)
[1.469s] DEBUG:colcon.colcon_core.event_handler.log_command:Invoked command in '/home/subin/subin_ws/ADS_Mission_Normal/build/simulator' returned '0': CMAKE_PREFIX_PATH=/home/subin/subin_ws/ADS_Mission_Normal/install/ad_msgs:/home/subin/subin_ws/ADS_Mission_Basic/install/simulator:/home/subin/subin_ws/ADS_Mission_Basic/install/mission_manager:/home/subin/subin_ws/ADS_Mission_Basic/install/evaluation:/home/subin/subin_ws/ADS_Mission_Basic/install/autonomous_driving:/home/subin/subin_ws/ADS_Mission_Basic/install/ad_msgs:/home/subin/subin_ws/Autonomous_Driving_Software_Final/install/simulator:/home/subin/subin_ws/Autonomous_Driving_Software_Final/install/mission_manager:/home/subin/subin_ws/Autonomous_Driving_Software_Final/install/evaluation:/home/subin/subin_ws/Autonomous_Driving_Software_Final/install/autonomous_driving:/home/subin/subin_ws/Autonomous_Driving_Software_Final/install/ad_msgs:/home/subin/subin_ws/ADS_Mission_Hard/install/simulator:/home/subin/subin_ws/ADS_Mission_Hard/install/mission_manager:/home/subin/subin_ws/ADS_Mission_Hard/install/evaluation:/home/subin/subin_ws/ADS_Mission_Hard/install/autonomous_driving:/home/subin/subin_ws/ADS_Mission_Hard/install/ad_msgs:/home/subin/subin_ws/ADS_Mission_Normal/install/simulator:/home/subin/subin_ws/ADS_Mission_Normal/install/mission_manager:/home/subin/subin_ws/ADS_Mission_Normal/install/evaluation:/home/subin/subin_ws/ADS_Mission_Normal/install/autonomous_driving:/home/subin/subin_ws/ADS_Final_MissionHard/install/simulator:/home/subin/subin_ws/ADS_Final_MissionHard/install/mission_manager:/home/subin/subin_ws/ADS_Final_MissionHard/install/evaluation:/home/subin/subin_ws/ADS_Final_MissionHard/install/autonomous_driving:/home/subin/subin_ws/ADS_Final_MissionHard/install/ad_msgs:/opt/ros/humble LD_LIBRARY_PATH=/home/subin/subin_ws/ADS_Mission_Normal/install/ad_msgs/lib:/home/subin/subin_ws/ADS_Mission_Basic/install/ad_msgs/lib:/home/subin/subin_ws/Autonomous_Driving_Software_Final/install/ad_msgs/lib:/home/subin/subin_ws/ADS_Mission_Hard/install/ad_msgs/lib:/home/subin/subin_ws/ADS_Final_MissionHard/install/ad_msgs/lib:/opt/ros/humble/opt/rviz_ogre_vendor/lib:/opt/ros/humble/lib/x86_64-linux-gnu:/opt/ros/humble/lib /usr/bin/cmake --build /home/subin/subin_ws/ADS_Mission_Normal/build/simulator -- -j22 -l22
[1.472s] DEBUG:colcon.colcon_core.event_handler.log_command:Invoking command in '/home/subin/subin_ws/ADS_Mission_Normal/build/simulator': CMAKE_PREFIX_PATH=/home/subin/subin_ws/ADS_Mission_Normal/install/ad_msgs:/home/subin/subin_ws/ADS_Mission_Basic/install/simulator:/home/subin/subin_ws/ADS_Mission_Basic/install/mission_manager:/home/subin/subin_ws/ADS_Mission_Basic/install/evaluation:/home/subin/subin_ws/ADS_Mission_Basic/install/autonomous_driving:/home/subin/subin_ws/ADS_Mission_Basic/install/ad_msgs:/home/subin/subin_ws/Autonomous_Driving_Software_Final/install/simulator:/home/subin/subin_ws/Autonomous_Driving_Software_Final/install/mission_manager:/home/subin/subin_ws/Autonomous_Driving_Software_Final/install/evaluation:/home/subin/subin_ws/Autonomous_Driving_Software_Final/install/autonomous_driving:/home/subin/subin_ws/Autonomous_Driving_Software_Final/install/ad_msgs:/home/subin/subin_ws/ADS_Mission_Hard/install/simulator:/home/subin/subin_ws/ADS_Mission_Hard/install/mission_manager:/home/subin/subin_ws/ADS_Mission_Hard/install/evaluation:/home/subin/subin_ws/ADS_Mission_Hard/install/autonomous_driving:/home/subin/subin_ws/ADS_Mission_Hard/install/ad_msgs:/home/subin/subin_ws/ADS_Mission_Normal/install/simulator:/home/subin/subin_ws/ADS_Mission_Normal/install/mission_manager:/home/subin/subin_ws/ADS_Mission_Normal/install/evaluation:/home/subin/subin_ws/ADS_Mission_Normal/install/autonomous_driving:/home/subin/subin_ws/ADS_Final_MissionHard/install/simulator:/home/subin/subin_ws/ADS_Final_MissionHard/install/mission_manager:/home/subin/subin_ws/ADS_Final_MissionHard/install/evaluation:/home/subin/subin_ws/ADS_Final_MissionHard/install/autonomous_driving:/home/subin/subin_ws/ADS_Final_MissionHard/install/ad_msgs:/opt/ros/humble LD_LIBRARY_PATH=/home/subin/subin_ws/ADS_Mission_Normal/install/ad_msgs/lib:/home/subin/subin_ws/ADS_Mission_Basic/install/ad_msgs/lib:/home/subin/subin_ws/Autonomous_Driving_Software_Final/install/ad_msgs/lib:/home/subin/subin_ws/ADS_Mission_Hard/install/ad_msgs/lib:/home/subin/subin_ws/ADS_Final_MissionHard/install/ad_msgs/lib:/opt/ros/humble/opt/rviz_ogre_vendor/lib:/opt/ros/humble/lib/x86_64-linux-gnu:/opt/ros/humble/lib /usr/bin/cmake --install /home/subin/subin_ws/ADS_Mission_Normal/build/simulator
[1.486s] Level 1:colcon.colcon_core.environment:create_environment_scripts_only(simulator)
[1.486s] DEBUG:colcon.colcon_core.event_handler.log_command:Invoked command in '/home/subin/subin_ws/ADS_Mission_Normal/build/simulator' returned '0': CMAKE_PREFIX_PATH=/home/subin/subin_ws/ADS_Mission_Normal/install/ad_msgs:/home/subin/subin_ws/ADS_Mission_Basic/install/simulator:/home/subin/subin_ws/ADS_Mission_Basic/install/mission_manager:/home/subin/subin_ws/ADS_Mission_Basic/install/evaluation:/home/subin/subin_ws/ADS_Mission_Basic/install/autonomous_driving:/home/subin/subin_ws/ADS_Mission_Basic/install/ad_msgs:/home/subin/subin_ws/Autonomous_Driving_Software_Final/install/simulator:/home/subin/subin_ws/Autonomous_Driving_Software_Final/install/mission_manager:/home/subin/subin_ws/Autonomous_Driving_Software_Final/install/evaluation:/home/subin/subin_ws/Autonomous_Driving_Software_Final/install/autonomous_driving:/home/subin/subin_ws/Autonomous_Driving_Software_Final/install/ad_msgs:/home/subin/subin_ws/ADS_Mission_Hard/install/simulator:/home/subin/subin_ws/ADS_Mission_Hard/install/mission_manager:/home/subin/subin_ws/ADS_Mission_Hard/install/evaluation:/home/subin/subin_ws/ADS_Mission_Hard/install/autonomous_driving:/home/subin/subin_ws/ADS_Mission_Hard/install/ad_msgs:/home/subin/subin_ws/ADS_Mission_Normal/install/simulator:/home/subin/subin_ws/ADS_Mission_Normal/install/mission_manager:/home/subin/subin_ws/ADS_Mission_Normal/install/evaluation:/home/subin/subin_ws/ADS_Mission_Normal/install/autonomous_driving:/home/subin/subin_ws/ADS_Final_MissionHard/install/simulator:/home/subin/subin_ws/ADS_Final_MissionHard/install/mission_manager:/home/subin/subin_ws/ADS_Final_MissionHard/install/evaluation:/home/subin/subin_ws/ADS_Final_MissionHard/install/autonomous_driving:/home/subin/subin_ws/ADS_Final_MissionHard/install/ad_msgs:/opt/ros/humble LD_LIBRARY_PATH=/home/subin/subin_ws/ADS_Mission_Normal/install/ad_msgs/lib:/home/subin/subin_ws/ADS_Mission_Basic/install/ad_msgs/lib:/home/subin/subin_ws/Autonomous_Driving_Software_Final/install/ad_msgs/lib:/home/subin/subin_ws/ADS_Mission_Hard/install/ad_msgs/lib:/home/subin/subin_ws/ADS_Final_MissionHard/install/ad_msgs/lib:/opt/ros/humble/opt/rviz_ogre_vendor/lib:/opt/ros/humble/lib/x86_64-linux-gnu:/opt/ros/humble/lib /usr/bin/cmake --install /home/subin/subin_ws/ADS_Mission_Normal/build/simulator
[1.487s] Level 1:colcon.colcon_core.environment:checking '/home/subin/subin_ws/ADS_Mission_Normal/install/simulator' for CMake module files
[1.488s] Level 1:colcon.colcon_core.environment:checking '/home/subin/subin_ws/ADS_Mission_Normal/install/simulator' for CMake config files
[1.491s] Level 1:colcon.colcon_core.shell:create_environment_hook('simulator', 'cmake_prefix_path')
[1.491s] INFO:colcon.colcon_core.shell:Creating environment hook '/home/subin/subin_ws/ADS_Mission_Normal/install/simulator/share/simulator/hook/cmake_prefix_path.ps1'
[1.492s] INFO:colcon.colcon_core.shell:Creating environment descriptor '/home/subin/subin_ws/ADS_Mission_Normal/install/simulator/share/simulator/hook/cmake_prefix_path.dsv'
[1.492s] INFO:colcon.colcon_core.shell:Creating environment hook '/home/subin/subin_ws/ADS_Mission_Normal/install/simulator/share/simulator/hook/cmake_prefix_path.sh'
[1.493s] Level 1:colcon.colcon_core.environment:checking '/home/subin/subin_ws/ADS_Mission_Normal/install/simulator/lib'
[1.493s] Level 1:colcon.colcon_core.environment:checking '/home/subin/subin_ws/ADS_Mission_Normal/install/simulator/bin'
[1.493s] Level 1:colcon.colcon_core.environment:checking '/home/subin/subin_ws/ADS_Mission_Normal/install/simulator/lib/pkgconfig/simulator.pc'
[1.493s] Level 1:colcon.colcon_core.environment:checking '/home/subin/subin_ws/ADS_Mission_Normal/install/simulator/lib/python3.10/site-packages'
[1.493s] Level 1:colcon.colcon_core.environment:checking '/home/subin/subin_ws/ADS_Mission_Normal/install/simulator/bin'
[1.493s] INFO:colcon.colcon_core.shell:Creating package script '/home/subin/subin_ws/ADS_Mission_Normal/install/simulator/share/simulator/package.ps1'
[1.494s] INFO:colcon.colcon_core.shell:Creating package descriptor '/home/subin/subin_ws/ADS_Mission_Normal/install/simulator/share/simulator/package.dsv'
[1.494s] INFO:colcon.colcon_core.shell:Creating package script '/home/subin/subin_ws/ADS_Mission_Normal/install/simulator/share/simulator/package.sh'
[1.494s] INFO:colcon.colcon_core.shell:Creating package script '/home/subin/subin_ws/ADS_Mission_Normal/install/simulator/share/simulator/package.bash'
[1.494s] INFO:colcon.colcon_core.shell:Creating package script '/home/subin/subin_ws/ADS_Mission_Normal/install/simulator/share/simulator/package.zsh'
[1.495s] Level 1:colcon.colcon_core.environment:create_file_with_runtime_dependencies(/home/subin/subin_ws/ADS_Mission_Normal/install/simulator/share/colcon-core/packages/simulator)
[1.495s] Level 1:colcon.colcon_core.environment:create_environment_scripts_only(simulator)
[1.495s] Level 1:colcon.colcon_core.environment:checking '/home/subin/subin_ws/ADS_Mission_Normal/install/simulator' for CMake module files
[1.495s] Level 1:colcon.colcon_core.environment:checking '/home/subin/subin_ws/ADS_Mission_Normal/install/simulator' for CMake config files
[1.496s] Level 1:colcon.colcon_core.shell:create_environment_hook('simulator', 'cmake_prefix_path')
[1.496s] INFO:colcon.colcon_core.shell:Creating environment hook '/home/subin/subin_ws/ADS_Mission_Normal/install/simulator/share/simulator/hook/cmake_prefix_path.ps1'
[1.496s] INFO:colcon.colcon_core.shell:Creating environment descriptor '/home/subin/subin_ws/ADS_Mission_Normal/install/simulator/share/simulator/hook/cmake_prefix_path.dsv'
[1.496s] INFO:colcon.colcon_core.shell:Creating environment hook '/home/subin/subin_ws/ADS_Mission_Normal/install/simulator/share/simulator/hook/cmake_prefix_path.sh'
[1.496s] Level 1:colcon.colcon_core.environment:checking '/home/subin/subin_ws/ADS_Mission_Normal/install/simulator/lib'
[1.497s] Level 1:colcon.colcon_core.environment:checking '/home/subin/subin_ws/ADS_Mission_Normal/install/simulator/bin'
[1.497s] Level 1:colcon.colcon_core.environment:checking '/home/subin/subin_ws/ADS_Mission_Normal/install/simulator/lib/pkgconfig/simulator.pc'
[1.497s] Level 1:colcon.colcon_core.environment:checking '/home/subin/subin_ws/ADS_Mission_Normal/install/simulator/lib/python3.10/site-packages'
[1.497s] Level 1:colcon.colcon_core.environment:checking '/home/subin/subin_ws/ADS_Mission_Normal/install/simulator/bin'
[1.497s] INFO:colcon.colcon_core.shell:Creating package script '/home/subin/subin_ws/ADS_Mission_Normal/install/simulator/share/simulator/package.ps1'
[1.497s] INFO:colcon.colcon_core.shell:Creating package descriptor '/home/subin/subin_ws/ADS_Mission_Normal/install/simulator/share/simulator/package.dsv'
[1.498s] INFO:colcon.colcon_core.shell:Creating package script '/home/subin/subin_ws/ADS_Mission_Normal/install/simulator/share/simulator/package.sh'
[1.498s] INFO:colcon.colcon_core.shell:Creating package script '/home/subin/subin_ws/ADS_Mission_Normal/install/simulator/share/simulator/package.bash'
[1.498s] INFO:colcon.colcon_core.shell:Creating package script '/home/subin/subin_ws/ADS_Mission_Normal/install/simulator/share/simulator/package.zsh'
[1.498s] Level 1:colcon.colcon_core.environment:create_file_with_runtime_dependencies(/home/subin/subin_ws/ADS_Mission_Normal/install/simulator/share/colcon-core/packages/simulator)
[34.411s] DEBUG:colcon.colcon_core.event_handler.log_command:Invoked command in '/home/subin/subin_ws/ADS_Mission_Normal/build/autonomous_driving' returned '0': CMAKE_PREFIX_PATH=/home/subin/subin_ws/ADS_Mission_Normal/install/ad_msgs:/home/subin/subin_ws/ADS_Mission_Basic/install/simulator:/home/subin/subin_ws/ADS_Mission_Basic/install/mission_manager:/home/subin/subin_ws/ADS_Mission_Basic/install/evaluation:/home/subin/subin_ws/ADS_Mission_Basic/install/autonomous_driving:/home/subin/subin_ws/ADS_Mission_Basic/install/ad_msgs:/home/subin/subin_ws/Autonomous_Driving_Software_Final/install/simulator:/home/subin/subin_ws/Autonomous_Driving_Software_Final/install/mission_manager:/home/subin/subin_ws/Autonomous_Driving_Software_Final/install/evaluation:/home/subin/subin_ws/Autonomous_Driving_Software_Final/install/autonomous_driving:/home/subin/subin_ws/Autonomous_Driving_Software_Final/install/ad_msgs:/home/subin/subin_ws/ADS_Mission_Hard/install/simulator:/home/subin/subin_ws/ADS_Mission_Hard/install/mission_manager:/home/subin/subin_ws/ADS_Mission_Hard/install/evaluation:/home/subin/subin_ws/ADS_Mission_Hard/install/autonomous_driving:/home/subin/subin_ws/ADS_Mission_Hard/install/ad_msgs:/home/subin/subin_ws/ADS_Mission_Normal/install/simulator:/home/subin/subin_ws/ADS_Mission_Normal/install/mission_manager:/home/subin/subin_ws/ADS_Mission_Normal/install/evaluation:/home/subin/subin_ws/ADS_Mission_Normal/install/autonomous_driving:/home/subin/subin_ws/ADS_Final_MissionHard/install/simulator:/home/subin/subin_ws/ADS_Final_MissionHard/install/mission_manager:/home/subin/subin_ws/ADS_Final_MissionHard/install/evaluation:/home/subin/subin_ws/ADS_Final_MissionHard/install/autonomous_driving:/home/subin/subin_ws/ADS_Final_MissionHard/install/ad_msgs:/opt/ros/humble LD_LIBRARY_PATH=/home/subin/subin_ws/ADS_Mission_Normal/install/ad_msgs/lib:/home/subin/subin_ws/ADS_Mission_Basic/install/ad_msgs/lib:/home/subin/subin_ws/Autonomous_Driving_Software_Final/install/ad_msgs/lib:/home/subin/subin_ws/ADS_Mission_Hard/install/ad_msgs/lib:/home/subin/subin_ws/ADS_Final_MissionHard/install/ad_msgs/lib:/opt/ros/humble/opt/rviz_ogre_vendor/lib:/opt/ros/humble/lib/x86_64-linux-gnu:/opt/ros/humble/lib /usr/bin/cmake --build /home/subin/subin_ws/ADS_Mission_Normal/build/autonomous_driving -- -j22 -l22
[34.416s] DEBUG:colcon.colcon_core.event_handler.log_command:Invoking command in '/home/subin/subin_ws/ADS_Mission_Normal/build/autonomous_driving': CMAKE_PREFIX_PATH=/home/subin/subin_ws/ADS_Mission_Normal/install/ad_msgs:/home/subin/subin_ws/ADS_Mission_Basic/install/simulator:/home/subin/subin_ws/ADS_Mission_Basic/install/mission_manager:/home/subin/subin_ws/ADS_Mission_Basic/install/evaluation:/home/subin/subin_ws/ADS_Mission_Basic/install/autonomous_driving:/home/subin/subin_ws/ADS_Mission_Basic/install/ad_msgs:/home/subin/subin_ws/Autonomous_Driving_Software_Final/install/simulator:/home/subin/subin_ws/Autonomous_Driving_Software_Final/install/mission_manager:/home/subin/subin_ws/Autonomous_Driving_Software_Final/install/evaluation:/home/subin/subin_ws/Autonomous_Driving_Software_Final/install/autonomous_driving:/home/subin/subin_ws/Autonomous_Driving_Software_Final/install/ad_msgs:/home/subin/subin_ws/ADS_Mission_Hard/install/simulator:/home/subin/subin_ws/ADS_Mission_Hard/install/mission_manager:/home/subin/subin_ws/ADS_Mission_Hard/install/evaluation:/home/subin/subin_ws/ADS_Mission_Hard/install/autonomous_driving:/home/subin/subin_ws/ADS_Mission_Hard/install/ad_msgs:/home/subin/subin_ws/ADS_Mission_Normal/install/simulator:/home/subin/subin_ws/ADS_Mission_Normal/install/mission_manager:/home/subin/subin_ws/ADS_Mission_Normal/install/evaluation:/home/subin/subin_ws/ADS_Mission_Normal/install/autonomous_driving:/home/subin/subin_ws/ADS_Final_MissionHard/install/simulator:/home/subin/subin_ws/ADS_Final_MissionHard/install/mission_manager:/home/subin/subin_ws/ADS_Final_MissionHard/install/evaluation:/home/subin/subin_ws/ADS_Final_MissionHard/install/autonomous_driving:/home/subin/subin_ws/ADS_Final_MissionHard/install/ad_msgs:/opt/ros/humble LD_LIBRARY_PATH=/home/subin/subin_ws/ADS_Mission_Normal/install/ad_msgs/lib:/home/subin/subin_ws/ADS_Mission_Basic/install/ad_msgs/lib:/home/subin/subin_ws/Autonomous_Driving_Software_Final/install/ad_msgs/lib:/home/subin/subin_ws/ADS_Mission_Hard/install/ad_msgs/lib:/home/subin/subin_ws/ADS_Final_MissionHard/install/ad_msgs/lib:/opt/ros/humble/opt/rviz_ogre_vendor/lib:/opt/ros/humble/lib/x86_64-linux-gnu:/opt/ros/humble/lib /usr/bin/cmake --install /home/subin/subin_ws/ADS_Mission_Normal/build/autonomous_driving
[34.467s] Level 1:colcon.colcon_core.environment:create_environment_scripts_only(autonomous_driving)
[34.468s] Level 1:colcon.colcon_core.environment:checking '/home/subin/subin_ws/ADS_Mission_Normal/install/autonomous_driving' for CMake module files
[34.469s] DEBUG:colcon.colcon_core.event_handler.log_command:Invoked command in '/home/subin/subin_ws/ADS_Mission_Normal/build/autonomous_driving' returned '0': CMAKE_PREFIX_PATH=/home/subin/subin_ws/ADS_Mission_Normal/install/ad_msgs:/home/subin/subin_ws/ADS_Mission_Basic/install/simulator:/home/subin/subin_ws/ADS_Mission_Basic/install/mission_manager:/home/subin/subin_ws/ADS_Mission_Basic/install/evaluation:/home/subin/subin_ws/ADS_Mission_Basic/install/autonomous_driving:/home/subin/subin_ws/ADS_Mission_Basic/install/ad_msgs:/home/subin/subin_ws/Autonomous_Driving_Software_Final/install/simulator:/home/subin/subin_ws/Autonomous_Driving_Software_Final/install/mission_manager:/home/subin/subin_ws/Autonomous_Driving_Software_Final/install/evaluation:/home/subin/subin_ws/Autonomous_Driving_Software_Final/install/autonomous_driving:/home/subin/subin_ws/Autonomous_Driving_Software_Final/install/ad_msgs:/home/subin/subin_ws/ADS_Mission_Hard/install/simulator:/home/subin/subin_ws/ADS_Mission_Hard/install/mission_manager:/home/subin/subin_ws/ADS_Mission_Hard/install/evaluation:/home/subin/subin_ws/ADS_Mission_Hard/install/autonomous_driving:/home/subin/subin_ws/ADS_Mission_Hard/install/ad_msgs:/home/subin/subin_ws/ADS_Mission_Normal/install/simulator:/home/subin/subin_ws/ADS_Mission_Normal/install/mission_manager:/home/subin/subin_ws/ADS_Mission_Normal/install/evaluation:/home/subin/subin_ws/ADS_Mission_Normal/install/autonomous_driving:/home/subin/subin_ws/ADS_Final_MissionHard/install/simulator:/home/subin/subin_ws/ADS_Final_MissionHard/install/mission_manager:/home/subin/subin_ws/ADS_Final_MissionHard/install/evaluation:/home/subin/subin_ws/ADS_Final_MissionHard/install/autonomous_driving:/home/subin/subin_ws/ADS_Final_MissionHard/install/ad_msgs:/opt/ros/humble LD_LIBRARY_PATH=/home/subin/subin_ws/ADS_Mission_Normal/install/ad_msgs/lib:/home/subin/subin_ws/ADS_Mission_Basic/install/ad_msgs/lib:/home/subin/subin_ws/Autonomous_Driving_Software_Final/install/ad_msgs/lib:/home/subin/subin_ws/ADS_Mission_Hard/install/ad_msgs/lib:/home/subin/subin_ws/ADS_Final_MissionHard/install/ad_msgs/lib:/opt/ros/humble/opt/rviz_ogre_vendor/lib:/opt/ros/humble/lib/x86_64-linux-gnu:/opt/ros/humble/lib /usr/bin/cmake --install /home/subin/subin_ws/ADS_Mission_Normal/build/autonomous_driving
[34.469s] Level 1:colcon.colcon_core.environment:checking '/home/subin/subin_ws/ADS_Mission_Normal/install/autonomous_driving' for CMake config files
[34.472s] Level 1:colcon.colcon_core.shell:create_environment_hook('autonomous_driving', 'cmake_prefix_path')
[34.472s] INFO:colcon.colcon_core.shell:Creating environment hook '/home/subin/subin_ws/ADS_Mission_Normal/install/autonomous_driving/share/autonomous_driving/hook/cmake_prefix_path.ps1'
[34.472s] INFO:colcon.colcon_core.shell:Creating environment descriptor '/home/subin/subin_ws/ADS_Mission_Normal/install/autonomous_driving/share/autonomous_driving/hook/cmake_prefix_path.dsv'
[34.473s] INFO:colcon.colcon_core.shell:Creating environment hook '/home/subin/subin_ws/ADS_Mission_Normal/install/autonomous_driving/share/autonomous_driving/hook/cmake_prefix_path.sh'
[34.474s] Level 1:colcon.colcon_core.environment:checking '/home/subin/subin_ws/ADS_Mission_Normal/install/autonomous_driving/lib'
[34.474s] Level 1:colcon.colcon_core.environment:checking '/home/subin/subin_ws/ADS_Mission_Normal/install/autonomous_driving/bin'
[34.474s] Level 1:colcon.colcon_core.environment:checking '/home/subin/subin_ws/ADS_Mission_Normal/install/autonomous_driving/lib/pkgconfig/autonomous_driving.pc'
[34.474s] Level 1:colcon.colcon_core.environment:checking '/home/subin/subin_ws/ADS_Mission_Normal/install/autonomous_driving/lib/python3.10/site-packages'
[34.474s] Level 1:colcon.colcon_core.environment:checking '/home/subin/subin_ws/ADS_Mission_Normal/install/autonomous_driving/bin'
[34.474s] INFO:colcon.colcon_core.shell:Creating package script '/home/subin/subin_ws/ADS_Mission_Normal/install/autonomous_driving/share/autonomous_driving/package.ps1'
[34.475s] INFO:colcon.colcon_core.shell:Creating package descriptor '/home/subin/subin_ws/ADS_Mission_Normal/install/autonomous_driving/share/autonomous_driving/package.dsv'
[34.476s] INFO:colcon.colcon_core.shell:Creating package script '/home/subin/subin_ws/ADS_Mission_Normal/install/autonomous_driving/share/autonomous_driving/package.sh'
[34.476s] INFO:colcon.colcon_core.shell:Creating package script '/home/subin/subin_ws/ADS_Mission_Normal/install/autonomous_driving/share/autonomous_driving/package.bash'
[34.477s] INFO:colcon.colcon_core.shell:Creating package script '/home/subin/subin_ws/ADS_Mission_Normal/install/autonomous_driving/share/autonomous_driving/package.zsh'
[34.477s] Level 1:colcon.colcon_core.environment:create_file_with_runtime_dependencies(/home/subin/subin_ws/ADS_Mission_Normal/install/autonomous_driving/share/colcon-core/packages/autonomous_driving)
[34.478s] Level 1:colcon.colcon_core.environment:create_environment_scripts_only(autonomous_driving)
[34.478s] Level 1:colcon.colcon_core.environment:checking '/home/subin/subin_ws/ADS_Mission_Normal/install/autonomous_driving' for CMake module files
[34.479s] Level 1:colcon.colcon_core.environment:checking '/home/subin/subin_ws/ADS_Mission_Normal/install/autonomous_driving' for CMake config files
[34.479s] Level 1:colcon.colcon_core.shell:create_environment_hook('autonomous_driving', 'cmake_prefix_path')
[34.479s] INFO:colcon.colcon_core.shell:Creating environment hook '/home/subin/subin_ws/ADS_Mission_Normal/install/autonomous_driving/share/autonomous_driving/hook/cmake_prefix_path.ps1'
[34.480s] INFO:colcon.colcon_core.shell:Creating environment descriptor '/home/subin/subin_ws/ADS_Mission_Normal/install/autonomous_driving/share/autonomous_driving/hook/cmake_prefix_path.dsv'
[34.481s] INFO:colcon.colcon_core.shell:Creating environment hook '/home/subin/subin_ws/ADS_Mission_Normal/install/autonomous_driving/share/autonomous_driving/hook/cmake_prefix_path.sh'
[34.481s] Level 1:colcon.colcon_core.environment:checking '/home/subin/subin_ws/ADS_Mission_Normal/install/autonomous_driving/lib'
[34.481s] Level 1:colcon.colcon_core.environment:checking '/home/subin/subin_ws/ADS_Mission_Normal/install/autonomous_driving/bin'
[34.482s] Level 1:colcon.colcon_core.environment:checking '/home/subin/subin_ws/ADS_Mission_Normal/install/autonomous_driving/lib/pkgconfig/autonomous_driving.pc'
[34.482s] Level 1:colcon.colcon_core.environment:checking '/home/subin/subin_ws/ADS_Mission_Normal/install/autonomous_driving/lib/python3.10/site-packages'
[34.482s] Level 1:colcon.colcon_core.environment:checking '/home/subin/subin_ws/ADS_Mission_Normal/install/autonomous_driving/bin'
[34.482s] INFO:colcon.colcon_core.shell:Creating package script '/home/subin/subin_ws/ADS_Mission_Normal/install/autonomous_driving/share/autonomous_driving/package.ps1'
[34.483s] INFO:colcon.colcon_core.shell:Creating package descriptor '/home/subin/subin_ws/ADS_Mission_Normal/install/autonomous_driving/share/autonomous_driving/package.dsv'
[34.483s] INFO:colcon.colcon_core.shell:Creating package script '/home/subin/subin_ws/ADS_Mission_Normal/install/autonomous_driving/share/autonomous_driving/package.sh'
[34.484s] INFO:colcon.colcon_core.shell:Creating package script '/home/subin/subin_ws/ADS_Mission_Normal/install/autonomous_driving/share/autonomous_driving/package.bash'
[34.484s] INFO:colcon.colcon_core.shell:Creating package script '/home/subin/subin_ws/ADS_Mission_Normal/install/autonomous_driving/share/autonomous_driving/package.zsh'
[34.484s] Level 1:colcon.colcon_core.environment:create_file_with_runtime_dependencies(/home/subin/subin_ws/ADS_Mission_Normal/install/autonomous_driving/share/colcon-core/packages/autonomous_driving)
[34.485s] DEBUG:colcon.colcon_parallel_executor.executor.parallel:closing loop
[34.486s] DEBUG:colcon.colcon_parallel_executor.executor.parallel:loop closed
[34.486s] DEBUG:colcon.colcon_parallel_executor.executor.parallel:run_until_complete finished with '0'
[34.486s] DEBUG:colcon.colcon_core.event_reactor:joining thread
[34.578s] INFO:colcon.colcon_core.plugin_system:Skipping extension 'colcon_notification.desktop_notification.notify_send': Could not find 'notify-send'
[34.579s] INFO:colcon.colcon_core.plugin_system:Skipping extension 'colcon_notification.desktop_notification.terminal_notifier': Not used on non-Darwin systems
[34.579s] INFO:colcon.colcon_core.plugin_system:Skipping extension 'colcon_notification.desktop_notification.win32': Not used on non-Windows systems
[34.579s] INFO:colcon.colcon_notification.desktop_notification:Sending desktop notification using 'notify2'
[34.579s] DEBUG:colcon.colcon_notification.desktop_notification.notify2:Failed to initialize notify2: org.freedesktop.DBus.Error.FileNotFound: Failed to connect to socket /run/user/1000/bus: No such file or directory
[34.579s] DEBUG:colcon.colcon_core.event_reactor:joined thread
[34.580s] INFO:colcon.colcon_core.shell:Creating prefix script '/home/subin/subin_ws/ADS_Mission_Normal/install/local_setup.ps1'
[34.581s] INFO:colcon.colcon_core.shell:Creating prefix util module '/home/subin/subin_ws/ADS_Mission_Normal/install/_local_setup_util_ps1.py'
[34.583s] INFO:colcon.colcon_core.shell:Creating prefix chain script '/home/subin/subin_ws/ADS_Mission_Normal/install/setup.ps1'
[34.585s] INFO:colcon.colcon_core.shell:Creating prefix script '/home/subin/subin_ws/ADS_Mission_Normal/install/local_setup.sh'
[34.586s] INFO:colcon.colcon_core.shell:Creating prefix util module '/home/subin/subin_ws/ADS_Mission_Normal/install/_local_setup_util_sh.py'
[34.586s] INFO:colcon.colcon_core.shell:Creating prefix chain script '/home/subin/subin_ws/ADS_Mission_Normal/install/setup.sh'
[34.588s] INFO:colcon.colcon_core.shell:Creating prefix script '/home/subin/subin_ws/ADS_Mission_Normal/install/local_setup.bash'
[34.589s] INFO:colcon.colcon_core.shell:Creating prefix chain script '/home/subin/subin_ws/ADS_Mission_Normal/install/setup.bash'
[34.590s] INFO:colcon.colcon_core.shell:Creating prefix script '/home/subin/subin_ws/ADS_Mission_Normal/install/local_setup.zsh'
[34.591s] INFO:colcon.colcon_core.shell:Creating prefix chain script '/home/subin/subin_ws/ADS_Mission_Normal/install/setup.zsh'
